"	瘤痢锅龋",瘤痢疙,老矫,碍荐樊(mm),1矫埃弥促碍荐樊(mm),1矫埃弥促碍荐樊矫阿
"	156",堡林,2016-01-01,,,
"	156",堡林,2016-01-02,,,
"	156",堡林,2016-01-03,,,
"	156",堡林,2016-01-04,,,
"	156",堡林,2016-01-05,,,
"	156",堡林,2016-01-06,,,
"	156",堡林,2016-01-07,,,
"	156",堡林,2016-01-08,0.3,,
"	156",堡林,2016-01-09,,,
"	156",堡林,2016-01-10,,,
"	156",堡林,2016-01-11,,,
"	156",堡林,2016-01-12,0,,
"	156",堡林,2016-01-13,2.1,,
"	156",堡林,2016-01-14,0.6,,
"	156",堡林,2016-01-15,,,
"	156",堡林,2016-01-16,,,
"	156",堡林,2016-01-17,6,,
"	156",堡林,2016-01-18,4.1,,
"	156",堡林,2016-01-19,4.3,,
"	156",堡林,2016-01-20,0,,
"	156",堡林,2016-01-21,,,
"	156",堡林,2016-01-22,,,
"	156",堡林,2016-01-23,4.2,,
"	156",堡林,2016-01-24,6.5,,
"	156",堡林,2016-01-25,0.2,,
"	156",堡林,2016-01-26,0,,
"	156",堡林,2016-01-27,,,
"	156",堡林,2016-01-28,11.5,,
"	156",堡林,2016-01-29,9.9,,
"	156",堡林,2016-01-30,,,
"	156",堡林,2016-01-31,,,
"	156",堡林,2016-02-01,,,
"	156",堡林,2016-02-02,,,
"	156",堡林,2016-02-03,,,
"	156",堡林,2016-02-04,,,
"	156",堡林,2016-02-05,,,
"	156",堡林,2016-02-06,0,,
"	156",堡林,2016-02-07,,,
"	156",堡林,2016-02-08,,,
"	156",堡林,2016-02-09,,,
"	156",堡林,2016-02-10,,,
"	156",堡林,2016-02-11,0,,
"	156",堡林,2016-02-12,23.3,,
"	156",堡林,2016-02-13,9.9,,
"	156",堡林,2016-02-14,0.5,,
"	156",堡林,2016-02-15,4.2,,
"	156",堡林,2016-02-16,0.5,,
"	156",堡林,2016-02-17,0,,
"	156",堡林,2016-02-18,,,
"	156",堡林,2016-02-19,,,
"	156",堡林,2016-02-20,,,
"	156",堡林,2016-02-21,,,
"	156",堡林,2016-02-22,,,
"	156",堡林,2016-02-23,0,,
"	156",堡林,2016-02-24,0,,
"	156",堡林,2016-02-25,0,,
"	156",堡林,2016-02-26,0.2,,
"	156",堡林,2016-02-27,0,,
"	156",堡林,2016-02-28,3.8,,
"	156",堡林,2016-02-29,2.8,,
"	156",堡林,2016-03-01,,,
"	156",堡林,2016-03-02,,,
"	156",堡林,2016-03-03,,,
"	156",堡林,2016-03-04,18,,
"	156",堡林,2016-03-05,22.2,,
"	156",堡林,2016-03-06,0.1,,
"	156",堡林,2016-03-07,0,,
"	156",堡林,2016-03-08,5.2,,
"	156",堡林,2016-03-09,0,,
"	156",堡林,2016-03-10,,,
"	156",堡林,2016-03-11,0,,
"	156",堡林,2016-03-12,,,
"	156",堡林,2016-03-13,0,,
"	156",堡林,2016-03-14,,,
"	156",堡林,2016-03-15,,,
"	156",堡林,2016-03-16,,,
"	156",堡林,2016-03-17,0,,
"	156",堡林,2016-03-18,9.7,,
"	156",堡林,2016-03-19,,,
"	156",堡林,2016-03-20,,,
"	156",堡林,2016-03-21,,,
"	156",堡林,2016-03-22,,,
"	156",堡林,2016-03-23,,,
"	156",堡林,2016-03-24,,,
"	156",堡林,2016-03-25,,,
"	156",堡林,2016-03-26,,,
"	156",堡林,2016-03-27,,,
"	156",堡林,2016-03-28,,,
"	156",堡林,2016-03-29,,,
"	156",堡林,2016-03-30,,,
"	156",堡林,2016-03-31,,,
"	156",堡林,2016-04-01,,,
"	156",堡林,2016-04-02,,,
"	156",堡林,2016-04-03,2.6,0.8,16:02
"	156",堡林,2016-04-04,0.8,0.3,1:08
"	156",堡林,2016-04-05,,,
"	156",堡林,2016-04-06,27.8,9.8,19:06
"	156",堡林,2016-04-07,16.3,3.9,3:14
"	156",堡林,2016-04-08,,,
"	156",堡林,2016-04-09,,,
"	156",堡林,2016-04-10,,,
"	156",堡林,2016-04-11,,,
"	156",堡林,2016-04-12,0.1,0.1,
"	156",堡林,2016-04-13,10.2,4.4,7:02
"	156",堡林,2016-04-14,,,
"	156",堡林,2016-04-15,,,
"	156",堡林,2016-04-16,35.1,7.8,16:33
"	156",堡林,2016-04-17,0.9,0.6,0:01
"	156",堡林,2016-04-18,0,0,
"	156",堡林,2016-04-19,,,
"	156",堡林,2016-04-20,0.1,0.1,
"	156",堡林,2016-04-21,27.2,4.1,1:09
"	156",堡林,2016-04-22,,,
"	156",堡林,2016-04-23,,,
"	156",堡林,2016-04-24,,,
"	156",堡林,2016-04-25,,,
"	156",堡林,2016-04-26,11.3,4.9,20:19
"	156",堡林,2016-04-27,43.6,7.1,9:48
"	156",堡林,2016-04-28,9,2.4,3:34
"	156",堡林,2016-04-29,,,
"	156",堡林,2016-04-30,,,
"	156",堡林,2016-05-01,,,
"	156",堡林,2016-05-02,18.2,5.6,21:06
"	156",堡林,2016-05-03,18.6,6.6,3:27
"	156",堡林,2016-05-04,,,
"	156",堡林,2016-05-05,0,0,
"	156",堡林,2016-05-06,0,0,
"	156",堡林,2016-05-07,,,
"	156",堡林,2016-05-08,0,0,
"	156",堡林,2016-05-09,0,0,
"	156",堡林,2016-05-10,24.4,3.6,4:38
"	156",堡林,2016-05-11,0,0,
"	156",堡林,2016-05-12,,,
"	156",堡林,2016-05-13,,,
"	156",堡林,2016-05-14,,,
"	156",堡林,2016-05-15,12.4,6.1,19:56
"	156",堡林,2016-05-16,5.3,2.3,0:59
"	156",堡林,2016-05-17,,,
"	156",堡林,2016-05-18,,,
"	156",堡林,2016-05-19,,,
"	156",堡林,2016-05-20,,,
"	156",堡林,2016-05-21,,,
"	156",堡林,2016-05-22,,,
"	156",堡林,2016-05-23,,,
"	156",堡林,2016-05-24,23.6,6.7,6:42
"	156",堡林,2016-05-25,,,
"	156",堡林,2016-05-26,,,
"	156",堡林,2016-05-27,0,0,
"	156",堡林,2016-05-28,0.4,0.4,3:02
"	156",堡林,2016-05-29,1.6,1.6,5:20
"	156",堡林,2016-05-30,,,
"	156",堡林,2016-05-31,,,
"	156",堡林,2016-06-01,,,
"	156",堡林,2016-06-02,,,
"	156",堡林,2016-06-03,,,
"	156",堡林,2016-06-04,17.7,5.8,11:55
"	156",堡林,2016-06-05,,,
"	156",堡林,2016-06-06,0.4,0.3,20:30
"	156",堡林,2016-06-07,3.7,3.5,5:15
"	156",堡林,2016-06-08,,,
"	156",堡林,2016-06-09,0,0,
"	156",堡林,2016-06-10,,,
"	156",堡林,2016-06-11,,,
"	156",堡林,2016-06-12,0,0,
"	156",堡林,2016-06-13,,,
"	156",堡林,2016-06-14,,,
"	156",堡林,2016-06-15,2,1.1,16:26
"	156",堡林,2016-06-16,0.3,0.2,
"	156",堡林,2016-06-17,,,
"	156",堡林,2016-06-18,0,0,
"	156",堡林,2016-06-19,0.4,0.4,1:39
"	156",堡林,2016-06-20,19.4,6.2,10:09
"	156",堡林,2016-06-21,0,0,
"	156",堡林,2016-06-22,12.1,6.5,12:56
"	156",堡林,2016-06-23,,,
"	156",堡林,2016-06-24,60.1,18.9,3:46
"	156",堡林,2016-06-25,,,
"	156",堡林,2016-06-26,,,
"	156",堡林,2016-06-27,0,0,
"	156",堡林,2016-06-28,,,
"	156",堡林,2016-06-29,,,
"	156",堡林,2016-06-30,0,0,
"	156",堡林,2016-07-01,70.6,25.4,17:19
"	156",堡林,2016-07-02,44.9,20.9,1:21
"	156",堡林,2016-07-03,70.6,27.9,14:19
"	156",堡林,2016-07-04,0.8,0.3,3:19
"	156",堡林,2016-07-05,47.5,24.8,21:36
"	156",堡林,2016-07-06,26.9,19.2,1:45
"	156",堡林,2016-07-07,1.2,1.1,18:17
"	156",堡林,2016-07-08,0,0,
"	156",堡林,2016-07-09,,,
"	156",堡林,2016-07-10,,,
"	156",堡林,2016-07-11,1,1,17:58
"	156",堡林,2016-07-12,17,7.3,4:55
"	156",堡林,2016-07-13,0,0,
"	156",堡林,2016-07-14,,,
"	156",堡林,2016-07-15,0,0,
"	156",堡林,2016-07-16,19.3,11.5,9:08
"	156",堡林,2016-07-17,,,
"	156",堡林,2016-07-18,,,
"	156",堡林,2016-07-19,,,
"	156",堡林,2016-07-20,,,
"	156",堡林,2016-07-21,,,
"	156",堡林,2016-07-22,,,
"	156",堡林,2016-07-23,,,
"	156",堡林,2016-07-24,,,
"	156",堡林,2016-07-25,,,
"	156",堡林,2016-07-26,,,
"	156",堡林,2016-07-27,1.4,1.4,22:14
"	156",堡林,2016-07-28,0.1,0.1,
"	156",堡林,2016-07-29,,,
"	156",堡林,2016-07-30,,,
"	156",堡林,2016-07-31,,,
"	156",堡林,2016-08-01,,,
"	156",堡林,2016-08-02,0.1,0.1,
"	156",堡林,2016-08-03,7.1,5.4,17:26
"	156",堡林,2016-08-04,0,0,
"	156",堡林,2016-08-05,0,0,
"	156",堡林,2016-08-06,0.1,0.1,
"	156",堡林,2016-08-07,6,3.3,16:17
"	156",堡林,2016-08-08,18.2,15.1,16:01
"	156",堡林,2016-08-09,0.4,0.4,13:39
"	156",堡林,2016-08-10,,,
"	156",堡林,2016-08-11,,,
"	156",堡林,2016-08-12,,,
"	156",堡林,2016-08-13,,,
"	156",堡林,2016-08-14,,,
"	156",堡林,2016-08-15,0.3,0.3,10:11
"	156",堡林,2016-08-16,,,
"	156",堡林,2016-08-17,5.4,3.9,19:13
"	156",堡林,2016-08-18,,,
"	156",堡林,2016-08-19,,,
"	156",堡林,2016-08-20,0.5,0.5,18:04
"	156",堡林,2016-08-21,,,
"	156",堡林,2016-08-22,,,
"	156",堡林,2016-08-23,10.6,5.7,19:57
"	156",堡林,2016-08-24,,,
"	156",堡林,2016-08-25,,,
"	156",堡林,2016-08-26,21.4,9.5,17:02
"	156",堡林,2016-08-27,3.9,2.1,1:40
"	156",堡林,2016-08-28,6.3,2.4,2:29
"	156",堡林,2016-08-29,,,
"	156",堡林,2016-08-30,0.7,0.6,13:52
"	156",堡林,2016-08-31,0,0,
"	156",堡林,2016-09-01,,,
"	156",堡林,2016-09-02,2.7,1.5,10:11
"	156",堡林,2016-09-03,,,
"	156",堡林,2016-09-04,4,3.7,19:44
"	156",堡林,2016-09-05,,,
"	156",堡林,2016-09-06,,,
"	156",堡林,2016-09-07,0,0,
"	156",堡林,2016-09-08,,,
"	156",堡林,2016-09-09,0,0,
"	156",堡林,2016-09-10,32.9,21.8,18:17
"	156",堡林,2016-09-11,1.7,1.1,22:32
"	156",堡林,2016-09-12,3.2,0.8,3:25
"	156",堡林,2016-09-13,,,
"	156",堡林,2016-09-14,,,
"	156",堡林,2016-09-15,,,
"	156",堡林,2016-09-16,17.9,6.6,22:59
"	156",堡林,2016-09-17,122.9,45.9,8:27
"	156",堡林,2016-09-18,11.6,1.7,18:14
"	156",堡林,2016-09-19,,,
"	156",堡林,2016-09-20,,,
"	156",堡林,2016-09-21,,,
"	156",堡林,2016-09-22,,,
"	156",堡林,2016-09-23,,,
"	156",堡林,2016-09-24,,,
"	156",堡林,2016-09-25,,,
"	156",堡林,2016-09-26,2,1.7,20:02
"	156",堡林,2016-09-27,0.7,0.5,16:38
"	156",堡林,2016-09-28,9.4,3.3,11:06
"	156",堡林,2016-09-29,0.4,0.2,
"	156",堡林,2016-09-30,41.8,11.4,6:56
"	156",堡林,2016-10-01,18.1,6.2,20:57
"	156",堡林,2016-10-02,1.5,1.1,0:51
"	156",堡林,2016-10-03,1.7,1.3,10:47
"	156",堡林,2016-10-04,5.4,5.4,23:01
"	156",堡林,2016-10-05,65.3,13.7,6:41
"	156",堡林,2016-10-06,,,
"	156",堡林,2016-10-07,10.1,7.1,17:23
"	156",堡林,2016-10-08,32.7,13,2:24
"	156",堡林,2016-10-09,,,
"	156",堡林,2016-10-10,,,
"	156",堡林,2016-10-11,,,
"	156",堡林,2016-10-12,,,
"	156",堡林,2016-10-13,,,
"	156",堡林,2016-10-14,,,
"	156",堡林,2016-10-15,,,
"	156",堡林,2016-10-16,60.8,15.7,14:29
"	156",堡林,2016-10-17,0.7,0.7,7:51
"	156",堡林,2016-10-18,,,
"	156",堡林,2016-10-19,,,
"	156",堡林,2016-10-20,,,
"	156",堡林,2016-10-21,0,0,
"	156",堡林,2016-10-22,0,0,
"	156",堡林,2016-10-23,2.5,1.3,21:17
"	156",堡林,2016-10-24,0.6,0.3,0:01
"	156",堡林,2016-10-25,6.8,3.7,9:58
"	156",堡林,2016-10-26,0,0,
"	156",堡林,2016-10-27,,,
"	156",堡林,2016-10-28,10.5,2.2,10:36
"	156",堡林,2016-10-29,,,
"	156",堡林,2016-10-30,,,
"	156",堡林,2016-10-31,0,0,
"	156",堡林,2016-11-01,,,
"	156",堡林,2016-11-02,,,
"	156",堡林,2016-11-03,0,,
"	156",堡林,2016-11-04,,,
"	156",堡林,2016-11-05,,,
"	156",堡林,2016-11-06,,,
"	156",堡林,2016-11-07,0,,
"	156",堡林,2016-11-08,1.8,,
"	156",堡林,2016-11-09,,,
"	156",堡林,2016-11-10,5.4,,
"	156",堡林,2016-11-11,0.8,,
"	156",堡林,2016-11-12,,,
"	156",堡林,2016-11-13,2.7,,
"	156",堡林,2016-11-14,2.5,,
"	156",堡林,2016-11-15,,,
"	156",堡林,2016-11-16,,,
"	156",堡林,2016-11-17,,,
"	156",堡林,2016-11-18,7.3,,
"	156",堡林,2016-11-19,1.2,,
"	156",堡林,2016-11-20,,,
"	156",堡林,2016-11-21,0,,
"	156",堡林,2016-11-22,,,
"	156",堡林,2016-11-23,,,
"	156",堡林,2016-11-24,,,
"	156",堡林,2016-11-25,,,
"	156",堡林,2016-11-26,4.8,,
"	156",堡林,2016-11-27,,,
"	156",堡林,2016-11-28,,,
"	156",堡林,2016-11-29,,,
"	156",堡林,2016-11-30,5,,
"	156",堡林,2016-12-01,0.7,,
"	156",堡林,2016-12-02,,,
"	156",堡林,2016-12-03,,,
"	156",堡林,2016-12-04,0,,
"	156",堡林,2016-12-05,,,
"	156",堡林,2016-12-06,,,
"	156",堡林,2016-12-07,0,,
"	156",堡林,2016-12-08,0,,
"	156",堡林,2016-12-09,1.4,,
"	156",堡林,2016-12-10,,,
"	156",堡林,2016-12-11,,,
"	156",堡林,2016-12-12,0.3,,
"	156",堡林,2016-12-13,,,
"	156",堡林,2016-12-14,0,,
"	156",堡林,2016-12-15,1.4,,
"	156",堡林,2016-12-16,,,
"	156",堡林,2016-12-17,,,
"	156",堡林,2016-12-18,0,,
"	156",堡林,2016-12-19,8.5,,
"	156",堡林,2016-12-20,,,
"	156",堡林,2016-12-21,11.4,,
"	156",堡林,2016-12-22,8.4,,
"	156",堡林,2016-12-23,0.9,,
"	156",堡林,2016-12-24,,,
"	156",堡林,2016-12-25,0.1,,
"	156",堡林,2016-12-26,11.6,,
"	156",堡林,2016-12-27,0,,
"	156",堡林,2016-12-28,,,
"	156",堡林,2016-12-29,0.2,,
"	156",堡林,2016-12-30,,,
"	156",堡林,2016-12-31,,,
"	156",堡林,2017-01-01,,,
"	156",堡林,2017-01-02,0,,
"	156",堡林,2017-01-03,,,
"	156",堡林,2017-01-04,,,
"	156",堡林,2017-01-05,0,,
"	156",堡林,2017-01-06,0,,
"	156",堡林,2017-01-07,0,,
"	156",堡林,2017-01-08,1.2,,
"	156",堡林,2017-01-09,0,,
"	156",堡林,2017-01-10,,,
"	156",堡林,2017-01-11,0,,
"	156",堡林,2017-01-12,0.1,,
"	156",堡林,2017-01-13,0.1,,
"	156",堡林,2017-01-14,0.3,,
"	156",堡林,2017-01-15,,,
"	156",堡林,2017-01-16,,,
"	156",堡林,2017-01-17,,,
"	156",堡林,2017-01-18,,,
"	156",堡林,2017-01-19,,,
"	156",堡林,2017-01-20,2.5,,
"	156",堡林,2017-01-21,0.8,,
"	156",堡林,2017-01-22,1,,
"	156",堡林,2017-01-23,0.1,,
"	156",堡林,2017-01-24,,,
"	156",堡林,2017-01-25,,,
"	156",堡林,2017-01-26,,,
"	156",堡林,2017-01-27,0.6,,
"	156",堡林,2017-01-28,,,
"	156",堡林,2017-01-29,4.6,,
"	156",堡林,2017-01-30,0.4,,
"	156",堡林,2017-01-31,,,
"	156",堡林,2017-02-01,,,
"	156",堡林,2017-02-02,,,
"	156",堡林,2017-02-03,,,
"	156",堡林,2017-02-04,0.3,,
"	156",堡林,2017-02-05,1.1,,
"	156",堡林,2017-02-06,0,,
"	156",堡林,2017-02-07,,,
"	156",堡林,2017-02-08,0,,
"	156",堡林,2017-02-09,1.3,,
"	156",堡林,2017-02-10,3.7,,
"	156",堡林,2017-02-11,0.2,,
"	156",堡林,2017-02-12,0,,
"	156",堡林,2017-02-13,,,
"	156",堡林,2017-02-14,,,
"	156",堡林,2017-02-15,,,
"	156",堡林,2017-02-16,6.1,,
"	156",堡林,2017-02-17,0.9,,
"	156",堡林,2017-02-18,,,
"	156",堡林,2017-02-19,0.1,,
"	156",堡林,2017-02-20,8.5,,
"	156",堡林,2017-02-21,,,
"	156",堡林,2017-02-22,19.7,,
"	156",堡林,2017-02-23,,,
"	156",堡林,2017-02-24,,,
"	156",堡林,2017-02-25,0,,
"	156",堡林,2017-02-26,,,
"	156",堡林,2017-02-27,,,
"	156",堡林,2017-02-28,,,
"	156",堡林,2017-03-01,4.3,,
"	156",堡林,2017-03-02,1.7,,
"	156",堡林,2017-03-03,,,
"	156",堡林,2017-03-04,,,
"	156",堡林,2017-03-05,,,
"	156",堡林,2017-03-06,,,
"	156",堡林,2017-03-07,1.5,,
"	156",堡林,2017-03-08,0.3,,
"	156",堡林,2017-03-09,,,
"	156",堡林,2017-03-10,,,
"	156",堡林,2017-03-11,,,
"	156",堡林,2017-03-12,,,
"	156",堡林,2017-03-13,,,
"	156",堡林,2017-03-14,,,
"	156",堡林,2017-03-15,,,
"	156",堡林,2017-03-16,,,
"	156",堡林,2017-03-17,,,
"	156",堡林,2017-03-18,,,
"	156",堡林,2017-03-19,,,
"	156",堡林,2017-03-20,7.3,,
"	156",堡林,2017-03-21,0.5,,
"	156",堡林,2017-03-22,,,
"	156",堡林,2017-03-23,,,
"	156",堡林,2017-03-24,,,
"	156",堡林,2017-03-25,11.4,,
"	156",堡林,2017-03-26,,,
"	156",堡林,2017-03-27,3.2,,
"	156",堡林,2017-03-28,1.1,,
"	156",堡林,2017-03-29,1.9,,
"	156",堡林,2017-03-30,,,
"	156",堡林,2017-03-31,0,,
"	156",堡林,2017-04-01,,,
"	156",堡林,2017-04-02,,,
"	156",堡林,2017-04-03,,,
"	156",堡林,2017-04-04,,,
"	156",堡林,2017-04-05,25.9,6.4,22:16
"	156",堡林,2017-04-06,3.1,1.7,2:15
"	156",堡林,2017-04-07,,,
"	156",堡林,2017-04-08,,,
"	156",堡林,2017-04-09,0,0,
"	156",堡林,2017-04-10,0.2,0.2,
"	156",堡林,2017-04-11,11,3,3:11
"	156",堡林,2017-04-12,,,
"	156",堡林,2017-04-13,,,
"	156",堡林,2017-04-14,0,0,
"	156",堡林,2017-04-15,0.7,0.3,0:01
"	156",堡林,2017-04-16,,,
"	156",堡林,2017-04-17,10.7,3.7,7:16
"	156",堡林,2017-04-18,0,0,
"	156",堡林,2017-04-19,,,
"	156",堡林,2017-04-20,0.8,0.8,17:11
"	156",堡林,2017-04-21,,,
"	156",堡林,2017-04-22,0,0,
"	156",堡林,2017-04-23,,,
"	156",堡林,2017-04-24,,,
"	156",堡林,2017-04-25,7.5,6,22:15
"	156",堡林,2017-04-26,0.7,0.4,3:34
"	156",堡林,2017-04-27,,,
"	156",堡林,2017-04-28,,,
"	156",堡林,2017-04-29,,,
"	156",堡林,2017-04-30,,,
"	156",堡林,2017-05-01,,,
"	156",堡林,2017-05-02,,,
"	156",堡林,2017-05-03,,,
"	156",堡林,2017-05-04,1,0.9,19:26
"	156",堡林,2017-05-05,10.2,4.9,16:15
"	156",堡林,2017-05-06,,,
"	156",堡林,2017-05-07,,,
"	156",堡林,2017-05-08,0,0,
"	156",堡林,2017-05-09,11.8,3.5,10:53
"	156",堡林,2017-05-10,2.1,0.6,7:09
"	156",堡林,2017-05-11,,,
"	156",堡林,2017-05-12,0,0,
"	156",堡林,2017-05-13,0,0,
"	156",堡林,2017-05-14,,,
"	156",堡林,2017-05-15,,,
"	156",堡林,2017-05-16,,,
"	156",堡林,2017-05-17,,,
"	156",堡林,2017-05-18,,,
"	156",堡林,2017-05-19,,,
"	156",堡林,2017-05-20,,,
"	156",堡林,2017-05-21,,,
"	156",堡林,2017-05-22,,,
"	156",堡林,2017-05-23,0,0,
"	156",堡林,2017-05-24,2.2,2.1,4:26
"	156",堡林,2017-05-25,,,
"	156",堡林,2017-05-26,,,
"	156",堡林,2017-05-27,,,
"	156",堡林,2017-05-28,,,
"	156",堡林,2017-05-29,,,
"	156",堡林,2017-05-30,,,
"	156",堡林,2017-05-31,2.9,2.7,14:26
"	156",堡林,2017-06-01,,,
"	156",堡林,2017-06-02,,,
"	156",堡林,2017-06-03,0,0,
"	156",堡林,2017-06-04,,,
"	156",堡林,2017-06-05,,,
"	156",堡林,2017-06-06,5.5,2,18:20
"	156",堡林,2017-06-07,0.5,0.3,0:03
"	156",堡林,2017-06-08,,,
"	156",堡林,2017-06-09,,,
"	156",堡林,2017-06-10,,,
"	156",堡林,2017-06-11,0.8,0.8,5:06
"	156",堡林,2017-06-12,,,
"	156",堡林,2017-06-13,,,
"	156",堡林,2017-06-14,,,
"	156",堡林,2017-06-15,,,
"	156",堡林,2017-06-16,,,
"	156",堡林,2017-06-17,,,
"	156",堡林,2017-06-18,,,
"	156",堡林,2017-06-19,,,
"	156",堡林,2017-06-20,7.7,6.5,17:55
"	156",堡林,2017-06-21,,,
"	156",堡林,2017-06-22,,,
"	156",堡林,2017-06-23,1.2,1.2,16:51
"	156",堡林,2017-06-24,,,
"	156",堡林,2017-06-25,,,
"	156",堡林,2017-06-26,13.6,5.1,16:05
"	156",堡林,2017-06-27,0.3,0.3,0:54
"	156",堡林,2017-06-28,8.9,8.9,19:28
"	156",堡林,2017-06-29,,,
"	156",堡林,2017-06-30,3.6,1.5,15:44
"	156",堡林,2017-07-01,0,0,
"	156",堡林,2017-07-02,13.1,8.1,10:49
"	156",堡林,2017-07-03,6.4,3.8,1:03
"	156",堡林,2017-07-04,1.8,0.8,23:28
"	156",堡林,2017-07-05,1.6,1,0:28
"	156",堡林,2017-07-06,16.6,15.1,5:52
"	156",堡林,2017-07-07,0.1,0.1,
"	156",堡林,2017-07-08,45.2,43.8,8:05
"	156",堡林,2017-07-09,3.1,3,3:14
"	156",堡林,2017-07-10,5.1,2.5,6:06
"	156",堡林,2017-07-11,0.7,0.7,1:12
"	156",堡林,2017-07-12,,,
"	156",堡林,2017-07-13,,,
"	156",堡林,2017-07-14,6.8,3.1,6:19
"	156",堡林,2017-07-15,44.4,20.1,5:27
"	156",堡林,2017-07-16,,,
"	156",堡林,2017-07-17,10.8,5.6,23:01
"	156",堡林,2017-07-18,12.5,6.1,12:35
"	156",堡林,2017-07-19,,,
"	156",堡林,2017-07-20,,,
"	156",堡林,2017-07-21,,,
"	156",堡林,2017-07-22,,,
"	156",堡林,2017-07-23,,,
"	156",堡林,2017-07-24,,,
"	156",堡林,2017-07-25,1.3,1.2,8:07
"	156",堡林,2017-07-26,,,
"	156",堡林,2017-07-27,,,
"	156",堡林,2017-07-28,,,
"	156",堡林,2017-07-29,0,0,
"	156",堡林,2017-07-30,26.2,26.1,16:51
"	156",堡林,2017-07-31,15.9,14,17:07
"	156",堡林,2017-08-01,0.5,0.3,
"	156",堡林,2017-08-02,4.8,4.8,17:34
"	156",堡林,2017-08-03,,,
"	156",堡林,2017-08-04,,,
"	156",堡林,2017-08-05,,,
"	156",堡林,2017-08-06,3.1,3.1,19:44
"	156",堡林,2017-08-07,,,
"	156",堡林,2017-08-08,0,0,
"	156",堡林,2017-08-09,2.8,2.1,4:13
"	156",堡林,2017-08-10,,,
"	156",堡林,2017-08-11,,,
"	156",堡林,2017-08-12,15.8,15.4,13:23
"	156",堡林,2017-08-13,12.3,4.6,22:51
"	156",堡林,2017-08-14,34.9,9.3,8:06
"	156",堡林,2017-08-15,4.5,1.5,7:12
"	156",堡林,2017-08-16,0.9,0.8,0:03
"	156",堡林,2017-08-17,0,0,
"	156",堡林,2017-08-18,4.7,4.7,14:27
"	156",堡林,2017-08-19,0,0,
"	156",堡林,2017-08-20,9.1,4.1,16:48
"	156",堡林,2017-08-21,89.1,25.1,0:01
"	156",堡林,2017-08-22,10.2,9.8,10:36
"	156",堡林,2017-08-23,,,
"	156",堡林,2017-08-24,0.4,0.4,
"	156",堡林,2017-08-25,80.7,60.2,3:53
"	156",堡林,2017-08-26,,,
"	156",堡林,2017-08-27,,,
"	156",堡林,2017-08-28,,,
"	156",堡林,2017-08-29,6.7,6.7,
"	156",堡林,2017-08-30,,,
"	156",堡林,2017-08-31,,,
"	156",堡林,2017-09-01,,,
"	156",堡林,2017-09-02,,,
"	156",堡林,2017-09-03,,,
"	156",堡林,2017-09-04,,,
"	156",堡林,2017-09-05,3.8,1.2,10:07
"	156",堡林,2017-09-06,24.5,6,15:27
"	156",堡林,2017-09-07,0.2,0.2,
"	156",堡林,2017-09-08,,,
"	156",堡林,2017-09-09,,,
"	156",堡林,2017-09-10,0.1,0.1,
"	156",堡林,2017-09-11,73.3,25.8,7:31
"	156",堡林,2017-09-12,,,
"	156",堡林,2017-09-13,,,
"	156",堡林,2017-09-14,,,
"	156",堡林,2017-09-15,,,
"	156",堡林,2017-09-16,,,
"	156",堡林,2017-09-17,,,
"	156",堡林,2017-09-18,,,
"	156",堡林,2017-09-19,,,
"	156",堡林,2017-09-20,,,
"	156",堡林,2017-09-21,,,
"	156",堡林,2017-09-22,,,
"	156",堡林,2017-09-23,,,
"	156",堡林,2017-09-24,,,
"	156",堡林,2017-09-25,,,
"	156",堡林,2017-09-26,0,0,
"	156",堡林,2017-09-27,6.9,1.9,6:11
"	156",堡林,2017-09-28,,,
"	156",堡林,2017-09-29,,,
"	156",堡林,2017-09-30,,,
"	156",堡林,2017-10-01,47.3,9.5,19:49
"	156",堡林,2017-10-02,9.6,5,0:02
"	156",堡林,2017-10-03,,,
"	156",堡林,2017-10-04,,,
"	156",堡林,2017-10-05,7.6,1.4,17:20
"	156",堡林,2017-10-06,8.3,1.2,3:01
"	156",堡林,2017-10-07,,,
"	156",堡林,2017-10-08,,,
"	156",堡林,2017-10-09,,,
"	156",堡林,2017-10-10,,,
"	156",堡林,2017-10-11,1.8,1,9:09
"	156",堡林,2017-10-12,7.7,2.3,16:19
"	156",堡林,2017-10-13,,,
"	156",堡林,2017-10-14,,,
"	156",堡林,2017-10-15,3.1,1.9,3:12
"	156",堡林,2017-10-16,0,0,
"	156",堡林,2017-10-17,,,
"	156",堡林,2017-10-18,0,0,
"	156",堡林,2017-10-19,,,
"	156",堡林,2017-10-20,,,
"	156",堡林,2017-10-21,,,
"	156",堡林,2017-10-22,,,
"	156",堡林,2017-10-23,,,
"	156",堡林,2017-10-24,0,0,
"	156",堡林,2017-10-25,,,
"	156",堡林,2017-10-26,,,
"	156",堡林,2017-10-27,,,
"	156",堡林,2017-10-28,,,
"	156",堡林,2017-10-29,,,
"	156",堡林,2017-10-30,,,
"	156",堡林,2017-10-31,,,
"	156",堡林,2017-11-01,,,
"	156",堡林,2017-11-02,,,
"	156",堡林,2017-11-03,1.2,,
"	156",堡林,2017-11-04,,,
"	156",堡林,2017-11-05,,,
"	156",堡林,2017-11-06,,,
"	156",堡林,2017-11-07,,,
"	156",堡林,2017-11-08,0,,
"	156",堡林,2017-11-09,,,
"	156",堡林,2017-11-10,0.4,,
"	156",堡林,2017-11-11,,,
"	156",堡林,2017-11-12,,,
"	156",堡林,2017-11-13,,,
"	156",堡林,2017-11-14,,,
"	156",堡林,2017-11-15,0,,
"	156",堡林,2017-11-16,,,
"	156",堡林,2017-11-17,0,,
"	156",堡林,2017-11-18,,,
"	156",堡林,2017-11-19,,,
"	156",堡林,2017-11-20,,,
"	156",堡林,2017-11-21,,,
"	156",堡林,2017-11-22,0,,
"	156",堡林,2017-11-23,0.5,,
"	156",堡林,2017-11-24,0,,
"	156",堡林,2017-11-25,,,
"	156",堡林,2017-11-26,,,
"	156",堡林,2017-11-27,,,
"	156",堡林,2017-11-28,0,,
"	156",堡林,2017-11-29,,,
"	156",堡林,2017-11-30,,,
"	156",堡林,2017-12-01,,,
"	156",堡林,2017-12-02,,,
"	156",堡林,2017-12-03,,,
"	156",堡林,2017-12-04,0.3,,
"	156",堡林,2017-12-05,0,,
"	156",堡林,2017-12-06,,,
"	156",堡林,2017-12-07,0.4,,
"	156",堡林,2017-12-08,0,,
"	156",堡林,2017-12-09,,,
"	156",堡林,2017-12-10,2.7,,
"	156",堡林,2017-12-11,0,,
"	156",堡林,2017-12-12,0,,
"	156",堡林,2017-12-13,,,
"	156",堡林,2017-12-14,,,
"	156",堡林,2017-12-15,,,
"	156",堡林,2017-12-16,1,,
"	156",堡林,2017-12-17,0.4,,
"	156",堡林,2017-12-18,0,,
"	156",堡林,2017-12-19,0,,
"	156",堡林,2017-12-20,0.8,,
"	156",堡林,2017-12-21,0,,
"	156",堡林,2017-12-22,,,
"	156",堡林,2017-12-23,,,
"	156",堡林,2017-12-24,22.5,,
"	156",堡林,2017-12-25,0,,
"	156",堡林,2017-12-26,0.2,,
"	156",堡林,2017-12-27,,,
"	156",堡林,2017-12-28,,,
"	156",堡林,2017-12-29,,,
"	156",堡林,2017-12-30,0.2,,
"	156",堡林,2017-12-31,0,,
"	156",堡林,2018-01-01,,,
"	156",堡林,2018-01-02,,,
"	156",堡林,2018-01-03,,,
"	156",堡林,2018-01-04,,,
"	156",堡林,2018-01-05,,,
"	156",堡林,2018-01-06,,,
"	156",堡林,2018-01-07,2.7,,
"	156",堡林,2018-01-08,2.1,,
"	156",堡林,2018-01-09,3,,
"	156",堡林,2018-01-10,7.3,,
"	156",堡林,2018-01-11,0.9,,
"	156",堡林,2018-01-12,0,,
"	156",堡林,2018-01-13,0,,
"	156",堡林,2018-01-14,,,
"	156",堡林,2018-01-15,,,
"	156",堡林,2018-01-16,16.1,,
"	156",堡林,2018-01-17,5.6,,
"	156",堡林,2018-01-18,,,
"	156",堡林,2018-01-19,,,
"	156",堡林,2018-01-20,,,
"	156",堡林,2018-01-21,,,
"	156",堡林,2018-01-22,1.1,,
"	156",堡林,2018-01-23,0,,
"	156",堡林,2018-01-24,0,,
"	156",堡林,2018-01-25,,,
"	156",堡林,2018-01-26,,,
"	156",堡林,2018-01-27,,,
"	156",堡林,2018-01-28,0,,
"	156",堡林,2018-01-29,0,,
"	156",堡林,2018-01-30,0,,
"	156",堡林,2018-01-31,,,
"	156",堡林,2018-02-01,,,
"	156",堡林,2018-02-02,,,
"	156",堡林,2018-02-03,0.1,,
"	156",堡林,2018-02-04,0.7,,
"	156",堡林,2018-02-05,0.2,,
"	156",堡林,2018-02-06,0.2,,
"	156",堡林,2018-02-07,0.2,,
"	156",堡林,2018-02-08,,,
"	156",堡林,2018-02-09,,,
"	156",堡林,2018-02-10,,,
"	156",堡林,2018-02-11,1.8,,
"	156",堡林,2018-02-12,2.1,,
"	156",堡林,2018-02-13,0,,
"	156",堡林,2018-02-14,,,
"	156",堡林,2018-02-15,,,
"	156",堡林,2018-02-16,,,
"	156",堡林,2018-02-17,,,
"	156",堡林,2018-02-18,,,
"	156",堡林,2018-02-19,,,
"	156",堡林,2018-02-20,,,
"	156",堡林,2018-02-21,,,
"	156",堡林,2018-02-22,,,
"	156",堡林,2018-02-23,,,
"	156",堡林,2018-02-24,,,
"	156",堡林,2018-02-25,,,
"	156",堡林,2018-02-26,,,
"	156",堡林,2018-02-27,,,
"	156",堡林,2018-02-28,16.7,,
"	156",堡林,2018-03-01,0.2,,
"	156",堡林,2018-03-02,,,
"	156",堡林,2018-03-03,,,
"	156",堡林,2018-03-04,8,,
"	156",堡林,2018-03-05,6.9,,
"	156",堡林,2018-03-06,,,
"	156",堡林,2018-03-07,8,,
"	156",堡林,2018-03-08,14.5,,
"	156",堡林,2018-03-09,,,
"	156",堡林,2018-03-10,,,
"	156",堡林,2018-03-11,,,
"	156",堡林,2018-03-12,,,
"	156",堡林,2018-03-13,,,
"	156",堡林,2018-03-14,,,
"	156",堡林,2018-03-15,30.8,,
"	156",堡林,2018-03-16,0,,
"	156",堡林,2018-03-17,,,
"	156",堡林,2018-03-18,24.1,,
"	156",堡林,2018-03-19,15.6,,
"	156",堡林,2018-03-20,1.1,,
"	156",堡林,2018-03-21,6.6,,
"	156",堡林,2018-03-22,,,
"	156",堡林,2018-03-23,,,
"	156",堡林,2018-03-24,,,
"	156",堡林,2018-03-25,,,
"	156",堡林,2018-03-26,,,
"	156",堡林,2018-03-27,,,
"	156",堡林,2018-03-28,,,
"	156",堡林,2018-03-29,,,
"	156",堡林,2018-03-30,,,
"	156",堡林,2018-03-31,,,
"	156",堡林,2018-04-01,,,
"	156",堡林,2018-04-02,,,
"	156",堡林,2018-04-03,,,
"	156",堡林,2018-04-04,6.4,5.4,9:23
"	156",堡林,2018-04-05,13.9,5.5,21:16
"	156",堡林,2018-04-06,23.9,8.9,0:46
"	156",堡林,2018-04-07,0.6,0.6,3:00
"	156",堡林,2018-04-08,0,0,
"	156",堡林,2018-04-09,,,
"	156",堡林,2018-04-10,,,
"	156",堡林,2018-04-11,0.5,0.4,0:53
"	156",堡林,2018-04-12,,,
"	156",堡林,2018-04-13,0,0,
"	156",堡林,2018-04-14,22.1,6.3,7:46
"	156",堡林,2018-04-15,,,
"	156",堡林,2018-04-16,,,
"	156",堡林,2018-04-17,,,
"	156",堡林,2018-04-18,,,
"	156",堡林,2018-04-19,,,
"	156",堡林,2018-04-20,,,
"	156",堡林,2018-04-21,,,
"	156",堡林,2018-04-22,6.6,2,21:59
"	156",堡林,2018-04-23,41.8,10.9,8:59
"	156",堡林,2018-04-24,11,2.6,3:23
"	156",堡林,2018-04-25,0.6,0.3,0:01
"	156",堡林,2018-04-26,,,
"	156",堡林,2018-04-27,,,
"	156",堡林,2018-04-28,,,
"	156",堡林,2018-04-29,,,
"	156",堡林,2018-04-30,,,
"	156",堡林,2018-05-01,0,0,
"	156",堡林,2018-05-02,3.5,1.1,
"	156",堡林,2018-05-03,0,0,
"	156",堡林,2018-05-04,,,
"	156",堡林,2018-05-05,,,
"	156",堡林,2018-05-06,9.5,2.8,4:39
"	156",堡林,2018-05-07,22.8,6.1,7:05
"	156",堡林,2018-05-08,,,
"	156",堡林,2018-05-09,,,
"	156",堡林,2018-05-10,,,
"	156",堡林,2018-05-11,,,
"	156",堡林,2018-05-12,26,6.8,20:42
"	156",堡林,2018-05-13,4.1,1.9,1:35
"	156",堡林,2018-05-14,,,
"	156",堡林,2018-05-15,0,0,
"	156",堡林,2018-05-16,0,0,
"	156",堡林,2018-05-17,,,
"	156",堡林,2018-05-18,0.5,0.5,1:02
"	156",堡林,2018-05-19,0,0,
"	156",堡林,2018-05-20,,,
"	156",堡林,2018-05-21,,,
"	156",堡林,2018-05-22,7,2.9,20:54
"	156",堡林,2018-05-23,12,4,0:13
"	156",堡林,2018-05-24,,,
"	156",堡林,2018-05-25,,,
"	156",堡林,2018-05-26,,,
"	156",堡林,2018-05-27,,,
"	156",堡林,2018-05-28,0,0,
"	156",堡林,2018-05-29,,,
"	156",堡林,2018-05-30,0,0,
"	156",堡林,2018-05-31,,,
"	156",堡林,2018-06-01,,,
"	156",堡林,2018-06-02,,,
"	156",堡林,2018-06-03,,,
"	156",堡林,2018-06-04,0,0,
"	156",堡林,2018-06-05,0,0,
"	156",堡林,2018-06-06,,,
"	156",堡林,2018-06-07,,,
"	156",堡林,2018-06-08,,,
"	156",堡林,2018-06-09,0,0,
"	156",堡林,2018-06-10,0.2,0.2,
"	156",堡林,2018-06-11,7.1,6.4,13:58
"	156",堡林,2018-06-12,,,
"	156",堡林,2018-06-13,,,
"	156",堡林,2018-06-14,,,
"	156",堡林,2018-06-15,0,0,
"	156",堡林,2018-06-16,,,
"	156",堡林,2018-06-17,,,
"	156",堡林,2018-06-18,,,
"	156",堡林,2018-06-19,14.4,9.9,17:47
"	156",堡林,2018-06-20,,,
"	156",堡林,2018-06-21,,,
"	156",堡林,2018-06-22,,,
"	156",堡林,2018-06-23,,,
"	156",堡林,2018-06-24,,,
"	156",堡林,2018-06-25,,,
"	156",堡林,2018-06-26,,,
"	156",堡林,2018-06-27,58.4,37.6,3:59
"	156",堡林,2018-06-28,67.6,15.2,8:09
"	156",堡林,2018-06-29,45.8,44.3,21:12
"	156",堡林,2018-06-30,28.9,9.1,11:53
"	156",堡林,2018-07-01,57.2,33.6,13:18
"	156",堡林,2018-07-02,17.2,10.7,11:35
"	156",堡林,2018-07-03,0,0,
"	156",堡林,2018-07-04,0,0,
"	156",堡林,2018-07-05,5.2,1.8,7:31
"	156",堡林,2018-07-06,4.9,4.7,1:21
"	156",堡林,2018-07-07,,,
"	156",堡林,2018-07-08,,,
"	156",堡林,2018-07-09,,,
"	156",堡林,2018-07-10,,,
"	156",堡林,2018-07-11,,,
"	156",堡林,2018-07-12,,,
"	156",堡林,2018-07-13,,,
"	156",堡林,2018-07-14,,,
"	156",堡林,2018-07-15,,,
"	156",堡林,2018-07-16,,,
"	156",堡林,2018-07-17,,,
"	156",堡林,2018-07-18,,,
"	156",堡林,2018-07-19,,,
"	156",堡林,2018-07-20,,,
"	156",堡林,2018-07-21,,,
"	156",堡林,2018-07-22,,,
"	156",堡林,2018-07-23,,,
"	156",堡林,2018-07-24,,,
"	156",堡林,2018-07-25,,,
"	156",堡林,2018-07-26,,,
"	156",堡林,2018-07-27,,,
"	156",堡林,2018-07-28,,,
"	156",堡林,2018-07-29,,,
"	156",堡林,2018-07-30,0,0,
"	156",堡林,2018-07-31,,,
"	156",堡林,2018-08-01,,,
"	156",堡林,2018-08-02,,,
"	156",堡林,2018-08-03,,,
"	156",堡林,2018-08-04,0,0,
"	156",堡林,2018-08-05,,,
"	156",堡林,2018-08-06,0,0,
"	156",堡林,2018-08-07,0,0,
"	156",堡林,2018-08-08,,,
"	156",堡林,2018-08-09,,,
"	156",堡林,2018-08-10,18.8,11.4,21:29
"	156",堡林,2018-08-11,,,
"	156",堡林,2018-08-12,,,
"	156",堡林,2018-08-13,,,
"	156",堡林,2018-08-14,,,
"	156",堡林,2018-08-15,,,
"	156",堡林,2018-08-16,0,0,
"	156",堡林,2018-08-17,,,
"	156",堡林,2018-08-18,,,
"	156",堡林,2018-08-19,,,
"	156",堡林,2018-08-20,,,
"	156",堡林,2018-08-21,,,
"	156",堡林,2018-08-22,0,0,
"	156",堡林,2018-08-23,57,14.6,22:07
"	156",堡林,2018-08-24,11.3,4.3,0:19
"	156",堡林,2018-08-25,2.5,1.7,17:50
"	156",堡林,2018-08-26,98.6,29.7,10:54
"	156",堡林,2018-08-27,108.5,40.4,9:22
"	156",堡林,2018-08-28,0.1,0.1,
"	156",堡林,2018-08-29,0.9,0.9,23:20
"	156",堡林,2018-08-30,24,8.9,17:12
"	156",堡林,2018-08-31,75.4,53.4,8:58
"	156",堡林,2018-09-01,1,0.7,1:32
"	156",堡林,2018-09-02,,,
"	156",堡林,2018-09-03,12.7,7.6,23:00
"	156",堡林,2018-09-04,76.1,44.9,0:01
"	156",堡林,2018-09-05,,,
"	156",堡林,2018-09-06,1.7,1.4,23:48
"	156",堡林,2018-09-07,8.2,2.6,4:57
"	156",堡林,2018-09-08,,,
"	156",堡林,2018-09-09,,,
"	156",堡林,2018-09-10,,,
"	156",堡林,2018-09-11,,,
"	156",堡林,2018-09-12,,,
"	156",堡林,2018-09-13,3.9,1.3,9:50
"	156",堡林,2018-09-14,3.4,1.4,6:28
"	156",堡林,2018-09-15,2,1,2:42
"	156",堡林,2018-09-16,,,
"	156",堡林,2018-09-17,0,0,
"	156",堡林,2018-09-18,,,
"	156",堡林,2018-09-19,1,0.8,
"	156",堡林,2018-09-20,1.7,1.4,0:19
"	156",堡林,2018-09-21,18,8.3,8:06
"	156",堡林,2018-09-22,,,
"	156",堡林,2018-09-23,,,
"	156",堡林,2018-09-24,,,
"	156",堡林,2018-09-25,,,
"	156",堡林,2018-09-26,,,
"	156",堡林,2018-09-27,,,
"	156",堡林,2018-09-28,0,0,
"	156",堡林,2018-09-29,,,
"	156",堡林,2018-09-30,,,
"	156",堡林,2018-10-01,1,0.9,
"	156",堡林,2018-10-02,,,
"	156",堡林,2018-10-03,,,
"	156",堡林,2018-10-04,0.2,0.2,
"	156",堡林,2018-10-05,63.3,18.2,12:12
"	156",堡林,2018-10-06,47.5,11.6,3:35
"	156",堡林,2018-10-07,,,
"	156",堡林,2018-10-08,,,
"	156",堡林,2018-10-09,0,0,
"	156",堡林,2018-10-10,4.3,4.2,4:10
"	156",堡林,2018-10-11,,,
"	156",堡林,2018-10-12,,,
"	156",堡林,2018-10-13,,,
"	156",堡林,2018-10-14,,,
"	156",堡林,2018-10-15,,,
"	156",堡林,2018-10-16,,,
"	156",堡林,2018-10-17,,,
"	156",堡林,2018-10-18,,,
"	156",堡林,2018-10-19,,,
"	156",堡林,2018-10-20,,,
"	156",堡林,2018-10-21,,,
"	156",堡林,2018-10-22,,,
"	156",堡林,2018-10-23,0.5,0.5,9:54
"	156",堡林,2018-10-24,,,
"	156",堡林,2018-10-25,,,
"	156",堡林,2018-10-26,7,2.9,13:45
"	156",堡林,2018-10-27,0.6,0.3,12:43
"	156",堡林,2018-10-28,0.7,0.7,
"	156",堡林,2018-10-29,0.1,0.1,
"	156",堡林,2018-10-30,,,
"	156",堡林,2018-10-31,0,0,
"	156",堡林,2018-11-01,,,
"	156",堡林,2018-11-02,,,
"	156",堡林,2018-11-03,,,
"	156",堡林,2018-11-04,,,
"	156",堡林,2018-11-05,,,
"	156",堡林,2018-11-06,,,
"	156",堡林,2018-11-07,3.2,,
"	156",堡林,2018-11-08,27.4,,
"	156",堡林,2018-11-09,0.5,,
"	156",堡林,2018-11-10,,,
"	156",堡林,2018-11-11,5.5,,
"	156",堡林,2018-11-12,0.8,,
"	156",堡林,2018-11-13,,,
"	156",堡林,2018-11-14,,,
"	156",堡林,2018-11-15,,,
"	156",堡林,2018-11-16,2.6,,
"	156",堡林,2018-11-17,,,
"	156",堡林,2018-11-18,,,
"	156",堡林,2018-11-19,,,
"	156",堡林,2018-11-20,,,
"	156",堡林,2018-11-21,,,
"	156",堡林,2018-11-22,,,
"	156",堡林,2018-11-23,,,
"	156",堡林,2018-11-24,7.2,,
"	156",堡林,2018-11-25,,,
"	156",堡林,2018-11-26,,,
"	156",堡林,2018-11-27,,,
"	156",堡林,2018-11-28,,,
"	156",堡林,2018-11-29,,,
"	156",堡林,2018-11-30,,,
"	156",堡林,2018-12-01,,,
"	156",堡林,2018-12-02,0,,
"	156",堡林,2018-12-03,10,,
"	156",堡林,2018-12-04,13.7,,
"	156",堡林,2018-12-05,,,
"	156",堡林,2018-12-06,4.6,,
"	156",堡林,2018-12-07,0,,
"	156",堡林,2018-12-08,0,,
"	156",堡林,2018-12-09,0,,
"	156",堡林,2018-12-10,,,
"	156",堡林,2018-12-11,0.9,,
"	156",堡林,2018-12-12,,,
"	156",堡林,2018-12-13,0.1,,
"	156",堡林,2018-12-14,,,
"	156",堡林,2018-12-15,,,
"	156",堡林,2018-12-16,0.1,,
"	156",堡林,2018-12-17,0,,
"	156",堡林,2018-12-18,,,
"	156",堡林,2018-12-19,,,
"	156",堡林,2018-12-20,,,
"	156",堡林,2018-12-21,,,
"	156",堡林,2018-12-22,0,,
"	156",堡林,2018-12-23,3,,
"	156",堡林,2018-12-24,,,
"	156",堡林,2018-12-25,,,
"	156",堡林,2018-12-26,0,,
"	156",堡林,2018-12-27,0,,
"	156",堡林,2018-12-28,0,,
"	156",堡林,2018-12-29,0,,
"	156",堡林,2018-12-30,0,,
"	156",堡林,2018-12-31,,,
"	156",堡林,2019-01-01,0,,
"	156",堡林,2019-01-02,,,
"	156",堡林,2019-01-03,,,
"	156",堡林,2019-01-04,,,
"	156",堡林,2019-01-05,0,,
"	156",堡林,2019-01-06,,,
"	156",堡林,2019-01-07,,,
"	156",堡林,2019-01-08,,,
"	156",堡林,2019-01-09,,,
"	156",堡林,2019-01-10,0,,
"	156",堡林,2019-01-11,0.4,,
"	156",堡林,2019-01-12,3.5,,
"	156",堡林,2019-01-13,,,
"	156",堡林,2019-01-14,,,
"	156",堡林,2019-01-15,0,,
"	156",堡林,2019-01-16,0,,
"	156",堡林,2019-01-17,,,
"	156",堡林,2019-01-18,,,
"	156",堡林,2019-01-19,1.9,,
"	156",堡林,2019-01-20,0.3,,
"	156",堡林,2019-01-21,,,
"	156",堡林,2019-01-22,,,
"	156",堡林,2019-01-23,,,
"	156",堡林,2019-01-24,,,
"	156",堡林,2019-01-25,,,
"	156",堡林,2019-01-26,,,
"	156",堡林,2019-01-27,,,
"	156",堡林,2019-01-28,0,,
"	156",堡林,2019-01-29,,,
"	156",堡林,2019-01-30,0,,
"	156",堡林,2019-01-31,10.3,,
"	156",堡林,2019-02-01,0,,
"	156",堡林,2019-02-02,0,,
"	156",堡林,2019-02-03,17.3,,
"	156",堡林,2019-02-04,,,
"	156",堡林,2019-02-05,,,
"	156",堡林,2019-02-06,,,
"	156",堡林,2019-02-07,0,,
"	156",堡林,2019-02-08,,,
"	156",堡林,2019-02-09,,,
"	156",堡林,2019-02-10,,,
"	156",堡林,2019-02-11,,,
"	156",堡林,2019-02-12,,,
"	156",堡林,2019-02-13,,,
"	156",堡林,2019-02-14,,,
"	156",堡林,2019-02-15,,,
"	156",堡林,2019-02-16,0,,
"	156",堡林,2019-02-17,,,
"	156",堡林,2019-02-18,0.6,,
"	156",堡林,2019-02-19,18.5,,
"	156",堡林,2019-02-20,,,
"	156",堡林,2019-02-21,,,
"	156",堡林,2019-02-22,,,
"	156",堡林,2019-02-23,,,
"	156",堡林,2019-02-24,,,
"	156",堡林,2019-02-25,,,
"	156",堡林,2019-02-26,,,
"	156",堡林,2019-02-27,0.6,,
"	156",堡林,2019-02-28,0,,
"	156",堡林,2019-03-01,,,
"	156",堡林,2019-03-02,,,
"	156",堡林,2019-03-03,0,,
"	156",堡林,2019-03-04,,,
"	156",堡林,2019-03-05,,,
"	156",堡林,2019-03-06,0,,
"	156",堡林,2019-03-07,,,
"	156",堡林,2019-03-08,,,
"	156",堡林,2019-03-09,0,,
"	156",堡林,2019-03-10,9.9,,
"	156",堡林,2019-03-11,0.9,,
"	156",堡林,2019-03-12,0.1,,
"	156",堡林,2019-03-13,,,
"	156",堡林,2019-03-14,,,
"	156",堡林,2019-03-15,0.9,,
"	156",堡林,2019-03-16,0,,
"	156",堡林,2019-03-17,,,
"	156",堡林,2019-03-18,,,
"	156",堡林,2019-03-19,,,
"	156",堡林,2019-03-20,20.6,,
"	156",堡林,2019-03-21,0,,
"	156",堡林,2019-03-22,,,
"	156",堡林,2019-03-23,0.1,,
"	156",堡林,2019-03-24,,,
"	156",堡林,2019-03-25,,,
"	156",堡林,2019-03-26,,,
"	156",堡林,2019-03-27,,,
"	156",堡林,2019-03-28,,,
"	156",堡林,2019-03-29,,,
"	156",堡林,2019-03-30,1.4,,
"	156",堡林,2019-03-31,,,
"	156",堡林,2019-04-01,,,
"	156",堡林,2019-04-02,,,
"	156",堡林,2019-04-03,,,
"	156",堡林,2019-04-04,,,
"	156",堡林,2019-04-05,,,
"	156",堡林,2019-04-06,,,
"	156",堡林,2019-04-07,8.9,5.7,14:26
"	156",堡林,2019-04-08,,,
"	156",堡林,2019-04-09,36.2,6.4,15:42
"	156",堡林,2019-04-10,2.5,1.1,0:11
"	156",堡林,2019-04-11,,,
"	156",堡林,2019-04-12,,,
"	156",堡林,2019-04-13,,,
"	156",堡林,2019-04-14,0.5,0.3,12:22
"	156",堡林,2019-04-15,,,
"	156",堡林,2019-04-16,,,
"	156",堡林,2019-04-17,,,
"	156",堡林,2019-04-18,,,
"	156",堡林,2019-04-19,,,
"	156",堡林,2019-04-20,,,
"	156",堡林,2019-04-21,,,
"	156",堡林,2019-04-22,,,
"	156",堡林,2019-04-23,1.4,0.9,12:07
"	156",堡林,2019-04-24,,,
"	156",堡林,2019-04-25,3.6,1.1,17:14
"	156",堡林,2019-04-26,0.4,0.4,0:12
"	156",堡林,2019-04-27,,,
"	156",堡林,2019-04-28,1.8,1.1,9:00
"	156",堡林,2019-04-29,29.1,8.4,12:08
"	156",堡林,2019-04-30,0.3,0.2,
"	156",堡林,2019-05-01,,,
"	156",堡林,2019-05-02,,,
"	156",堡林,2019-05-03,,,
"	156",堡林,2019-05-04,,,
"	156",堡林,2019-05-05,,,
"	156",堡林,2019-05-06,,,
"	156",堡林,2019-05-07,,,
"	156",堡林,2019-05-08,,,
"	156",堡林,2019-05-09,,,
"	156",堡林,2019-05-10,,,
"	156",堡林,2019-05-11,,,
"	156",堡林,2019-05-12,,,
"	156",堡林,2019-05-13,,,
"	156",堡林,2019-05-14,0,0,
"	156",堡林,2019-05-15,,,
"	156",堡林,2019-05-16,,,
"	156",堡林,2019-05-17,9.2,2.6,20:35
"	156",堡林,2019-05-18,40.1,10.4,4:13
"	156",堡林,2019-05-19,0,0,
"	156",堡林,2019-05-20,1.6,0.8,5:50
"	156",堡林,2019-05-21,,,
"	156",堡林,2019-05-22,,,
"	156",堡林,2019-05-23,,,
"	156",堡林,2019-05-24,,,
"	156",堡林,2019-05-25,,,
"	156",堡林,2019-05-26,0.3,0.3,21:05
"	156",堡林,2019-05-27,25.6,5.1,6:19
"	156",堡林,2019-05-28,,,
"	156",堡林,2019-05-29,,,
"	156",堡林,2019-05-30,0,0,
"	156",堡林,2019-05-31,2,0.7,2:40
"	156",堡林,2019-06-01,,,
"	156",堡林,2019-06-02,,,
"	156",堡林,2019-06-03,,,
"	156",堡林,2019-06-04,,,
"	156",堡林,2019-06-05,,,
"	156",堡林,2019-06-06,27.2,9.4,20:27
"	156",堡林,2019-06-07,5.5,2.5,2:36
"	156",堡林,2019-06-08,,,
"	156",堡林,2019-06-09,,,
"	156",堡林,2019-06-10,11.8,8.6,21:53
"	156",堡林,2019-06-11,0.9,0.9,0:01
"	156",堡林,2019-06-12,,,
"	156",堡林,2019-06-13,,,
"	156",堡林,2019-06-14,3.3,2.3,14:51
"	156",堡林,2019-06-15,,,
"	156",堡林,2019-06-16,,,
"	156",堡林,2019-06-17,,,
"	156",堡林,2019-06-18,,,
"	156",堡林,2019-06-19,,,
"	156",堡林,2019-06-20,,,
"	156",堡林,2019-06-21,,,
"	156",堡林,2019-06-22,0.8,0.8,15:57
"	156",堡林,2019-06-23,0,0,
"	156",堡林,2019-06-24,,,
"	156",堡林,2019-06-25,,,
"	156",堡林,2019-06-26,24.8,6.1,12:58
"	156",堡林,2019-06-27,0.7,0.6,4:05
"	156",堡林,2019-06-28,,,
"	156",堡林,2019-06-29,83,28.3,16:23
"	156",堡林,2019-06-30,,,
"	156",堡林,2019-07-01,10.9,10.4,16:24
"	156",堡林,2019-07-02,1.1,1.1,1:02
"	156",堡林,2019-07-03,,,
"	156",堡林,2019-07-04,,,
"	156",堡林,2019-07-05,,,
"	156",堡林,2019-07-06,,,
"	156",堡林,2019-07-07,0.4,0.4,17:08
"	156",堡林,2019-07-08,0,0,
"	156",堡林,2019-07-09,0,0,
"	156",堡林,2019-07-10,38.8,9.2,19:05
"	156",堡林,2019-07-11,0,0,
"	156",堡林,2019-07-12,,,
"	156",堡林,2019-07-13,0,0,
"	156",堡林,2019-07-14,,,
"	156",堡林,2019-07-15,0,0,
"	156",堡林,2019-07-16,18.5,18.1,18:38
"	156",堡林,2019-07-17,5.4,6.4,23:13
"	156",堡林,2019-07-18,26,9.1,2:17
"	156",堡林,2019-07-19,4,1.4,16:19
"	156",堡林,2019-07-20,36.6,7.7,21:09
"	156",堡林,2019-07-21,13,3.6,0:58
"	156",堡林,2019-07-22,0,0,
"	156",堡林,2019-07-23,,,
"	156",堡林,2019-07-24,0,0,
"	156",堡林,2019-07-25,0,0,
"	156",堡林,2019-07-26,12.1,7.6,18:13
"	156",堡林,2019-07-27,61.6,28.6,7:06
"	156",堡林,2019-07-28,13.8,10.5,7:16
"	156",堡林,2019-07-29,,,
"	156",堡林,2019-07-30,0,0,
"	156",堡林,2019-07-31,,,
"	156",堡林,2019-08-01,,,
"	156",堡林,2019-08-02,,,
"	156",堡林,2019-08-03,,,
"	156",堡林,2019-08-04,,,
"	156",堡林,2019-08-05,,,
"	156",堡林,2019-08-06,,,
"	156",堡林,2019-08-07,,,
"	156",堡林,2019-08-08,2.9,2.9,18:37
"	156",堡林,2019-08-09,,,
"	156",堡林,2019-08-10,,,
"	156",堡林,2019-08-11,14.2,5.5,22:21
"	156",堡林,2019-08-12,1.7,0.8,3:38
"	156",堡林,2019-08-13,,,
"	156",堡林,2019-08-14,0,0,
"	156",堡林,2019-08-15,0,0,
"	156",堡林,2019-08-16,0,0,
"	156",堡林,2019-08-17,0.4,0.4,21:51
"	156",堡林,2019-08-18,,,
"	156",堡林,2019-08-19,,,
"	156",堡林,2019-08-20,0,0,
"	156",堡林,2019-08-21,11.7,7.3,20:17
"	156",堡林,2019-08-22,24.2,10.1,7:50
"	156",堡林,2019-08-23,0,0,
"	156",堡林,2019-08-24,,,
"	156",堡林,2019-08-25,0,0,
"	156",堡林,2019-08-26,,,
"	156",堡林,2019-08-27,8.5,3.7,6:17
"	156",堡林,2019-08-28,1.2,0.6,1:28
"	156",堡林,2019-08-29,0,0,
"	156",堡林,2019-08-30,,,
"	156",堡林,2019-08-31,0,0,
"	156",堡林,2019-09-01,0.4,0.4,16:21
"	156",堡林,2019-09-02,5.5,4.8,12:43
"	156",堡林,2019-09-03,10.6,3.2,18:02
"	156",堡林,2019-09-04,6.1,4.4,3:05
"	156",堡林,2019-09-05,0.4,0.4,23:26
"	156",堡林,2019-09-06,1.4,1.1,0:01
"	156",堡林,2019-09-07,25.9,9.9,5:48
"	156",堡林,2019-09-08,1.4,0.5,22:45
"	156",堡林,2019-09-09,11.9,3.3,6:14
"	156",堡林,2019-09-10,,,
"	156",堡林,2019-09-11,0.3,0.3,21:28
"	156",堡林,2019-09-12,0,0,
"	156",堡林,2019-09-13,,,
"	156",堡林,2019-09-14,,,
"	156",堡林,2019-09-15,,,
"	156",堡林,2019-09-16,,,
"	156",堡林,2019-09-17,,,
"	156",堡林,2019-09-18,,,
"	156",堡林,2019-09-19,,,
"	156",堡林,2019-09-20,,,
"	156",堡林,2019-09-21,49.7,8.1,18:14
"	156",堡林,2019-09-22,52.2,15,9:08
"	156",堡林,2019-09-23,0,0,
"	156",堡林,2019-09-24,,,
"	156",堡林,2019-09-25,,,
"	156",堡林,2019-09-26,,,
"	156",堡林,2019-09-27,,,
"	156",堡林,2019-09-28,0,0,
"	156",堡林,2019-09-29,,,
"	156",堡林,2019-09-30,,,
"	156",堡林,2019-10-01,52.3,21.5,8:22
"	156",堡林,2019-10-02,88.1,12,11:33
"	156",堡林,2019-10-03,0.9,0.6,2:16
"	156",堡林,2019-10-04,0.2,0.2,18:06
"	156",堡林,2019-10-05,,,
"	156",堡林,2019-10-06,,,
"	156",堡林,2019-10-07,6.9,2.5,12:56
"	156",堡林,2019-10-08,0.5,0.5,0:01
"	156",堡林,2019-10-09,,,
"	156",堡林,2019-10-10,,,
"	156",堡林,2019-10-11,,,
"	156",堡林,2019-10-12,,,
"	156",堡林,2019-10-13,,,
"	156",堡林,2019-10-14,,,
"	156",堡林,2019-10-15,,,
"	156",堡林,2019-10-16,,,
"	156",堡林,2019-10-17,0,0,
"	156",堡林,2019-10-18,1,1,20:55
"	156",堡林,2019-10-19,0,0,
"	156",堡林,2019-10-20,,,
"	156",堡林,2019-10-21,,,
"	156",堡林,2019-10-22,,,
"	156",堡林,2019-10-23,,,
"	156",堡林,2019-10-24,,,
"	156",堡林,2019-10-25,0,0,
"	156",堡林,2019-10-26,0,0,
"	156",堡林,2019-10-27,,,
"	156",堡林,2019-10-28,,,
"	156",堡林,2019-10-29,0,0,
"	156",堡林,2019-10-30,,,
"	156",堡林,2019-10-31,,,
"	156",堡林,2019-11-01,,,
"	156",堡林,2019-11-02,,,
"	156",堡林,2019-11-03,,,
"	156",堡林,2019-11-04,,,
"	156",堡林,2019-11-05,,,
"	156",堡林,2019-11-06,,,
"	156",堡林,2019-11-07,,,
"	156",堡林,2019-11-08,,,
"	156",堡林,2019-11-09,,,
"	156",堡林,2019-11-10,9.8,,
"	156",堡林,2019-11-11,1,,
"	156",堡林,2019-11-12,,,
"	156",堡林,2019-11-13,3.5,,
"	156",堡林,2019-11-14,0.1,,
"	156",堡林,2019-11-15,,,
"	156",堡林,2019-11-16,,,
"	156",堡林,2019-11-17,0.7,,
"	156",堡林,2019-11-18,7.7,,
"	156",堡林,2019-11-19,0,,
"	156",堡林,2019-11-20,,,
"	156",堡林,2019-11-21,,,
"	156",堡林,2019-11-22,,,
"	156",堡林,2019-11-23,0,,
"	156",堡林,2019-11-24,0,,
"	156",堡林,2019-11-25,,,
"	156",堡林,2019-11-26,,,
"	156",堡林,2019-11-27,,,
"	156",堡林,2019-11-28,,,
"	156",堡林,2019-11-29,,,
"	156",堡林,2019-11-30,,,
"	156",堡林,2019-12-01,18.3,,
"	156",堡林,2019-12-02,0,,
"	156",堡林,2019-12-03,0.1,,
"	156",堡林,2019-12-04,0,,
"	156",堡林,2019-12-05,0,,
"	156",堡林,2019-12-06,,,
"	156",堡林,2019-12-07,,,
"	156",堡林,2019-12-08,,,
"	156",堡林,2019-12-09,,,
"	156",堡林,2019-12-10,,,
"	156",堡林,2019-12-11,,,
"	156",堡林,2019-12-12,,,
"	156",堡林,2019-12-13,,,
"	156",堡林,2019-12-14,0.1,,
"	156",堡林,2019-12-15,,,
"	156",堡林,2019-12-16,,,
"	156",堡林,2019-12-17,2.6,,
"	156",堡林,2019-12-18,,,
"	156",堡林,2019-12-19,,,
"	156",堡林,2019-12-20,0,,
"	156",堡林,2019-12-21,,,
"	156",堡林,2019-12-22,,,
"	156",堡林,2019-12-23,0,,
"	156",堡林,2019-12-24,,,
"	156",堡林,2019-12-25,,,
"	156",堡林,2019-12-26,0.4,,
"	156",堡林,2019-12-27,0,,
"	156",堡林,2019-12-28,,,
"	156",堡林,2019-12-29,9.8,,
"	156",堡林,2019-12-30,0.3,,
"	156",堡林,2019-12-31,0,,
"	156",堡林,2020-01-01,,,
"	156",堡林,2020-01-02,,,
"	156",堡林,2020-01-03,,,
"	156",堡林,2020-01-04,,,
"	156",堡林,2020-01-05,,,
"	156",堡林,2020-01-06,15.5,,
"	156",堡林,2020-01-07,32,,
"	156",堡林,2020-01-08,2.8,,
"	156",堡林,2020-01-09,,,
"	156",堡林,2020-01-10,,,
"	156",堡林,2020-01-11,,,
"	156",堡林,2020-01-12,,,
"	156",堡林,2020-01-13,,,
"	156",堡林,2020-01-14,,,
"	156",堡林,2020-01-15,,,
"	156",堡林,2020-01-16,,,
"	156",堡林,2020-01-17,,,
"	156",堡林,2020-01-18,,,
"	156",堡林,2020-01-19,0,,
"	156",堡林,2020-01-20,,,
"	156",堡林,2020-01-21,,,
"	156",堡林,2020-01-22,9.2,,
"	156",堡林,2020-01-23,1.1,,
"	156",堡林,2020-01-24,,,
"	156",堡林,2020-01-25,,,
"	156",堡林,2020-01-26,,,
"	156",堡林,2020-01-27,14.3,,
"	156",堡林,2020-01-28,,,
"	156",堡林,2020-01-29,0,,
"	156",堡林,2020-01-30,,,
"	156",堡林,2020-01-31,0,,
"	156",堡林,2020-02-01,,,
"	156",堡林,2020-02-02,,,
"	156",堡林,2020-02-03,0,,
"	156",堡林,2020-02-04,0,,
"	156",堡林,2020-02-05,0,,
"	156",堡林,2020-02-06,,,
"	156",堡林,2020-02-07,,,
"	156",堡林,2020-02-08,,,
"	156",堡林,2020-02-09,,,
"	156",堡林,2020-02-10,,,
"	156",堡林,2020-02-11,0.1,,
"	156",堡林,2020-02-12,10.9,,
"	156",堡林,2020-02-13,0.1,,
"	156",堡林,2020-02-14,,,
"	156",堡林,2020-02-15,4.8,,
"	156",堡林,2020-02-16,7.4,,
"	156",堡林,2020-02-17,6.2,,
"	156",堡林,2020-02-18,0,,
"	156",堡林,2020-02-19,,,
"	156",堡林,2020-02-20,,,
"	156",堡林,2020-02-21,3,,
"	156",堡林,2020-02-22,2.1,,
"	156",堡林,2020-02-23,,,
"	156",堡林,2020-02-24,0.9,,
"	156",堡林,2020-02-25,7.8,,
"	156",堡林,2020-02-26,2.1,,
"	156",堡林,2020-02-27,,,
"	156",堡林,2020-02-28,2.4,,
"	156",堡林,2020-02-29,,,
"	156",堡林,2020-03-01,0,,
"	156",堡林,2020-03-02,,,
"	156",堡林,2020-03-03,,,
"	156",堡林,2020-03-04,0,,
"	156",堡林,2020-03-05,,,
"	156",堡林,2020-03-06,,,
"	156",堡林,2020-03-07,9.1,,
"	156",堡林,2020-03-08,,,
"	156",堡林,2020-03-09,4.5,,
"	156",堡林,2020-03-10,7.1,,
"	156",堡林,2020-03-11,,,
"	156",堡林,2020-03-12,,,
"	156",堡林,2020-03-13,,,
"	156",堡林,2020-03-14,,,
"	156",堡林,2020-03-15,,,
"	156",堡林,2020-03-16,,,
"	156",堡林,2020-03-17,,,
"	156",堡林,2020-03-18,,,
"	156",堡林,2020-03-19,,,
"	156",堡林,2020-03-20,,,
"	156",堡林,2020-03-21,,,
"	156",堡林,2020-03-22,,,
"	156",堡林,2020-03-23,,,
"	156",堡林,2020-03-24,,,
"	156",堡林,2020-03-25,,,
"	156",堡林,2020-03-26,17.7,,
"	156",堡林,2020-03-27,5.1,,
"	156",堡林,2020-03-28,,,
"	156",堡林,2020-03-29,,,
"	156",堡林,2020-03-30,,,
"	156",堡林,2020-03-31,,,
"	156",堡林,2020-04-01,0,0,
"	156",堡林,2020-04-02,,,
"	156",堡林,2020-04-03,,,
"	156",堡林,2020-04-04,,,
"	156",堡林,2020-04-05,,,
"	156",堡林,2020-04-06,,,
"	156",堡林,2020-04-07,,,
"	156",堡林,2020-04-08,,,
"	156",堡林,2020-04-09,,,
"	156",堡林,2020-04-10,,,
"	156",堡林,2020-04-11,5.3,1.4,15:00
"	156",堡林,2020-04-12,1.5,1.2,17:11
"	156",堡林,2020-04-13,,,
"	156",堡林,2020-04-14,,,
"	156",堡林,2020-04-15,,,
"	156",堡林,2020-04-16,,,
"	156",堡林,2020-04-17,21.2,4.7,4:30
"	156",堡林,2020-04-18,0,0,
"	156",堡林,2020-04-19,27.3,7.9,18:20
"	156",堡林,2020-04-20,0,0,
"	156",堡林,2020-04-21,,,
"	156",堡林,2020-04-22,0,0,
"	156",堡林,2020-04-23,,,
"	156",堡林,2020-04-24,,,
"	156",堡林,2020-04-25,,,
"	156",堡林,2020-04-26,,,
"	156",堡林,2020-04-27,,,
"	156",堡林,2020-04-28,,,
"	156",堡林,2020-04-29,,,
"	156",堡林,2020-04-30,,,
"	156",堡林,2020-05-01,,,
"	156",堡林,2020-05-02,0.3,0.3,15:48
"	156",堡林,2020-05-03,25.4,7.9,3:44
"	156",堡林,2020-05-04,,,
"	156",堡林,2020-05-05,0,0,
"	156",堡林,2020-05-06,,,
"	156",堡林,2020-05-07,,,
"	156",堡林,2020-05-08,4.4,1.7,20:16
"	156",堡林,2020-05-09,22.4,7.7,0:09
"	156",堡林,2020-05-10,0,0,
"	156",堡林,2020-05-11,,,
"	156",堡林,2020-05-12,,,
"	156",堡林,2020-05-13,,,
"	156",堡林,2020-05-14,,,
"	156",堡林,2020-05-15,14.5,4.2,5:32
"	156",堡林,2020-05-16,0,0,
"	156",堡林,2020-05-17,0,0,
"	156",堡林,2020-05-18,14.3,11.4,18:38
"	156",堡林,2020-05-19,4.2,2.6,10:40
"	156",堡林,2020-05-20,,,
"	156",堡林,2020-05-21,,,
"	156",堡林,2020-05-22,,,
"	156",堡林,2020-05-23,,,
"	156",堡林,2020-05-24,8,7.3,11:27
"	156",堡林,2020-05-25,,,
"	156",堡林,2020-05-26,,,
"	156",堡林,2020-05-27,0,0,
"	156",堡林,2020-05-28,,,
"	156",堡林,2020-05-29,,,
"	156",堡林,2020-05-30,,,
"	156",堡林,2020-05-31,3.3,2.2,4:09
"	156",堡林,2020-06-01,0,0,
"	156",堡林,2020-06-02,,,
"	156",堡林,2020-06-03,0,0,
"	156",堡林,2020-06-04,,,
"	156",堡林,2020-06-05,,,
"	156",堡林,2020-06-06,0.2,0.2,
"	156",堡林,2020-06-07,,,
"	156",堡林,2020-06-08,,,
"	156",堡林,2020-06-09,,,
"	156",堡林,2020-06-10,3.5,3.1,16:51
"	156",堡林,2020-06-11,0.5,0.2,
"	156",堡林,2020-06-12,15.9,9.1,22:16
"	156",堡林,2020-06-13,36.3,10.1,2:18
"	156",堡林,2020-06-14,50.3,17.7,2:54
"	156",堡林,2020-06-15,,,
"	156",堡林,2020-06-16,,,
"	156",堡林,2020-06-17,2,1.1,23:11
"	156",堡林,2020-06-18,33.8,6,11:10
"	156",堡林,2020-06-19,2.4,1.3,4:50
"	156",堡林,2020-06-20,0,0,
"	156",堡林,2020-06-21,,,
"	156",堡林,2020-06-22,,,
"	156",堡林,2020-06-23,,,
"	156",堡林,2020-06-24,8.6,4.6,11:49
"	156",堡林,2020-06-25,0,0,
"	156",堡林,2020-06-26,0,0,
"	156",堡林,2020-06-27,,,
"	156",堡林,2020-06-28,,,
"	156",堡林,2020-06-29,41.5,19.4,12:38
"	156",堡林,2020-06-30,4.9,1.2,1:47
"	156",堡林,2020-07-01,,,
"	156",堡林,2020-07-02,,,
"	156",堡林,2020-07-03,7.4,4,18:10
"	156",堡林,2020-07-04,0,0,
"	156",堡林,2020-07-05,,,
"	156",堡林,2020-07-06,0.3,0.3,10:23
"	156",堡林,2020-07-07,0,0,
"	156",堡林,2020-07-08,,,
"	156",堡林,2020-07-09,0,0,
"	156",堡林,2020-07-10,68.1,38.8,3:57
"	156",堡林,2020-07-11,,,
"	156",堡林,2020-07-12,37,10.1,15:20
"	156",堡林,2020-07-13,121.2,30.9,5:58
"	156",堡林,2020-07-14,1.3,0.7,22:45
"	156",堡林,2020-07-15,9.8,2.4,17:03
"	156",堡林,2020-07-16,,,
"	156",堡林,2020-07-17,,,
"	156",堡林,2020-07-18,,,
"	156",堡林,2020-07-19,,,
"	156",堡林,2020-07-20,6.1,4.7,22:34
"	156",堡林,2020-07-21,9.4,6.4,20:40
"	156",堡林,2020-07-22,19.7,8.1,2:17
"	156",堡林,2020-07-23,54.1,13.4,8:58
"	156",堡林,2020-07-24,21.9,8.7,15:54
"	156",堡林,2020-07-25,1.6,1.1,5:22
"	156",堡林,2020-07-26,,,
"	156",堡林,2020-07-27,8.9,4.3,16:58
"	156",堡林,2020-07-28,47.8,23.2,13:49
"	156",堡林,2020-07-29,115.5,33.6,9:06
"	156",堡林,2020-07-30,3.2,1.7,6:08
"	156",堡林,2020-07-31,0,0,
"	156",堡林,2020-08-01,2.9,2.9,15:25
"	156",堡林,2020-08-02,0.7,0.7,10:14
"	156",堡林,2020-08-03,,,
"	156",堡林,2020-08-04,,,
"	156",堡林,2020-08-05,6.6,3.5,10:57
"	156",堡林,2020-08-06,38.8,18.4,7:30
"	156",堡林,2020-08-07,259.5,52.9,23:00
"	156",堡林,2020-08-08,255.5,82,6:02
"	156",堡林,2020-08-09,17.6,15,0:06
"	156",堡林,2020-08-10,72.3,47.5,20:27
"	156",堡林,2020-08-11,9.3,3.3,16:55
"	156",堡林,2020-08-12,4.6,2.4,6:55
"	156",堡林,2020-08-13,,,
"	156",堡林,2020-08-14,,,
"	156",堡林,2020-08-15,,,
"	156",堡林,2020-08-16,,,
"	156",堡林,2020-08-17,,,
"	156",堡林,2020-08-18,,,
"	156",堡林,2020-08-19,,,
"	156",堡林,2020-08-20,,,
"	156",堡林,2020-08-21,,,
"	156",堡林,2020-08-22,0,0,
"	156",堡林,2020-08-23,0,0,
"	156",堡林,2020-08-24,,,
"	156",堡林,2020-08-25,0,0,
"	156",堡林,2020-08-26,33.6,9.2,11:38
"	156",堡林,2020-08-27,,,
"	156",堡林,2020-08-28,0,0,
"	156",堡林,2020-08-29,26.7,23.8,15:26
"	156",堡林,2020-08-30,,,
"	156",堡林,2020-08-31,10,10,13:26
"	156",堡林,2020-09-01,0.1,0.1,
"	156",堡林,2020-09-02,49.4,10.7,21:24
"	156",堡林,2020-09-03,17,10.9,2:57
"	156",堡林,2020-09-04,,,
"	156",堡林,2020-09-05,0,0,
"	156",堡林,2020-09-06,11.3,2.9,21:57
"	156",堡林,2020-09-07,30.1,6.6,2:04
"	156",堡林,2020-09-08,0,0,
"	156",堡林,2020-09-09,25.3,10,5:16
"	156",堡林,2020-09-10,,,
"	156",堡林,2020-09-11,26.6,11.8,19:26
"	156",堡林,2020-09-12,5.8,3.2,0:32
"	156",堡林,2020-09-13,4.2,2.3,8:38
"	156",堡林,2020-09-14,,,
"	156",堡林,2020-09-15,,,
"	156",堡林,2020-09-16,2.8,1.8,2:33
"	156",堡林,2020-09-17,2,0.9,18:23
"	156",堡林,2020-09-18,3.7,2.1,0:28
"	156",堡林,2020-09-19,0,0,
"	156",堡林,2020-09-20,,,
"	156",堡林,2020-09-21,,,
"	156",堡林,2020-09-22,,,
"	156",堡林,2020-09-23,,,
"	156",堡林,2020-09-24,,,
"	156",堡林,2020-09-25,,,
"	156",堡林,2020-09-26,,,
"	156",堡林,2020-09-27,,,
"	156",堡林,2020-09-28,,,
"	156",堡林,2020-09-29,,,
"	156",堡林,2020-09-30,,,
"	156",堡林,2020-10-01,,,
"	156",堡林,2020-10-02,,,
"	156",堡林,2020-10-03,0.5,0.5,2:31
"	156",堡林,2020-10-04,0.9,0.9,5:44
"	156",堡林,2020-10-05,,,
"	156",堡林,2020-10-06,,,
"	156",堡林,2020-10-07,,,
"	156",堡林,2020-10-08,,,
"	156",堡林,2020-10-09,,,
"	156",堡林,2020-10-10,,,
"	156",堡林,2020-10-11,,,
"	156",堡林,2020-10-12,,,
"	156",堡林,2020-10-13,,,
"	156",堡林,2020-10-14,,,
"	156",堡林,2020-10-15,,,
"	156",堡林,2020-10-16,,,
"	156",堡林,2020-10-17,,,
"	156",堡林,2020-10-18,,,
"	156",堡林,2020-10-19,,,
"	156",堡林,2020-10-20,,,
"	156",堡林,2020-10-21,10.7,3.3,16:04
"	156",堡林,2020-10-22,,,
"	156",堡林,2020-10-23,,,
"	156",堡林,2020-10-24,,,
"	156",堡林,2020-10-25,,,
"	156",堡林,2020-10-26,,,
"	156",堡林,2020-10-27,,,
"	156",堡林,2020-10-28,,,
"	156",堡林,2020-10-29,,,
"	156",堡林,2020-10-30,,,
"	156",堡林,2020-10-31,,,
"	156",堡林,2020-11-01,1.7,,
"	156",堡林,2020-11-02,0.3,,
"	156",堡林,2020-11-03,0,,
"	156",堡林,2020-11-04,,,
"	156",堡林,2020-11-05,,,
"	156",堡林,2020-11-06,0,,
"	156",堡林,2020-11-07,,,
"	156",堡林,2020-11-08,,,
"	156",堡林,2020-11-09,,,
"	156",堡林,2020-11-10,0,,
"	156",堡林,2020-11-11,,,
"	156",堡林,2020-11-12,,,
"	156",堡林,2020-11-13,,,
"	156",堡林,2020-11-14,,,
"	156",堡林,2020-11-15,,,
"	156",堡林,2020-11-16,,,
"	156",堡林,2020-11-17,3.1,,
"	156",堡林,2020-11-18,0.5,,
"	156",堡林,2020-11-19,21.1,,
"	156",堡林,2020-11-20,,,
"	156",堡林,2020-11-21,,,
"	156",堡林,2020-11-22,1.6,,
"	156",堡林,2020-11-23,,,
"	156",堡林,2020-11-24,,,
"	156",堡林,2020-11-25,,,
"	156",堡林,2020-11-26,0,,
"	156",堡林,2020-11-27,,,
"	156",堡林,2020-11-28,,,
"	156",堡林,2020-11-29,,,
"	156",堡林,2020-11-30,,,
"	156",堡林,2020-12-01,,,
"	156",堡林,2020-12-02,,,
"	156",堡林,2020-12-03,,,
"	156",堡林,2020-12-04,,,
"	156",堡林,2020-12-05,,,
"	156",堡林,2020-12-06,,,
"	156",堡林,2020-12-07,,,
"	156",堡林,2020-12-08,,,
"	156",堡林,2020-12-09,,,
"	156",堡林,2020-12-10,,,
"	156",堡林,2020-12-11,,,
"	156",堡林,2020-12-12,,,
"	156",堡林,2020-12-13,1.3,,
"	156",堡林,2020-12-14,0,,
"	156",堡林,2020-12-15,0,,
"	156",堡林,2020-12-16,0,,
"	156",堡林,2020-12-17,,,
"	156",堡林,2020-12-18,0,,
"	156",堡林,2020-12-19,,,
"	156",堡林,2020-12-20,,,
"	156",堡林,2020-12-21,,,
"	156",堡林,2020-12-22,,,
"	156",堡林,2020-12-23,,,
"	156",堡林,2020-12-24,,,
"	156",堡林,2020-12-25,0,,
"	156",堡林,2020-12-26,,,
"	156",堡林,2020-12-27,7.9,,
"	156",堡林,2020-12-28,,,
"	156",堡林,2020-12-29,3.8,,
"	156",堡林,2020-12-30,5.1,,
"	156",堡林,2020-12-31,0.6,,
"	156",堡林,2021-01-01,0,,
"	156",堡林,2021-01-02,0.5,,
"	156",堡林,2021-01-03,,,
"	156",堡林,2021-01-04,,,
"	156",堡林,2021-01-05,0,,
"	156",堡林,2021-01-06,1.2,,
"	156",堡林,2021-01-07,2,,
"	156",堡林,2021-01-08,,,
"	156",堡林,2021-01-09,0,,
"	156",堡林,2021-01-10,0,,
"	156",堡林,2021-01-11,,,
"	156",堡林,2021-01-12,0,,
"	156",堡林,2021-01-13,,,
"	156",堡林,2021-01-14,,,
"	156",堡林,2021-01-15,,,
"	156",堡林,2021-01-16,,,
"	156",堡林,2021-01-17,0,,
"	156",堡林,2021-01-18,4,,
"	156",堡林,2021-01-19,,,
"	156",堡林,2021-01-20,,,
"	156",堡林,2021-01-21,6.8,,
"	156",堡林,2021-01-22,2.9,,
"	156",堡林,2021-01-23,4,,
"	156",堡林,2021-01-24,,,
"	156",堡林,2021-01-25,,,
"	156",堡林,2021-01-26,8.7,,
"	156",堡林,2021-01-27,,,
"	156",堡林,2021-01-28,1,,
"	156",堡林,2021-01-29,0,,
"	156",堡林,2021-01-30,0.1,,
"	156",堡林,2021-01-31,1.8,,
"	156",堡林,2021-02-01,11.6,,
"	156",堡林,2021-02-02,,,
"	156",堡林,2021-02-03,0,,
"	156",堡林,2021-02-04,1.1,,
"	156",堡林,2021-02-05,,,
"	156",堡林,2021-02-06,,,
"	156",堡林,2021-02-07,,,
"	156",堡林,2021-02-08,,,
"	156",堡林,2021-02-09,,,
"	156",堡林,2021-02-10,,,
"	156",堡林,2021-02-11,,,
"	156",堡林,2021-02-12,,,
"	156",堡林,2021-02-13,,,
"	156",堡林,2021-02-14,0,,
"	156",堡林,2021-02-15,0.6,,
"	156",堡林,2021-02-16,0.9,,
"	156",堡林,2021-02-17,1.5,,
"	156",堡林,2021-02-18,0.2,,
"	156",堡林,2021-02-19,,,
"	156",堡林,2021-02-20,,,
"	156",堡林,2021-02-21,,,
"	156",堡林,2021-02-22,,,
"	156",堡林,2021-02-23,,,
"	156",堡林,2021-02-24,,,
"	156",堡林,2021-02-25,14.8,,
"	156",堡林,2021-02-26,0,,
"	156",堡林,2021-02-27,,,
"	156",堡林,2021-02-28,0.4,,
"	156",堡林,2021-03-01,39.7,,
"	156",堡林,2021-03-02,,,
"	156",堡林,2021-03-03,,,
"	156",堡林,2021-03-04,8.9,,
"	156",堡林,2021-03-05,,,
"	156",堡林,2021-03-06,,,
"	156",堡林,2021-03-07,,,
"	156",堡林,2021-03-08,,,
"	156",堡林,2021-03-09,,,
"	156",堡林,2021-03-10,,,
"	156",堡林,2021-03-11,1.6,,
"	156",堡林,2021-03-12,16.2,,
"	156",堡林,2021-03-13,,,
"	156",堡林,2021-03-14,,,
"	156",堡林,2021-03-15,2.4,,
"	156",堡林,2021-03-16,3.5,,
"	156",堡林,2021-03-17,,,
"	156",堡林,2021-03-18,,,
"	156",堡林,2021-03-19,,,
"	156",堡林,2021-03-20,11.1,,
"	156",堡林,2021-03-21,,,
"	156",堡林,2021-03-22,,,
"	156",堡林,2021-03-23,,,
"	156",堡林,2021-03-24,,,
"	156",堡林,2021-03-25,,,
"	156",堡林,2021-03-26,,,
"	156",堡林,2021-03-27,38.5,,
"	156",堡林,2021-03-28,0.5,,
"	156",堡林,2021-03-29,,,
"	156",堡林,2021-03-30,,,
"	156",堡林,2021-03-31,,,
"	156",堡林,2021-04-01,,,
"	156",堡林,2021-04-02,0,0,
"	156",堡林,2021-04-03,11.6,6.2,13:06
"	156",堡林,2021-04-04,3.3,1.3,4:31
"	156",堡林,2021-04-05,,,
"	156",堡林,2021-04-06,,,
"	156",堡林,2021-04-07,,,
"	156",堡林,2021-04-08,,,
"	156",堡林,2021-04-09,,,
"	156",堡林,2021-04-10,,,
"	156",堡林,2021-04-11,,,
"	156",堡林,2021-04-12,16.9,2.7,18:31
"	156",堡林,2021-04-13,0.3,0.2,
"	156",堡林,2021-04-14,,,
"	156",堡林,2021-04-15,,,
"	156",堡林,2021-04-16,0,0,
"	156",堡林,2021-04-17,,,
"	156",堡林,2021-04-18,,,
"	156",堡林,2021-04-19,,,
"	156",堡林,2021-04-20,,,
"	156",堡林,2021-04-21,,,
"	156",堡林,2021-04-22,,,
"	156",堡林,2021-04-23,,,
"	156",堡林,2021-04-24,,,
"	156",堡林,2021-04-25,,,
"	156",堡林,2021-04-26,,,
"	156",堡林,2021-04-27,0,0,
"	156",堡林,2021-04-28,,,
"	156",堡林,2021-04-29,1.8,1.8,21:54
"	156",堡林,2021-04-30,0.3,0.3,21:55
"	156",堡林,2021-05-01,12.8,6.4,1:19
"	156",堡林,2021-05-02,,,
"	156",堡林,2021-05-03,,,
"	156",堡林,2021-05-04,13.6,3.8,17:45
"	156",堡林,2021-05-05,0,0,
"	156",堡林,2021-05-06,,,
"	156",堡林,2021-05-07,,,
"	156",堡林,2021-05-08,,,
"	156",堡林,2021-05-09,,,
"	156",堡林,2021-05-10,0,0,
"	156",堡林,2021-05-11,,,
"	156",堡林,2021-05-12,,,
"	156",堡林,2021-05-13,,,
"	156",堡林,2021-05-14,0,0,
"	156",堡林,2021-05-15,30.2,6.7,7:37
"	156",堡林,2021-05-16,59.6,14.9,15:38
"	156",堡林,2021-05-17,1.4,1.3,12:55
"	156",堡林,2021-05-18,,,
"	156",堡林,2021-05-19,,,
"	156",堡林,2021-05-20,11.2,4.5,8:44
"	156",堡林,2021-05-21,0.2,0.2,
"	156",堡林,2021-05-22,,,
"	156",堡林,2021-05-23,0,0,
"	156",堡林,2021-05-24,0.4,0.4,5:01
"	156",堡林,2021-05-25,0,0,
"	156",堡林,2021-05-26,,,
"	156",堡林,2021-05-27,0,0,
"	156",堡林,2021-05-28,10,10,12:55
"	156",堡林,2021-05-29,,,
"	156",堡林,2021-05-30,0,0,
"	156",堡林,2021-05-31,,,
"	156",堡林,2021-06-01,,,
"	156",堡林,2021-06-02,,,
"	156",堡林,2021-06-03,22.7,7.5,10:45
"	156",堡林,2021-06-04,1.4,1.1,0:36
"	156",堡林,2021-06-05,,,
"	156",堡林,2021-06-06,0,0,
"	156",堡林,2021-06-07,,,
"	156",堡林,2021-06-08,,,
"	156",堡林,2021-06-09,,,
"	156",堡林,2021-06-10,9.7,5.7,22:56
"	156",堡林,2021-06-11,27.4,12.1,0:43
"	156",堡林,2021-06-12,,,
"	156",堡林,2021-06-13,,,
"	156",堡林,2021-06-14,,,
"	156",堡林,2021-06-15,21.2,8.7,15:23
"	156",堡林,2021-06-16,,,
"	156",堡林,2021-06-17,0.9,0.9,20:56
"	156",堡林,2021-06-18,4.1,2.5,2:56
"	156",堡林,2021-06-19,,,
"	156",堡林,2021-06-20,,,
"	156",堡林,2021-06-21,,,
"	156",堡林,2021-06-22,,,
"	156",堡林,2021-06-23,0.2,0.2,
"	156",堡林,2021-06-24,0,0,
"	156",堡林,2021-06-25,6.4,6.4,19:15
"	156",堡林,2021-06-26,0.3,0.2,
"	156",堡林,2021-06-27,0.9,0.9,17:45
"	156",堡林,2021-06-28,18.8,15.2,15:10
"	156",堡林,2021-06-29,1.1,1.1,16:30
"	156",堡林,2021-06-30,3,2.6,17:25
"	156",堡林,2021-07-01,,,
"	156",堡林,2021-07-02,0,0,
"	156",堡林,2021-07-03,27,6.3,21:26
"	156",堡林,2021-07-04,1.6,1.2,1:39
"	156",堡林,2021-07-05,29.1,6.3,13:30
"	156",堡林,2021-07-06,119.5,30.1,4:45
"	156",堡林,2021-07-07,17.9,7.1,14:12
"	156",堡林,2021-07-08,0.9,0.7,5:15
"	156",堡林,2021-07-09,4.2,2.8,4:22
"	156",堡林,2021-07-10,,,
"	156",堡林,2021-07-11,0,0,
"	156",堡林,2021-07-12,,,
"	156",堡林,2021-07-13,,,
"	156",堡林,2021-07-14,,,
"	156",堡林,2021-07-15,,,
"	156",堡林,2021-07-16,1.4,1.4,14:33
"	156",堡林,2021-07-17,0.2,0.2,
"	156",堡林,2021-07-18,,,
"	156",堡林,2021-07-19,,,
"	156",堡林,2021-07-20,0,0,
"	156",堡林,2021-07-21,,,
"	156",堡林,2021-07-22,,,
"	156",堡林,2021-07-23,,,
"	156",堡林,2021-07-24,,,
"	156",堡林,2021-07-25,,,
"	156",堡林,2021-07-26,,,
"	156",堡林,2021-07-27,,,
"	156",堡林,2021-07-28,,,
"	156",堡林,2021-07-29,,,
"	156",堡林,2021-07-30,0.4,0.4,21:51
"	156",堡林,2021-07-31,25.4,23.9,1:01
"	156",堡林,2021-08-01,1,1,
"	156",堡林,2021-08-02,45.3,24.5,21:59
"	156",堡林,2021-08-03,9.9,3.7,1:46
"	156",堡林,2021-08-04,0,0,
"	156",堡林,2021-08-05,,,
"	156",堡林,2021-08-06,59.4,57.2,17:10
"	156",堡林,2021-08-07,,,
"	156",堡林,2021-08-08,5,5,16:45
"	156",堡林,2021-08-09,,,
"	156",堡林,2021-08-10,,,
"	156",堡林,2021-08-11,0,0,
"	156",堡林,2021-08-12,0.6,0.6,17:48
"	156",堡林,2021-08-13,4,2.2,21:33
"	156",堡林,2021-08-14,12.8,2.5,2:21
"	156",堡林,2021-08-15,13.7,8.6,16:05
"	156",堡林,2021-08-16,,,
"	156",堡林,2021-08-17,17.2,15.6,20:55
"	156",堡林,2021-08-18,22.7,20.1,16:05
"	156",堡林,2021-08-19,19.2,16.4,15:29
"	156",堡林,2021-08-20,,,
"	156",堡林,2021-08-21,19.9,9.6,9:24
"	156",堡林,2021-08-22,,,
"	156",堡林,2021-08-23,30.6,19.5,19:34
"	156",堡林,2021-08-24,29.6,21.6,8:04
"	156",堡林,2021-08-25,10.7,4.5,8:31
"	156",堡林,2021-08-26,,,
"	156",堡林,2021-08-27,10.6,3,7:39
"	156",堡林,2021-08-28,0,0,
"	156",堡林,2021-08-29,24.6,19.7,9:50
"	156",堡林,2021-08-30,1.9,1.9,18:14
"	156",堡林,2021-08-31,,,
"	156",堡林,2021-09-01,45.7,43.5,9:01
"	156",堡林,2021-09-02,3.4,1.8,11:29
"	156",堡林,2021-09-03,1.3,0.5,
"	156",堡林,2021-09-04,0,0,
"	156",堡林,2021-09-05,1.1,1.1,16:50
"	156",堡林,2021-09-06,2.1,0.8,10:31
"	156",堡林,2021-09-07,2.4,1.2,6:24
"	156",堡林,2021-09-08,0,0,
"	156",堡林,2021-09-09,,,
"	156",堡林,2021-09-10,0,0,
"	156",堡林,2021-09-11,,,
"	156",堡林,2021-09-12,,,
"	156",堡林,2021-09-13,,,
"	156",堡林,2021-09-14,2.5,2,7:46
"	156",堡林,2021-09-15,,,
"	156",堡林,2021-09-16,2,1.3,17:34
"	156",堡林,2021-09-17,3.2,3.2,0:22
"	156",堡林,2021-09-18,,,
"	156",堡林,2021-09-19,,,
"	156",堡林,2021-09-20,,,
"	156",堡林,2021-09-21,32,25.8,5:04
"	156",堡林,2021-09-22,1.9,1.5,10:01
"	156",堡林,2021-09-23,,,
"	156",堡林,2021-09-24,,,
"	156",堡林,2021-09-25,,,
"	156",堡林,2021-09-26,0,0,
"	156",堡林,2021-09-27,0,0,
"	156",堡林,2021-09-28,0.3,0.3,18:12
"	156",堡林,2021-09-29,31.2,26.8,12:20
"	156",堡林,2021-09-30,2,1.5,0:01
"	156",堡林,2021-10-01,,,
"	156",堡林,2021-10-02,,,
"	156",堡林,2021-10-03,,,
"	156",堡林,2021-10-04,,,
"	156",堡林,2021-10-05,,,
"	156",堡林,2021-10-06,,,
"	156",堡林,2021-10-07,,,
"	156",堡林,2021-10-08,0,0,
"	156",堡林,2021-10-09,,,
"	156",堡林,2021-10-10,2.1,2.1,15:59
"	156",堡林,2021-10-11,9.9,2,7:38
"	156",堡林,2021-10-12,5.9,1.3,2:25
"	156",堡林,2021-10-13,,,
"	156",堡林,2021-10-14,,,
"	156",堡林,2021-10-15,12.3,3.5,19:46
"	156",堡林,2021-10-16,4.3,2.4,3:01
"	156",堡林,2021-10-17,,,
"	156",堡林,2021-10-18,,,
"	156",堡林,2021-10-19,0.8,0.4,7:17
"	156",堡林,2021-10-20,,,
"	156",堡林,2021-10-21,,,
"	156",堡林,2021-10-22,,,
"	156",堡林,2021-10-23,,,
"	156",堡林,2021-10-24,,,
"	156",堡林,2021-10-25,,,
"	156",堡林,2021-10-26,,,
"	156",堡林,2021-10-27,,,
"	156",堡林,2021-10-28,,,
"	156",堡林,2021-10-29,,,
"	156",堡林,2021-10-30,,,
"	156",堡林,2021-10-31,,,
"	156",堡林,2021-11-01,,,
"	156",堡林,2021-11-02,,,
"	156",堡林,2021-11-03,,,
"	156",堡林,2021-11-04,0.4,,
"	156",堡林,2021-11-05,,,
"	156",堡林,2021-11-06,,,
"	156",堡林,2021-11-07,,,
"	156",堡林,2021-11-08,21.2,,
"	156",堡林,2021-11-09,0.5,,
"	156",堡林,2021-11-10,20.6,,
"	156",堡林,2021-11-11,7.3,,
"	156",堡林,2021-11-12,2.2,,
"	156",堡林,2021-11-13,0,,
"	156",堡林,2021-11-14,,,
"	156",堡林,2021-11-15,,,
"	156",堡林,2021-11-16,,,
"	156",堡林,2021-11-17,,,
"	156",堡林,2021-11-18,,,
"	156",堡林,2021-11-19,,,
"	156",堡林,2021-11-20,,,
"	156",堡林,2021-11-21,,,
"	156",堡林,2021-11-22,1.9,,
"	156",堡林,2021-11-23,8.5,,
"	156",堡林,2021-11-24,,,
"	156",堡林,2021-11-25,,,
"	156",堡林,2021-11-26,,,
"	156",堡林,2021-11-27,,,
"	156",堡林,2021-11-28,,,
"	156",堡林,2021-11-29,,,
"	156",堡林,2021-11-30,23.2,,
"	156",堡林,2021-12-01,1.5,,
"	156",堡林,2021-12-02,0,,
"	156",堡林,2021-12-03,0.5,,
"	",,,,,
"	",,,,,
"	",,,,,
"		",,,,,
"	",,,,,
"	",,,,,
