"		瘤痢锅龋",瘤痢疙,老矫,乞闭嚼档(%rh),弥历嚼档(%rh)
"		156",堡林,2016-01-01,73.1,50
"		156",堡林,2016-01-02,78.6,57
"		156",堡林,2016-01-03,78.9,47
"		156",堡林,2016-01-04,66.5,34
"		156",堡林,2016-01-05,40.3,23
"		156",堡林,2016-01-06,54.1,30
"		156",堡林,2016-01-07,63.4,51
"		156",堡林,2016-01-08,81,57
"		156",堡林,2016-01-09,65,40
"		156",堡林,2016-01-10,59.4,37
"		156",堡林,2016-01-11,48.8,40
"		156",堡林,2016-01-12,53.6,30
"		156",堡林,2016-01-13,70.8,40
"		156",堡林,2016-01-14,74.4,43
"		156",堡林,2016-01-15,63.5,37
"		156",堡林,2016-01-16,59.5,31
"		156",堡林,2016-01-17,76.5,49
"		156",堡林,2016-01-18,84.9,59
"		156",堡林,2016-01-19,79.5,43
"		156",堡林,2016-01-20,64.1,48
"		156",堡林,2016-01-21,59.8,50
"		156",堡林,2016-01-22,44.6,23
"		156",堡林,2016-01-23,60.8,32
"		156",堡林,2016-01-24,77.6,45
"		156",堡林,2016-01-25,77.6,60
"		156",堡林,2016-01-26,74.8,46
"		156",堡林,2016-01-27,75.9,45
"		156",堡林,2016-01-28,87.6,63
"		156",堡林,2016-01-29,97.5,95
"		156",堡林,2016-01-30,81.9,56
"		156",堡林,2016-01-31,63.9,52
"		156",堡林,2016-02-01,58.9,46
"		156",堡林,2016-02-02,52.6,36
"		156",堡林,2016-02-03,56.5,39
"		156",堡林,2016-02-04,58.9,30
"		156",堡林,2016-02-05,53.6,29
"		156",堡林,2016-02-06,59.1,39
"		156",堡林,2016-02-07,52,28
"		156",堡林,2016-02-08,59,25
"		156",堡林,2016-02-09,48.6,26
"		156",堡林,2016-02-10,48.5,16
"		156",堡林,2016-02-11,53.3,38
"		156",堡林,2016-02-12,95.8,63
"		156",堡林,2016-02-13,94.5,78
"		156",堡林,2016-02-14,81.1,55
"		156",堡林,2016-02-15,73.5,44
"		156",堡林,2016-02-16,69.9,45
"		156",堡林,2016-02-17,56.1,28
"		156",堡林,2016-02-18,61.5,30
"		156",堡林,2016-02-19,58.6,24
"		156",堡林,2016-02-20,44.4,20
"		156",堡林,2016-02-21,42.4,25
"		156",堡林,2016-02-22,44.1,27
"		156",堡林,2016-02-23,43.8,26
"		156",堡林,2016-02-24,49.1,38
"		156",堡林,2016-02-25,47.5,19
"		156",堡林,2016-02-26,74.5,56
"		156",堡林,2016-02-27,55.9,27
"		156",堡林,2016-02-28,76,50
"		156",堡林,2016-02-29,63,45
"		156",堡林,2016-03-01,54.5,37
"		156",堡林,2016-03-02,62.5,26
"		156",堡林,2016-03-03,68.8,37
"		156",堡林,2016-03-04,98.8,74
"		156",堡林,2016-03-05,93,80
"		156",堡林,2016-03-06,69.5,22
"		156",堡林,2016-03-07,65.1,46
"		156",堡林,2016-03-08,63.8,32
"		156",堡林,2016-03-09,51,27
"		156",堡林,2016-03-10,41.3,21
"		156",堡林,2016-03-11,46.6,30
"		156",堡林,2016-03-12,36.3,17
"		156",堡林,2016-03-13,57.3,33
"		156",堡林,2016-03-14,61.1,40
"		156",堡林,2016-03-15,47.6,15
"		156",堡林,2016-03-16,50.3,28
"		156",堡林,2016-03-17,54.8,33
"		156",堡林,2016-03-18,96.6,48
"		156",堡林,2016-03-19,66.1,31
"		156",堡林,2016-03-20,67.8,30
"		156",堡林,2016-03-21,62.9,33
"		156",堡林,2016-03-22,59.1,13
"		156",堡林,2016-03-23,51,25
"		156",堡林,2016-03-24,45.9,24
"		156",堡林,2016-03-25,58.6,24
"		156",堡林,2016-03-26,63.5,29
"		156",堡林,2016-03-27,49.9,24
"		156",堡林,2016-03-28,50.3,17
"		156",堡林,2016-03-29,65.3,48
"		156",堡林,2016-03-30,48,16
"		156",堡林,2016-03-31,43.9,23
"		156",堡林,2016-04-01,44.8,15
"		156",堡林,2016-04-02,53,29
"		156",堡林,2016-04-03,85.1,64
"		156",堡林,2016-04-04,80.5,63
"		156",堡林,2016-04-05,41.9,11
"		156",堡林,2016-04-06,55.3,19
"		156",堡林,2016-04-07,86.3,69
"		156",堡林,2016-04-08,64.1,21
"		156",堡林,2016-04-09,52.6,25
"		156",堡林,2016-04-10,59.5,25
"		156",堡林,2016-04-11,68.5,28
"		156",堡林,2016-04-12,57.9,16
"		156",堡林,2016-04-13,94,79
"		156",堡林,2016-04-14,70.4,41
"		156",堡林,2016-04-15,57.6,23
"		156",堡林,2016-04-16,80.5,56
"		156",堡林,2016-04-17,65.5,42
"		156",堡林,2016-04-18,67,46
"		156",堡林,2016-04-19,54.9,23
"		156",堡林,2016-04-20,58.5,37
"		156",堡林,2016-04-21,97.9,85
"		156",堡林,2016-04-22,76.6,28
"		156",堡林,2016-04-23,56.6,27
"		156",堡林,2016-04-24,32.3,14
"		156",堡林,2016-04-25,46.5,21
"		156",堡林,2016-04-26,67.1,21
"		156",堡林,2016-04-27,98,96
"		156",堡林,2016-04-28,81.4,52
"		156",堡林,2016-04-29,63.1,22
"		156",堡林,2016-04-30,55.5,29
"		156",堡林,2016-05-01,48.5,18
"		156",堡林,2016-05-02,78.6,56
"		156",堡林,2016-05-03,85.6,66
"		156",堡林,2016-05-04,65.1,33
"		156",堡林,2016-05-05,64.1,25
"		156",堡林,2016-05-06,81.5,63
"		156",堡林,2016-05-07,43.4,12
"		156",堡林,2016-05-08,43.9,25
"		156",堡林,2016-05-09,70.6,36
"		156",堡林,2016-05-10,98.8,97
"		156",堡林,2016-05-11,77.1,46
"		156",堡林,2016-05-12,72.3,35
"		156",堡林,2016-05-13,71.6,36
"		156",堡林,2016-05-14,60.8,38
"		156",堡林,2016-05-15,81.6,62
"		156",堡林,2016-05-16,60.6,19
"		156",堡林,2016-05-17,57.5,24
"		156",堡林,2016-05-18,55.8,21
"		156",堡林,2016-05-19,56.5,19
"		156",堡林,2016-05-20,51.9,22
"		156",堡林,2016-05-21,41.6,19
"		156",堡林,2016-05-22,44.9,25
"		156",堡林,2016-05-23,52,29
"		156",堡林,2016-05-24,88.3,64
"		156",堡林,2016-05-25,73.5,38
"		156",堡林,2016-05-26,68.9,39
"		156",堡林,2016-05-27,63.5,38
"		156",堡林,2016-05-28,65.1,37
"		156",堡林,2016-05-29,69.4,46
"		156",堡林,2016-05-30,61.9,39
"		156",堡林,2016-05-31,60.8,33
"		156",堡林,2016-06-01,66.6,35
"		156",堡林,2016-06-02,70.8,33
"		156",堡林,2016-06-03,61.8,36
"		156",堡林,2016-06-04,86.8,57
"		156",堡林,2016-06-05,75.5,49
"		156",堡林,2016-06-06,86.6,71
"		156",堡林,2016-06-07,85.5,64
"		156",堡林,2016-06-08,75.8,58
"		156",堡林,2016-06-09,75.9,47
"		156",堡林,2016-06-10,75.6,51
"		156",堡林,2016-06-11,80.3,62
"		156",堡林,2016-06-12,88.1,74
"		156",堡林,2016-06-13,78.5,46
"		156",堡林,2016-06-14,73.9,43
"		156",堡林,2016-06-15,84,66
"		156",堡林,2016-06-16,83.4,60
"		156",堡林,2016-06-17,69.6,42
"		156",堡林,2016-06-18,74.5,35
"		156",堡林,2016-06-19,75.9,45
"		156",堡林,2016-06-20,97.1,89
"		156",堡林,2016-06-21,84.3,58
"		156",堡林,2016-06-22,93.4,77
"		156",堡林,2016-06-23,84.6,60
"		156",堡林,2016-06-24,92.4,76
"		156",堡林,2016-06-25,75.3,36
"		156",堡林,2016-06-26,70.9,42
"		156",堡林,2016-06-27,78.6,62
"		156",堡林,2016-06-28,77.4,63
"		156",堡林,2016-06-29,85.4,76
"		156",堡林,2016-06-30,87.5,62
"		156",堡林,2016-07-01,93.8,82
"		156",堡林,2016-07-02,98.6,94
"		156",堡林,2016-07-03,99,98
"		156",堡林,2016-07-04,98,92
"		156",堡林,2016-07-05,92.6,72
"		156",堡林,2016-07-06,97.4,89
"		156",堡林,2016-07-07,89.9,62
"		156",堡林,2016-07-08,86.3,62
"		156",堡林,2016-07-09,81.3,46
"		156",堡林,2016-07-10,84.8,60
"		156",堡林,2016-07-11,90.5,76
"		156",堡林,2016-07-12,96.6,82
"		156",堡林,2016-07-13,85.9,64
"		156",堡林,2016-07-14,80.3,55
"		156",堡林,2016-07-15,74.9,55
"		156",堡林,2016-07-16,91.6,74
"		156",堡林,2016-07-17,86.5,65
"		156",堡林,2016-07-18,78.9,53
"		156",堡林,2016-07-19,75.9,55
"		156",堡林,2016-07-20,72.6,52
"		156",堡林,2016-07-21,72.8,53
"		156",堡林,2016-07-22,78.3,62
"		156",堡林,2016-07-23,76.5,59
"		156",堡林,2016-07-24,79.5,58
"		156",堡林,2016-07-25,77.6,57
"		156",堡林,2016-07-26,77.9,57
"		156",堡林,2016-07-27,82,58
"		156",堡林,2016-07-28,82.9,52
"		156",堡林,2016-07-29,79,58
"		156",堡林,2016-07-30,77.8,59
"		156",堡林,2016-07-31,72.8,53
"		156",堡林,2016-08-01,71.9,47
"		156",堡林,2016-08-02,83.9,69
"		156",堡林,2016-08-03,88.5,64
"		156",堡林,2016-08-04,79.5,55
"		156",堡林,2016-08-05,77.3,52
"		156",堡林,2016-08-06,78.6,55
"		156",堡林,2016-08-07,89.6,60
"		156",堡林,2016-08-08,87.5,54
"		156",堡林,2016-08-09,92.6,67
"		156",堡林,2016-08-10,82.6,58
"		156",堡林,2016-08-11,72,43
"		156",堡林,2016-08-12,72.6,43
"		156",堡林,2016-08-13,73.1,46
"		156",堡林,2016-08-14,82.3,58
"		156",堡林,2016-08-15,85.8,62
"		156",堡林,2016-08-16,76,36
"		156",堡林,2016-08-17,82.4,54
"		156",堡林,2016-08-18,79.3,47
"		156",堡林,2016-08-19,73.4,48
"		156",堡林,2016-08-20,76.3,42
"		156",堡林,2016-08-21,73,36
"		156",堡林,2016-08-22,76.3,49
"		156",堡林,2016-08-23,86,54
"		156",堡林,2016-08-24,72.6,39
"		156",堡林,2016-08-25,68.3,38
"		156",堡林,2016-08-26,93.8,71
"		156",堡林,2016-08-27,82.3,55
"		156",堡林,2016-08-28,84.6,59
"		156",堡林,2016-08-29,69.8,44
"		156",堡林,2016-08-30,70.1,55
"		156",堡林,2016-08-31,65,39
"		156",堡林,2016-09-01,67.8,40
"		156",堡林,2016-09-02,94.1,66
"		156",堡林,2016-09-03,79.4,49
"		156",堡林,2016-09-04,82.1,50
"		156",堡林,2016-09-05,83,58
"		156",堡林,2016-09-06,85.6,55
"		156",堡林,2016-09-07,86.9,72
"		156",堡林,2016-09-08,76.6,50
"		156",堡林,2016-09-09,77,48
"		156",堡林,2016-09-10,84.5,47
"		156",堡林,2016-09-11,90.9,67
"		156",堡林,2016-09-12,84.5,59
"		156",堡林,2016-09-13,77.4,46
"		156",堡林,2016-09-14,84,62
"		156",堡林,2016-09-15,80.8,50
"		156",堡林,2016-09-16,97.8,86
"		156",堡林,2016-09-17,99,97
"		156",堡林,2016-09-18,98.8,96
"		156",堡林,2016-09-19,77.5,61
"		156",堡林,2016-09-20,56.9,35
"		156",堡林,2016-09-21,63.4,40
"		156",堡林,2016-09-22,67,42
"		156",堡林,2016-09-23,71.8,44
"		156",堡林,2016-09-24,75,52
"		156",堡林,2016-09-25,79.5,54
"		156",堡林,2016-09-26,87.4,62
"		156",堡林,2016-09-27,87.6,59
"		156",堡林,2016-09-28,97.3,86
"		156",堡林,2016-09-29,93.8,86
"		156",堡林,2016-09-30,98.1,88
"		156",堡林,2016-10-01,98.1,90
"		156",堡林,2016-10-02,92.6,78
"		156",堡林,2016-10-03,96.3,84
"		156",堡林,2016-10-04,83.1,49
"		156",堡林,2016-10-05,91.1,77
"		156",堡林,2016-10-06,74,39
"		156",堡林,2016-10-07,91,66
"		156",堡林,2016-10-08,87.1,66
"		156",堡林,2016-10-09,54.3,32
"		156",堡林,2016-10-10,65,43
"		156",堡林,2016-10-11,75.4,50
"		156",堡林,2016-10-12,67.5,36
"		156",堡林,2016-10-13,74.5,47
"		156",堡林,2016-10-14,69.6,33
"		156",堡林,2016-10-15,71.1,45
"		156",堡林,2016-10-16,95.1,76
"		156",堡林,2016-10-17,92.1,75
"		156",堡林,2016-10-18,81,45
"		156",堡林,2016-10-19,85.9,55
"		156",堡林,2016-10-20,85.4,61
"		156",堡林,2016-10-21,78.9,71
"		156",堡林,2016-10-22,75.1,56
"		156",堡林,2016-10-23,84.1,65
"		156",堡林,2016-10-24,79.1,57
"		156",堡林,2016-10-25,85.9,62
"		156",堡林,2016-10-26,78.4,58
"		156",堡林,2016-10-27,74.5,57
"		156",堡林,2016-10-28,88.3,63
"		156",堡林,2016-10-29,61.3,41
"		156",堡林,2016-10-30,44.1,16
"		156",堡林,2016-10-31,70.3,48
"		156",堡林,2016-11-01,53.8,32
"		156",堡林,2016-11-02,57,39
"		156",堡林,2016-11-03,74.8,44
"		156",堡林,2016-11-04,80.5,53
"		156",堡林,2016-11-05,82.9,53
"		156",堡林,2016-11-06,78.8,51
"		156",堡林,2016-11-07,72.1,46
"		156",堡林,2016-11-08,66,38
"		156",堡林,2016-11-09,43.8,17
"		156",堡林,2016-11-10,78,49
"		156",堡林,2016-11-11,75,32
"		156",堡林,2016-11-12,73.1,31
"		156",堡林,2016-11-13,84.9,56
"		156",堡林,2016-11-14,98,91
"		156",堡林,2016-11-15,53,26
"		156",堡林,2016-11-16,49.9,15
"		156",堡林,2016-11-17,47.1,34
"		156",堡林,2016-11-18,85.9,62
"		156",堡林,2016-11-19,98.9,98
"		156",堡林,2016-11-20,77.8,41
"		156",堡林,2016-11-21,80.3,67
"		156",堡林,2016-11-22,60.8,48
"		156",堡林,2016-11-23,42.8,22
"		156",堡林,2016-11-24,54,41
"		156",堡林,2016-11-25,53.1,41
"		156",堡林,2016-11-26,78.8,53
"		156",堡林,2016-11-27,82.5,55
"		156",堡林,2016-11-28,58.9,40
"		156",堡林,2016-11-29,42.8,17
"		156",堡林,2016-11-30,78.8,50
"		156",堡林,2016-12-01,71.1,34
"		156",堡林,2016-12-02,57.6,27
"		156",堡林,2016-12-03,66.3,36
"		156",堡林,2016-12-04,76.8,57
"		156",堡林,2016-12-05,75.8,49
"		156",堡林,2016-12-06,47.3,27
"		156",堡林,2016-12-07,75.5,58
"		156",堡林,2016-12-08,75.5,44
"		156",堡林,2016-12-09,63.4,43
"		156",堡林,2016-12-10,43.9,15
"		156",堡林,2016-12-11,37.4,13
"		156",堡林,2016-12-12,61.1,37
"		156",堡林,2016-12-13,77.4,56
"		156",堡林,2016-12-14,61,53
"		156",堡林,2016-12-15,70.3,46
"		156",堡林,2016-12-16,56.5,36
"		156",堡林,2016-12-17,67.6,47
"		156",堡林,2016-12-18,77.5,52
"		156",堡林,2016-12-19,98.5,88
"		156",堡林,2016-12-20,83.9,54
"		156",堡林,2016-12-21,89.9,73
"		156",堡林,2016-12-22,88.3,64
"		156",堡林,2016-12-23,82.8,62
"		156",堡林,2016-12-24,65,47
"		156",堡林,2016-12-25,68.9,46
"		156",堡林,2016-12-26,96.8,80
"		156",堡林,2016-12-27,62.3,44
"		156",堡林,2016-12-28,49.5,20
"		156",堡林,2016-12-29,60.9,44
"		156",堡林,2016-12-30,56.5,31
"		156",堡林,2016-12-31,77.5,60
"		156",堡林,2017-01-01,80.6,53
"		156",堡林,2017-01-02,81.6,54
"		156",堡林,2017-01-03,68.3,33
"		156",堡林,2017-01-04,77.1,52
"		156",堡林,2017-01-05,71.3,52
"		156",堡林,2017-01-06,65.9,43
"		156",堡林,2017-01-07,71.4,55
"		156",堡林,2017-01-08,73.8,46
"		156",堡林,2017-01-09,65.6,40
"		156",堡林,2017-01-10,57.4,42
"		156",堡林,2017-01-11,53.4,23
"		156",堡林,2017-01-12,76.3,49
"		156",堡林,2017-01-13,71.3,57
"		156",堡林,2017-01-14,59.9,33
"		156",堡林,2017-01-15,50.8,34
"		156",堡林,2017-01-16,48.5,13
"		156",堡林,2017-01-17,48.9,24
"		156",堡林,2017-01-18,55.8,34
"		156",堡林,2017-01-19,66.3,29
"		156",堡林,2017-01-20,77.1,58
"		156",堡林,2017-01-21,78.8,57
"		156",堡林,2017-01-22,80.6,52
"		156",堡林,2017-01-23,69.8,50
"		156",堡林,2017-01-24,65.8,47
"		156",堡林,2017-01-25,64.4,40
"		156",堡林,2017-01-26,57.6,16
"		156",堡林,2017-01-27,56.6,20
"		156",堡林,2017-01-28,43.8,18
"		156",堡林,2017-01-29,88.1,38
"		156",堡林,2017-01-30,62.5,39
"		156",堡林,2017-01-31,51.9,22
"		156",堡林,2017-02-01,45.3,22
"		156",堡林,2017-02-02,43.6,8
"		156",堡林,2017-02-03,58.1,26
"		156",堡林,2017-02-04,59.1,25
"		156",堡林,2017-02-05,86.3,66
"		156",堡林,2017-02-06,55,35
"		156",堡林,2017-02-07,50.9,24
"		156",堡林,2017-02-08,58.9,34
"		156",堡林,2017-02-09,72.3,40
"		156",堡林,2017-02-10,82.6,55
"		156",堡林,2017-02-11,76.1,56
"		156",堡林,2017-02-12,63.4,42
"		156",堡林,2017-02-13,72.5,42
"		156",堡林,2017-02-14,55,23
"		156",堡林,2017-02-15,53,17
"		156",堡林,2017-02-16,80.1,48
"		156",堡林,2017-02-17,62.8,17
"		156",堡林,2017-02-18,44.5,17
"		156",堡林,2017-02-19,54.9,28
"		156",堡林,2017-02-20,68.6,39
"		156",堡林,2017-02-21,45.5,23
"		156",堡林,2017-02-22,89.6,45
"		156",堡林,2017-02-23,59.6,37
"		156",堡林,2017-02-24,48.4,21
"		156",堡林,2017-02-25,48.5,16
"		156",堡林,2017-02-26,54.4,25
"		156",堡林,2017-02-27,51.8,25
"		156",堡林,2017-02-28,44.8,21
"		156",堡林,2017-03-01,63.4,16
"		156",堡林,2017-03-02,67,42
"		156",堡林,2017-03-03,54.3,21
"		156",堡林,2017-03-04,55.1,21
"		156",堡林,2017-03-05,58.1,14
"		156",堡林,2017-03-06,41.6,17
"		156",堡林,2017-03-07,58.6,40
"		156",堡林,2017-03-08,65.5,31
"		156",堡林,2017-03-09,51.4,18
"		156",堡林,2017-03-10,47,14
"		156",堡林,2017-03-11,35.6,11
"		156",堡林,2017-03-12,33.1,8
"		156",堡林,2017-03-13,51.1,12
"		156",堡林,2017-03-14,50,16
"		156",堡林,2017-03-15,48.5,24
"		156",堡林,2017-03-16,48.4,22
"		156",堡林,2017-03-17,44.5,14
"		156",堡林,2017-03-18,36.4,13
"		156",堡林,2017-03-19,37.5,13
"		156",堡林,2017-03-20,72.1,39
"		156",堡林,2017-03-21,62.5,32
"		156",堡林,2017-03-22,54.5,23
"		156",堡林,2017-03-23,41.4,14
"		156",堡林,2017-03-24,54.1,41
"		156",堡林,2017-03-25,92.9,64
"		156",堡林,2017-03-26,75.3,40
"		156",堡林,2017-03-27,74.3,39
"		156",堡林,2017-03-28,67,22
"		156",堡林,2017-03-29,93.5,85
"		156",堡林,2017-03-30,64.4,23
"		156",堡林,2017-03-31,68.6,45
"		156",堡林,2017-04-01,69.9,34
"		156",堡林,2017-04-02,58.6,17
"		156",堡林,2017-04-03,46.6,14
"		156",堡林,2017-04-04,40.6,21
"		156",堡林,2017-04-05,86.8,28
"		156",堡林,2017-04-06,98.4,95
"		156",堡林,2017-04-07,76.1,50
"		156",堡林,2017-04-08,69.1,38
"		156",堡林,2017-04-09,68,39
"		156",堡林,2017-04-10,44.5,25
"		156",堡林,2017-04-11,69.5,45
"		156",堡林,2017-04-12,23.9,9
"		156",堡林,2017-04-13,45.8,29
"		156",堡林,2017-04-14,57.4,39
"		156",堡林,2017-04-15,67.1,30
"		156",堡林,2017-04-16,56,16
"		156",堡林,2017-04-17,90.4,48
"		156",堡林,2017-04-18,78.3,55
"		156",堡林,2017-04-19,42.9,24
"		156",堡林,2017-04-20,59.6,22
"		156",堡林,2017-04-21,56.5,26
"		156",堡林,2017-04-22,57,25
"		156",堡林,2017-04-23,60.5,36
"		156",堡林,2017-04-24,51.4,19
"		156",堡林,2017-04-25,70.5,41
"		156",堡林,2017-04-26,60.5,24
"		156",堡林,2017-04-27,40.8,18
"		156",堡林,2017-04-28,52.3,15
"		156",堡林,2017-04-29,47.4,13
"		156",堡林,2017-04-30,54.9,37
"		156",堡林,2017-05-01,61.9,36
"		156",堡林,2017-05-02,37,8
"		156",堡林,2017-05-03,48.5,29
"		156",堡林,2017-05-04,66.3,36
"		156",堡林,2017-05-05,93.1,76
"		156",堡林,2017-05-06,38.9,10
"		156",堡林,2017-05-07,61.9,28
"		156",堡林,2017-05-08,65.6,39
"		156",堡林,2017-05-09,93.3,45
"		156",堡林,2017-05-10,88.9,64
"		156",堡林,2017-05-11,69.8,31
"		156",堡林,2017-05-12,81,57
"		156",堡林,2017-05-13,78.1,45
"		156",堡林,2017-05-14,61.3,19
"		156",堡林,2017-05-15,58.6,25
"		156",堡林,2017-05-16,59.9,29
"		156",堡林,2017-05-17,56.5,32
"		156",堡林,2017-05-18,55.6,34
"		156",堡林,2017-05-19,48.8,23
"		156",堡林,2017-05-20,45.5,26
"		156",堡林,2017-05-21,53.4,29
"		156",堡林,2017-05-22,55.3,32
"		156",堡林,2017-05-23,62.8,40
"		156",堡林,2017-05-24,77.1,52
"		156",堡林,2017-05-25,64,21
"		156",堡林,2017-05-26,48.6,29
"		156",堡林,2017-05-27,54.6,26
"		156",堡林,2017-05-28,49.6,25
"		156",堡林,2017-05-29,51.1,28
"		156",堡林,2017-05-30,53,31
"		156",堡林,2017-05-31,79.3,56
"		156",堡林,2017-06-01,76.5,52
"		156",堡林,2017-06-02,49.4,25
"		156",堡林,2017-06-03,46,27
"		156",堡林,2017-06-04,44.5,20
"		156",堡林,2017-06-05,40.5,17
"		156",堡林,2017-06-06,69.6,37
"		156",堡林,2017-06-07,94.8,86
"		156",堡林,2017-06-08,72.8,40
"		156",堡林,2017-06-09,67.1,28
"		156",堡林,2017-06-10,84.9,60
"		156",堡林,2017-06-11,69,23
"		156",堡林,2017-06-12,55.6,30
"		156",堡林,2017-06-13,60,40
"		156",堡林,2017-06-14,60.8,34
"		156",堡林,2017-06-15,58.9,29
"		156",堡林,2017-06-16,56.8,26
"		156",堡林,2017-06-17,63.6,27
"		156",堡林,2017-06-18,54.3,24
"		156",堡林,2017-06-19,54.5,23
"		156",堡林,2017-06-20,74,53
"		156",堡林,2017-06-21,76.9,51
"		156",堡林,2017-06-22,69.5,26
"		156",堡林,2017-06-23,72.3,40
"		156",堡林,2017-06-24,74,42
"		156",堡林,2017-06-25,75.3,51
"		156",堡林,2017-06-26,88.3,58
"		156",堡林,2017-06-27,82.3,56
"		156",堡林,2017-06-28,80,47
"		156",堡林,2017-06-29,83.9,57
"		156",堡林,2017-06-30,89.9,69
"		156",堡林,2017-07-01,92.1,78
"		156",堡林,2017-07-02,92.6,82
"		156",堡林,2017-07-03,93.8,75
"		156",堡林,2017-07-04,91.9,73
"		156",堡林,2017-07-05,85.8,57
"		156",堡林,2017-07-06,95.8,83
"		156",堡林,2017-07-07,90,76
"		156",堡林,2017-07-08,96.3,82
"		156",堡林,2017-07-09,91.5,75
"		156",堡林,2017-07-10,94.6,86
"		156",堡林,2017-07-11,92.9,71
"		156",堡林,2017-07-12,85.9,50
"		156",堡林,2017-07-13,81.1,47
"		156",堡林,2017-07-14,93.6,69
"		156",堡林,2017-07-15,97.1,86
"		156",堡林,2017-07-16,87,62
"		156",堡林,2017-07-17,93.8,79
"		156",堡林,2017-07-18,95.9,81
"		156",堡林,2017-07-19,84.9,58
"		156",堡林,2017-07-20,83.5,62
"		156",堡林,2017-07-21,83.6,61
"		156",堡林,2017-07-22,86.9,62
"		156",堡林,2017-07-23,89.8,74
"		156",堡林,2017-07-24,86.6,66
"		156",堡林,2017-07-25,88.4,64
"		156",堡林,2017-07-26,74.1,53
"		156",堡林,2017-07-27,68.6,44
"		156",堡林,2017-07-28,81.9,60
"		156",堡林,2017-07-29,88.9,65
"		156",堡林,2017-07-30,91.8,76
"		156",堡林,2017-07-31,98.4,93
"		156",堡林,2017-08-01,92.1,65
"		156",堡林,2017-08-02,90.5,67
"		156",堡林,2017-08-03,77.9,55
"		156",堡林,2017-08-04,77.9,57
"		156",堡林,2017-08-05,78.3,55
"		156",堡林,2017-08-06,79.8,47
"		156",堡林,2017-08-07,76.9,46
"		156",堡林,2017-08-08,82,54
"		156",堡林,2017-08-09,91.4,75
"		156",堡林,2017-08-10,79.6,49
"		156",堡林,2017-08-11,79.4,50
"		156",堡林,2017-08-12,85.5,63
"		156",堡林,2017-08-13,92.4,74
"		156",堡林,2017-08-14,98.5,93
"		156",堡林,2017-08-15,98.6,95
"		156",堡林,2017-08-16,88.9,67
"		156",堡林,2017-08-17,86.8,63
"		156",堡林,2017-08-18,90,62
"		156",堡林,2017-08-19,86.9,71
"		156",堡林,2017-08-20,91,71
"		156",堡林,2017-08-21,98,83
"		156",堡林,2017-08-22,96.4,77
"		156",堡林,2017-08-23,86.4,59
"		156",堡林,2017-08-24,90.4,72
"		156",堡林,2017-08-25,81,39
"		156",堡林,2017-08-26,59.3,28
"		156",堡林,2017-08-27,59.3,39
"		156",堡林,2017-08-28,89.1,62
"		156",堡林,2017-08-29,66.5,35
"		156",堡林,2017-08-30,58.4,41
"		156",堡林,2017-08-31,72.1,38
"		156",堡林,2017-09-01,63.9,35
"		156",堡林,2017-09-02,75.3,54
"		156",堡林,2017-09-03,66.8,43
"		156",堡林,2017-09-04,72.3,51
"		156",堡林,2017-09-05,95.1,79
"		156",堡林,2017-09-06,97.9,90
"		156",堡林,2017-09-07,87.6,58
"		156",堡林,2017-09-08,78.8,48
"		156",堡林,2017-09-09,80.9,50
"		156",堡林,2017-09-10,76.5,45
"		156",堡林,2017-09-11,96.6,87
"		156",堡林,2017-09-12,78.9,52
"		156",堡林,2017-09-13,65.4,29
"		156",堡林,2017-09-14,72.5,44
"		156",堡林,2017-09-15,65.5,51
"		156",堡林,2017-09-16,70.6,55
"		156",堡林,2017-09-17,73.9,59
"		156",堡林,2017-09-18,79.6,46
"		156",堡林,2017-09-19,88,64
"		156",堡林,2017-09-20,70.4,44
"		156",堡林,2017-09-21,74.8,48
"		156",堡林,2017-09-22,76.9,44
"		156",堡林,2017-09-23,85.8,63
"		156",堡林,2017-09-24,82.3,48
"		156",堡林,2017-09-25,76,47
"		156",堡林,2017-09-26,64.1,35
"		156",堡林,2017-09-27,96,58
"		156",堡林,2017-09-28,70.4,30
"		156",堡林,2017-09-29,54.9,27
"		156",堡林,2017-09-30,52.1,19
"		156",堡林,2017-10-01,83,50
"		156",堡林,2017-10-02,96.6,86
"		156",堡林,2017-10-03,75.8,40
"		156",堡林,2017-10-04,76.5,49
"		156",堡林,2017-10-05,85.4,57
"		156",堡林,2017-10-06,99,99
"		156",堡林,2017-10-07,85.9,60
"		156",堡林,2017-10-08,82.9,50
"		156",堡林,2017-10-09,82.3,52
"		156",堡林,2017-10-10,88,64
"		156",堡林,2017-10-11,94.1,83
"		156",堡林,2017-10-12,94,82
"		156",堡林,2017-10-13,61.8,25
"		156",堡林,2017-10-14,47,25
"		156",堡林,2017-10-15,83.5,49
"		156",堡林,2017-10-16,75.6,58
"		156",堡林,2017-10-17,76.3,46
"		156",堡林,2017-10-18,74.9,58
"		156",堡林,2017-10-19,66.5,43
"		156",堡林,2017-10-20,72.8,42
"		156",堡林,2017-10-21,64.3,41
"		156",堡林,2017-10-22,51.4,34
"		156",堡林,2017-10-23,58.1,38
"		156",堡林,2017-10-24,71.6,44
"		156",堡林,2017-10-25,78.9,45
"		156",堡林,2017-10-26,72,40
"		156",堡林,2017-10-27,71.3,46
"		156",堡林,2017-10-28,73.6,47
"		156",堡林,2017-10-29,68.1,45
"		156",堡林,2017-10-30,47.9,27
"		156",堡林,2017-10-31,61.5,28
"		156",堡林,2017-11-01,75.4,48
"		156",堡林,2017-11-02,87.3,64
"		156",堡林,2017-11-03,82,57
"		156",堡林,2017-11-04,56.4,40
"		156",堡林,2017-11-05,65.5,36
"		156",堡林,2017-11-06,75.1,39
"		156",堡林,2017-11-07,80.4,60
"		156",堡林,2017-11-08,69.4,33
"		156",堡林,2017-11-09,52.9,21
"		156",堡林,2017-11-10,71.6,56
"		156",堡林,2017-11-11,53.1,36
"		156",堡林,2017-11-12,60.5,32
"		156",堡林,2017-11-13,66.1,35
"		156",堡林,2017-11-14,54.9,26
"		156",堡林,2017-11-15,55.6,34
"		156",堡林,2017-11-16,53.9,28
"		156",堡林,2017-11-17,50.1,25
"		156",堡林,2017-11-18,49.3,23
"		156",堡林,2017-11-19,46.9,21
"		156",堡林,2017-11-20,54.6,35
"		156",堡林,2017-11-21,64.3,42
"		156",堡林,2017-11-22,67.6,56
"		156",堡林,2017-11-23,65.8,43
"		156",堡林,2017-11-24,62.4,28
"		156",堡林,2017-11-25,72.3,46
"		156",堡林,2017-11-26,74.4,45
"		156",堡林,2017-11-27,68.6,45
"		156",堡林,2017-11-28,81.8,63
"		156",堡林,2017-11-29,56,26
"		156",堡林,2017-11-30,33.8,16
"		156",堡林,2017-12-01,38.1,11
"		156",堡林,2017-12-02,58.5,44
"		156",堡林,2017-12-03,69.5,47
"		156",堡林,2017-12-04,76.1,48
"		156",堡林,2017-12-05,59.1,38
"		156",堡林,2017-12-06,61,42
"		156",堡林,2017-12-07,77.8,55
"		156",堡林,2017-12-08,70.4,48
"		156",堡林,2017-12-09,70.1,59
"		156",堡林,2017-12-10,79.6,53
"		156",堡林,2017-12-11,66.8,47
"		156",堡林,2017-12-12,58.8,42
"		156",堡林,2017-12-13,49.3,36
"		156",堡林,2017-12-14,38.6,14
"		156",堡林,2017-12-15,46.1,7
"		156",堡林,2017-12-16,71.1,32
"		156",堡林,2017-12-17,65.8,48
"		156",堡林,2017-12-18,75.5,48
"		156",堡林,2017-12-19,66.3,46
"		156",堡林,2017-12-20,65,39
"		156",堡林,2017-12-21,71.1,30
"		156",堡林,2017-12-22,68.5,49
"		156",堡林,2017-12-23,75.9,45
"		156",堡林,2017-12-24,85.4,66
"		156",堡林,2017-12-25,54,39
"		156",堡林,2017-12-26,68.4,38
"		156",堡林,2017-12-27,43.8,24
"		156",堡林,2017-12-28,49.9,38
"		156",堡林,2017-12-29,70.9,62
"		156",堡林,2017-12-30,70.8,54
"		156",堡林,2017-12-31,58.3,39
"		156",堡林,2018-01-01,52.6,33
"		156",堡林,2018-01-02,67,51
"		156",堡林,2018-01-03,52.6,34
"		156",堡林,2018-01-04,54.5,41
"		156",堡林,2018-01-05,58.9,47
"		156",堡林,2018-01-06,55.5,31
"		156",堡林,2018-01-07,70.4,47
"		156",堡林,2018-01-08,91.9,57
"		156",堡林,2018-01-09,88.4,53
"		156",堡林,2018-01-10,95.5,77
"		156",堡林,2018-01-11,81.8,63
"		156",堡林,2018-01-12,70.3,52
"		156",堡林,2018-01-13,77.6,53
"		156",堡林,2018-01-14,81.8,51
"		156",堡林,2018-01-15,84.8,56
"		156",堡林,2018-01-16,98,90
"		156",堡林,2018-01-17,91.3,69
"		156",堡林,2018-01-18,75.4,34
"		156",堡林,2018-01-19,56.6,20
"		156",堡林,2018-01-20,64.6,41
"		156",堡林,2018-01-21,62.3,20
"		156",堡林,2018-01-22,60.1,38
"		156",堡林,2018-01-23,59.9,42
"		156",堡林,2018-01-24,46,32
"		156",堡林,2018-01-25,48.3,24
"		156",堡林,2018-01-26,55,39
"		156",堡林,2018-01-27,37.9,14
"		156",堡林,2018-01-28,44.5,17
"		156",堡林,2018-01-29,58.5,39
"		156",堡林,2018-01-30,53.5,20
"		156",堡林,2018-01-31,61.1,46
"		156",堡林,2018-02-01,47.4,15
"		156",堡林,2018-02-02,38.8,16
"		156",堡林,2018-02-03,69.3,50
"		156",堡林,2018-02-04,73.6,54
"		156",堡林,2018-02-05,66.3,51
"		156",堡林,2018-02-06,67.6,42
"		156",堡林,2018-02-07,55.5,34
"		156",堡林,2018-02-08,42.9,18
"		156",堡林,2018-02-09,55.8,41
"		156",堡林,2018-02-10,59.9,25
"		156",堡林,2018-02-11,79,49
"		156",堡林,2018-02-12,78.9,64
"		156",堡林,2018-02-13,59.6,27
"		156",堡林,2018-02-14,73.9,50
"		156",堡林,2018-02-15,47,14
"		156",堡林,2018-02-16,39.9,8
"		156",堡林,2018-02-17,37.9,13
"		156",堡林,2018-02-18,26.9,8
"		156",堡林,2018-02-19,36.4,25
"		156",堡林,2018-02-20,49.4,28
"		156",堡林,2018-02-21,28.6,14
"		156",堡林,2018-02-22,39.6,22
"		156",堡林,2018-02-23,63,34
"		156",堡林,2018-02-24,72.4,53
"		156",堡林,2018-02-25,41.8,16
"		156",堡林,2018-02-26,33,13
"		156",堡林,2018-02-27,49.1,23
"		156",堡林,2018-02-28,82,52
"		156",堡林,2018-03-01,68.5,32
"		156",堡林,2018-03-02,45.1,5
"		156",堡林,2018-03-03,57.8,28
"		156",堡林,2018-03-04,88.1,65
"		156",堡林,2018-03-05,90,71
"		156",堡林,2018-03-06,59.5,24
"		156",堡林,2018-03-07,75.5,46
"		156",堡林,2018-03-08,90,81
"		156",堡林,2018-03-09,71.3,47
"		156",堡林,2018-03-10,71.4,29
"		156",堡林,2018-03-11,67.3,32
"		156",堡林,2018-03-12,62.1,15
"		156",堡林,2018-03-13,57.3,38
"		156",堡林,2018-03-14,63.8,38
"		156",堡林,2018-03-15,97.3,77
"		156",堡林,2018-03-16,90,67
"		156",堡林,2018-03-17,71.9,41
"		156",堡林,2018-03-18,88.6,60
"		156",堡林,2018-03-19,96.5,88
"		156",堡林,2018-03-20,60.6,36
"		156",堡林,2018-03-21,96.1,86
"		156",堡林,2018-03-22,67.1,40
"		156",堡林,2018-03-23,63.4,32
"		156",堡林,2018-03-24,65,32
"		156",堡林,2018-03-25,75.1,37
"		156",堡林,2018-03-26,74,36
"		156",堡林,2018-03-27,63.1,30
"		156",堡林,2018-03-28,70.1,37
"		156",堡林,2018-03-29,71.8,38
"		156",堡林,2018-03-30,63.5,34
"		156",堡林,2018-03-31,49.8,29
"		156",堡林,2018-04-01,64.3,50
"		156",堡林,2018-04-02,69.1,42
"		156",堡林,2018-04-03,70.9,43
"		156",堡林,2018-04-04,93.5,81
"		156",堡林,2018-04-05,94.1,79
"		156",堡林,2018-04-06,71.9,43
"		156",堡林,2018-04-07,55.8,22
"		156",堡林,2018-04-08,62,31
"		156",堡林,2018-04-09,54.8,17
"		156",堡林,2018-04-10,58.1,35
"		156",堡林,2018-04-11,58.9,26
"		156",堡林,2018-04-12,43.9,22
"		156",堡林,2018-04-13,33,20
"		156",堡林,2018-04-14,92.5,29
"		156",堡林,2018-04-15,67.8,37
"		156",堡林,2018-04-16,61.5,29
"		156",堡林,2018-04-17,61.9,27
"		156",堡林,2018-04-18,61.9,21
"		156",堡林,2018-04-19,51,14
"		156",堡林,2018-04-20,51.1,24
"		156",堡林,2018-04-21,58.6,11
"		156",堡林,2018-04-22,87.1,71
"		156",堡林,2018-04-23,98.1,89
"		156",堡林,2018-04-24,99,98
"		156",堡林,2018-04-25,68.1,30
"		156",堡林,2018-04-26,63,28
"		156",堡林,2018-04-27,65.5,40
"		156",堡林,2018-04-28,59,23
"		156",堡林,2018-04-29,56.4,29
"		156",堡林,2018-04-30,76.1,57
"		156",堡林,2018-05-01,88.6,68
"		156",堡林,2018-05-02,91.6,73
"		156",堡林,2018-05-03,66.8,36
"		156",堡林,2018-05-04,46.9,16
"		156",堡林,2018-05-05,50,23
"		156",堡林,2018-05-06,97.6,62
"		156",堡林,2018-05-07,92.1,64
"		156",堡林,2018-05-08,77.5,46
"		156",堡林,2018-05-09,71.6,52
"		156",堡林,2018-05-10,75.3,28
"		156",堡林,2018-05-11,59.9,31
"		156",堡林,2018-05-12,90.6,48
"		156",堡林,2018-05-13,84.4,53
"		156",堡林,2018-05-14,69,41
"		156",堡林,2018-05-15,72.9,44
"		156",堡林,2018-05-16,94,86
"		156",堡林,2018-05-17,93.9,88
"		156",堡林,2018-05-18,98.6,96
"		156",堡林,2018-05-19,80.9,58
"		156",堡林,2018-05-20,46.9,26
"		156",堡林,2018-05-21,69.9,50
"		156",堡林,2018-05-22,81,54
"		156",堡林,2018-05-23,58.1,26
"		156",堡林,2018-05-24,52.6,27
"		156",堡林,2018-05-25,51.9,22
"		156",堡林,2018-05-26,57.1,33
"		156",堡林,2018-05-27,66.5,48
"		156",堡林,2018-05-28,77.5,56
"		156",堡林,2018-05-29,79.5,50
"		156",堡林,2018-05-30,88.9,69
"		156",堡林,2018-05-31,69.8,43
"		156",堡林,2018-06-01,58.5,32
"		156",堡林,2018-06-02,44,24
"		156",堡林,2018-06-03,53.4,37
"		156",堡林,2018-06-04,60.5,40
"		156",堡林,2018-06-05,76.3,52
"		156",堡林,2018-06-06,75.3,44
"		156",堡林,2018-06-07,73.9,40
"		156",堡林,2018-06-08,78.6,50
"		156",堡林,2018-06-09,74,46
"		156",堡林,2018-06-10,73.8,51
"		156",堡林,2018-06-11,89.6,74
"		156",堡林,2018-06-12,78,50
"		156",堡林,2018-06-13,73.9,50
"		156",堡林,2018-06-14,69.6,46
"		156",堡林,2018-06-15,72.1,43
"		156",堡林,2018-06-16,69.4,37
"		156",堡林,2018-06-17,78.1,50
"		156",堡林,2018-06-18,70.9,41
"		156",堡林,2018-06-19,88.8,69
"		156",堡林,2018-06-20,78.6,53
"		156",堡林,2018-06-21,61.6,25
"		156",堡林,2018-06-22,54.9,26
"		156",堡林,2018-06-23,63.5,34
"		156",堡林,2018-06-24,67,37
"		156",堡林,2018-06-25,58.6,34
"		156",堡林,2018-06-26,92.8,66
"		156",堡林,2018-06-27,96.9,83
"		156",堡林,2018-06-28,98.9,97
"		156",堡林,2018-06-29,89.6,70
"		156",堡林,2018-06-30,97.3,84
"		156",堡林,2018-07-01,97.5,87
"		156",堡林,2018-07-02,92.4,74
"		156",堡林,2018-07-03,83.4,66
"		156",堡林,2018-07-04,85,61
"		156",堡林,2018-07-05,93.8,80
"		156",堡林,2018-07-06,91,76
"		156",堡林,2018-07-07,75.3,59
"		156",堡林,2018-07-08,79.1,64
"		156",堡林,2018-07-09,91.1,81
"		156",堡林,2018-07-10,83.1,68
"		156",堡林,2018-07-11,81.8,66.9
"		156",堡林,2018-07-12,79.6,54
"		156",堡林,2018-07-13,83.6,56
"		156",堡林,2018-07-14,82,52
"		156",堡林,2018-07-15,77.3,47
"		156",堡林,2018-07-16,79.1,53.7
"		156",堡林,2018-07-17,77.8,50
"		156",堡林,2018-07-18,75.1,52.1
"		156",堡林,2018-07-19,73.3,47.8
"		156",堡林,2018-07-20,71.4,36
"		156",堡林,2018-07-21,72.1,52
"		156",堡林,2018-07-22,71.6,54
"		156",堡林,2018-07-23,75.3,51
"		156",堡林,2018-07-24,74.6,51
"		156",堡林,2018-07-25,73.9,47
"		156",堡林,2018-07-26,73.6,47.7
"		156",堡林,2018-07-27,71.6,44.5
"		156",堡林,2018-07-28,78.6,53
"		156",堡林,2018-07-29,67.8,49
"		156",堡林,2018-07-30,67.4,48
"		156",堡林,2018-07-31,67.6,45
"		156",堡林,2018-08-01,67.3,41
"		156",堡林,2018-08-02,62.1,43
"		156",堡林,2018-08-03,70.5,52
"		156",堡林,2018-08-04,76.9,52
"		156",堡林,2018-08-05,75.8,49
"		156",堡林,2018-08-06,72.9,45
"		156",堡林,2018-08-07,82.1,52
"		156",堡林,2018-08-08,74.4,50
"		156",堡林,2018-08-09,75.3,50
"		156",堡林,2018-08-10,87.4,50
"		156",堡林,2018-08-11,80,55
"		156",堡林,2018-08-12,76,59
"		156",堡林,2018-08-13,70.6,53
"		156",堡林,2018-08-14,67.8,45
"		156",堡林,2018-08-15,70.6,42
"		156",堡林,2018-08-16,76.8,59
"		156",堡林,2018-08-17,58.5,46
"		156",堡林,2018-08-18,59.8,36
"		156",堡林,2018-08-19,66.6,47
"		156",堡林,2018-08-20,69.8,54
"		156",堡林,2018-08-21,71.1,48
"		156",堡林,2018-08-22,66,44
"		156",堡林,2018-08-23,87.1,62
"		156",堡林,2018-08-24,92.1,71
"		156",堡林,2018-08-25,87.4,61
"		156",堡林,2018-08-26,99,98
"		156",堡林,2018-08-27,99,99
"		156",堡林,2018-08-28,86,57
"		156",堡林,2018-08-29,83.9,58
"		156",堡林,2018-08-30,98.1,76
"		156",堡林,2018-08-31,98.3,91
"		156",堡林,2018-09-01,86,67
"		156",堡林,2018-09-02,81.6,66
"		156",堡林,2018-09-03,92.5,77
"		156",堡林,2018-09-04,79.4,48
"		156",堡林,2018-09-05,72.9,41
"		156",堡林,2018-09-06,84.1,64
"		156",堡林,2018-09-07,85.9,68
"		156",堡林,2018-09-08,72,41
"		156",堡林,2018-09-09,69,40
"		156",堡林,2018-09-10,66.6,37
"		156",堡林,2018-09-11,64.4,48
"		156",堡林,2018-09-12,70.4,48
"		156",堡林,2018-09-13,93.1,82
"		156",堡林,2018-09-14,96,82
"		156",堡林,2018-09-15,96.3,80
"		156",堡林,2018-09-16,87.3,62
"		156",堡林,2018-09-17,77,55
"		156",堡林,2018-09-18,69.9,36
"		156",堡林,2018-09-19,82.9,60
"		156",堡林,2018-09-20,98,95
"		156",堡林,2018-09-21,98.6,94
"		156",堡林,2018-09-22,76.3,34
"		156",堡林,2018-09-23,74.3,51
"		156",堡林,2018-09-24,68.6,45
"		156",堡林,2018-09-25,59.6,34
"		156",堡林,2018-09-26,65.6,52
"		156",堡林,2018-09-27,61.5,37
"		156",堡林,2018-09-28,69.3,37
"		156",堡林,2018-09-29,68.8,48
"		156",堡林,2018-09-30,64.6,40
"		156",堡林,2018-10-01,66.6,40
"		156",堡林,2018-10-02,70.4,44
"		156",堡林,2018-10-03,69.6,37
"		156",堡林,2018-10-04,72.8,47
"		156",堡林,2018-10-05,99,96
"		156",堡林,2018-10-06,95.8,84
"		156",堡林,2018-10-07,72.5,44
"		156",堡林,2018-10-08,57.1,37
"		156",堡林,2018-10-09,66.6,47
"		156",堡林,2018-10-10,70,44
"		156",堡林,2018-10-11,56.1,38
"		156",堡林,2018-10-12,62.6,35
"		156",堡林,2018-10-13,71.6,42
"		156",堡林,2018-10-14,71.5,45
"		156",堡林,2018-10-15,70.6,44
"		156",堡林,2018-10-16,78.3,40
"		156",堡林,2018-10-17,66.8,25
"		156",堡林,2018-10-18,67.3,35
"		156",堡林,2018-10-19,65,37
"		156",堡林,2018-10-20,63.1,19
"		156",堡林,2018-10-21,63.3,26
"		156",堡林,2018-10-22,72,47
"		156",堡林,2018-10-23,90.9,72
"		156",堡林,2018-10-24,70.5,35
"		156",堡林,2018-10-25,66.6,38
"		156",堡林,2018-10-26,90.8,66
"		156",堡林,2018-10-27,75.5,48
"		156",堡林,2018-10-28,72.6,47
"		156",堡林,2018-10-29,80.3,53
"		156",堡林,2018-10-30,62.4,45
"		156",堡林,2018-10-31,74.8,51
"		156",堡林,2018-11-01,68,31
"		156",堡林,2018-11-02,67,25
"		156",堡林,2018-11-03,66.4,30
"		156",堡林,2018-11-04,67.4,32
"		156",堡林,2018-11-05,66,26
"		156",堡林,2018-11-06,71,30
"		156",堡林,2018-11-07,90.8,75
"		156",堡林,2018-11-08,98.5,95
"		156",堡林,2018-11-09,79.9,50
"		156",堡林,2018-11-10,82.9,53
"		156",堡林,2018-11-11,96.4,77
"		156",堡林,2018-11-12,71.1,44
"		156",堡林,2018-11-13,70.9,40
"		156",堡林,2018-11-14,74.5,43
"		156",堡林,2018-11-15,76,43
"		156",堡林,2018-11-16,89.9,77
"		156",堡林,2018-11-17,52.9,15
"		156",堡林,2018-11-18,53.9,26
"		156",堡林,2018-11-19,64.3,40
"		156",堡林,2018-11-20,48,17
"		156",堡林,2018-11-21,58.8,29
"		156",堡林,2018-11-22,47.8,21
"		156",堡林,2018-11-23,51.3,29
"		156",堡林,2018-11-24,82.6,47
"		156",堡林,2018-11-25,85.3,59
"		156",堡林,2018-11-26,75.4,40
"		156",堡林,2018-11-27,80.8,49
"		156",堡林,2018-11-28,45.1,21
"		156",堡林,2018-11-29,44.5,16
"		156",堡林,2018-11-30,61.3,31
"		156",堡林,2018-12-01,56.8,36
"		156",堡林,2018-12-02,68.4,49
"		156",堡林,2018-12-03,98.9,82
"		156",堡林,2018-12-04,80.9,39
"		156",堡林,2018-12-05,46.5,24
"		156",堡林,2018-12-06,80.3,57
"		156",堡林,2018-12-07,54.8,44
"		156",堡林,2018-12-08,50.8,35
"		156",堡林,2018-12-09,38.9,12
"		156",堡林,2018-12-10,27,9
"		156",堡林,2018-12-11,78.4,37
"		156",堡林,2018-12-12,62.8,44
"		156",堡林,2018-12-13,64.1,44
"		156",堡林,2018-12-14,56.4,39
"		156",堡林,2018-12-15,46.1,12
"		156",堡林,2018-12-16,71.1,52
"		156",堡林,2018-12-17,71.5,40
"		156",堡林,2018-12-18,59.6,37
"		156",堡林,2018-12-19,76.5,57
"		156",堡林,2018-12-20,79.5,53
"		156",堡林,2018-12-21,84.3,60
"		156",堡林,2018-12-22,80,47
"		156",堡林,2018-12-23,59.1,21
"		156",堡林,2018-12-24,58.9,39
"		156",堡林,2018-12-25,49.4,27
"		156",堡林,2018-12-26,46.8,16
"		156",堡林,2018-12-27,45.3,19
"		156",堡林,2018-12-28,59.3,51
"		156",堡林,2018-12-29,57.6,36
"		156",堡林,2018-12-30,51,24
"		156",堡林,2018-12-31,45.8,14
"		156",堡林,2019-01-01,65.3,46
"		156",堡林,2019-01-02,62.4,48
"		156",堡林,2019-01-03,53,22
"		156",堡林,2019-01-04,56.4,32
"		156",堡林,2019-01-05,54.4,19
"		156",堡林,2019-01-06,44.3,22
"		156",堡林,2019-01-07,64.1,43
"		156",堡林,2019-01-08,60.6,31
"		156",堡林,2019-01-09,33.1,16
"		156",堡林,2019-01-10,57,32
"		156",堡林,2019-01-11,61,39
"		156",堡林,2019-01-12,77.6,41
"		156",堡林,2019-01-13,66.1,37
"		156",堡林,2019-01-14,71.8,38
"		156",堡林,2019-01-15,70.8,47
"		156",堡林,2019-01-16,50.9,22
"		156",堡林,2019-01-17,64.4,37
"		156",堡林,2019-01-18,70.5,44
"		156",堡林,2019-01-19,71.3,11
"		156",堡林,2019-01-20,64.1,41
"		156",堡林,2019-01-21,59.5,38
"		156",堡林,2019-01-22,64.4,24
"		156",堡林,2019-01-23,62.1,28
"		156",堡林,2019-01-24,36.5,7
"		156",堡林,2019-01-25,55.1,46
"		156",堡林,2019-01-26,46.4,23
"		156",堡林,2019-01-27,61,31
"		156",堡林,2019-01-28,56.6,17
"		156",堡林,2019-01-29,42.3,12
"		156",堡林,2019-01-30,46,18
"		156",堡林,2019-01-31,81.9,66
"		156",堡林,2019-02-01,67.9,45
"		156",堡林,2019-02-02,71.8,45
"		156",堡林,2019-02-03,97.5,83
"		156",堡林,2019-02-04,37.5,19
"		156",堡林,2019-02-05,45.5,25
"		156",堡林,2019-02-06,61.9,40
"		156",堡林,2019-02-07,59.1,30
"		156",堡林,2019-02-08,35,15
"		156",堡林,2019-02-09,47.4,36
"		156",堡林,2019-02-10,35.5,17
"		156",堡林,2019-02-11,51.4,35
"		156",堡林,2019-02-12,55.5,34
"		156",堡林,2019-02-13,45.6,25
"		156",堡林,2019-02-14,36.1,8
"		156",堡林,2019-02-15,56.8,31
"		156",堡林,2019-02-16,59.8,45
"		156",堡林,2019-02-17,48.4,21
"		156",堡林,2019-02-18,50.6,24
"		156",堡林,2019-02-19,95.6,84
"		156",堡林,2019-02-20,73,47
"		156",堡林,2019-02-21,62.8,30
"		156",堡林,2019-02-22,60.6,32
"		156",堡林,2019-02-23,55.8,21
"		156",堡林,2019-02-24,61,28
"		156",堡林,2019-02-25,56.8,20
"		156",堡林,2019-02-26,44,11
"		156",堡林,2019-02-27,73.6,53
"		156",堡林,2019-02-28,58.9,29
"		156",堡林,2019-03-01,56.3,20
"		156",堡林,2019-03-02,52,36
"		156",堡林,2019-03-03,54.9,37
"		156",堡林,2019-03-04,55.4,33
"		156",堡林,2019-03-05,60.6,35
"		156",堡林,2019-03-06,61.8,36
"		156",堡林,2019-03-07,71.5,42
"		156",堡林,2019-03-08,58.1,9
"		156",堡林,2019-03-09,58.4,26
"		156",堡林,2019-03-10,92.9,69
"		156",堡林,2019-03-11,91.3,64
"		156",堡林,2019-03-12,75.5,54
"		156",堡林,2019-03-13,41.3,11
"		156",堡林,2019-03-14,50,20
"		156",堡林,2019-03-15,70.3,40
"		156",堡林,2019-03-16,61.5,31
"		156",堡林,2019-03-17,49.4,20
"		156",堡林,2019-03-18,46.1,27
"		156",堡林,2019-03-19,61.6,35
"		156",堡林,2019-03-20,80.4,36
"		156",堡林,2019-03-21,86.9,65
"		156",堡林,2019-03-22,55.8,32
"		156",堡林,2019-03-23,51,30
"		156",堡林,2019-03-24,49.1,28
"		156",堡林,2019-03-25,64.4,38
"		156",堡林,2019-03-26,59,12
"		156",堡林,2019-03-27,62.1,29
"		156",堡林,2019-03-28,56.6,16
"		156",堡林,2019-03-29,43.3,16
"		156",堡林,2019-03-30,66.6,48
"		156",堡林,2019-03-31,38.5,22
"		156",堡林,2019-04-01,49.8,20
"		156",堡林,2019-04-02,41.1,16
"		156",堡林,2019-04-03,43.5,19
"		156",堡林,2019-04-04,47.6,19
"		156",堡林,2019-04-05,54.3,22
"		156",堡林,2019-04-06,43.8,15
"		156",堡林,2019-04-07,95.3,71
"		156",堡林,2019-04-08,54.3,13
"		156",堡林,2019-04-09,71.8,31
"		156",堡林,2019-04-10,92.8,82
"		156",堡林,2019-04-11,68.4,33
"		156",堡林,2019-04-12,53.3,17
"		156",堡林,2019-04-13,45.1,20
"		156",堡林,2019-04-14,68.6,47
"		156",堡林,2019-04-15,42.8,15
"		156",堡林,2019-04-16,35,10
"		156",堡林,2019-04-17,61.3,33
"		156",堡林,2019-04-18,67.6,35
"		156",堡林,2019-04-19,78.4,59
"		156",堡林,2019-04-20,67.5,43
"		156",堡林,2019-04-21,69.6,44
"		156",堡林,2019-04-22,63.8,43
"		156",堡林,2019-04-23,82.5,57
"		156",堡林,2019-04-24,92.6,83
"		156",堡林,2019-04-25,96.4,78
"		156",堡林,2019-04-26,90.9,78
"		156",堡林,2019-04-27,69,27
"		156",堡林,2019-04-28,64,29
"		156",堡林,2019-04-29,90.4,57
"		156",堡林,2019-04-30,92.4,70
"		156",堡林,2019-05-01,75.5,45
"		156",堡林,2019-05-02,56,22
"		156",堡林,2019-05-03,45.8,11
"		156",堡林,2019-05-04,43.9,15
"		156",堡林,2019-05-05,46.3,17
"		156",堡林,2019-05-06,49.4,26
"		156",堡林,2019-05-07,36.3,12
"		156",堡林,2019-05-08,36.9,14
"		156",堡林,2019-05-09,32.3,16
"		156",堡林,2019-05-10,34.9,14
"		156",堡林,2019-05-11,41.3,27
"		156",堡林,2019-05-12,44.5,20
"		156",堡林,2019-05-13,51.9,28
"		156",堡林,2019-05-14,64.8,38
"		156",堡林,2019-05-15,60.4,31
"		156",堡林,2019-05-16,51,23
"		156",堡林,2019-05-17,67.8,36
"		156",堡林,2019-05-18,89.4,81
"		156",堡林,2019-05-19,87,73
"		156",堡林,2019-05-20,64.4,32
"		156",堡林,2019-05-21,55,24
"		156",堡林,2019-05-22,53.6,17
"		156",堡林,2019-05-23,62.4,17
"		156",堡林,2019-05-24,57,34
"		156",堡林,2019-05-25,61.5,31
"		156",堡林,2019-05-26,64.1,16
"		156",堡林,2019-05-27,98,87
"		156",堡林,2019-05-28,59.1,29
"		156",堡林,2019-05-29,63,34
"		156",堡林,2019-05-30,57.9,26
"		156",堡林,2019-05-31,76.4,46
"		156",堡林,2019-06-01,68,35
"		156",堡林,2019-06-02,57.6,29
"		156",堡林,2019-06-03,52.1,28
"		156",堡林,2019-06-04,59,33
"		156",堡林,2019-06-05,65.9,37
"		156",堡林,2019-06-06,85.3,62
"		156",堡林,2019-06-07,97.3,87
"		156",堡林,2019-06-08,85.9,62
"		156",堡林,2019-06-09,79.5,44
"		156",堡林,2019-06-10,86.4,68
"		156",堡林,2019-06-11,89.3,64
"		156",堡林,2019-06-12,80,40
"		156",堡林,2019-06-13,74.9,44
"		156",堡林,2019-06-14,85.3,60
"		156",堡林,2019-06-15,78.3,55
"		156",堡林,2019-06-16,78.9,54
"		156",堡林,2019-06-17,74.6,47
"		156",堡林,2019-06-18,75.5,58
"		156",堡林,2019-06-19,76.8,53
"		156",堡林,2019-06-20,75.1,50
"		156",堡林,2019-06-21,75,50
"		156",堡林,2019-06-22,84.4,55
"		156",堡林,2019-06-23,80,39
"		156",堡林,2019-06-24,74.8,46
"		156",堡林,2019-06-25,70.4,45
"		156",堡林,2019-06-26,93.9,70
"		156",堡林,2019-06-27,88,63
"		156",堡林,2019-06-28,81.3,56
"		156",堡林,2019-06-29,97.9,87
"		156",堡林,2019-06-30,88.5,66
"		156",堡林,2019-07-01,96.1,82
"		156",堡林,2019-07-02,78,47
"		156",堡林,2019-07-03,79.3,50
"		156",堡林,2019-07-04,75,39
"		156",堡林,2019-07-05,67.3,35
"		156",堡林,2019-07-06,64.6,31
"		156",堡林,2019-07-07,72.6,46
"		156",堡林,2019-07-08,75.6,45
"		156",堡林,2019-07-09,76.3,52
"		156",堡林,2019-07-10,92.8,72
"		156",堡林,2019-07-11,80.4,70
"		156",堡林,2019-07-12,73.9,46
"		156",堡林,2019-07-13,82.8,56
"		156",堡林,2019-07-14,80.4,53
"		156",堡林,2019-07-15,80.9,61
"		156",堡林,2019-07-16,83.9,56
"		156",堡林,2019-07-17,77.4,50
"		156",堡林,2019-07-18,92.8,79
"		156",堡林,2019-07-19,93.9,82
"		156",堡林,2019-07-20,96.6,90
"		156",堡林,2019-07-21,96.9,88
"		156",堡林,2019-07-22,90.9,66
"		156",堡林,2019-07-23,84.4,65
"		156",堡林,2019-07-24,89.5,81
"		156",堡林,2019-07-25,92.5,81
"		156",堡林,2019-07-26,90.8,76
"		156",堡林,2019-07-27,97.5,94
"		156",堡林,2019-07-28,93.3,82
"		156",堡林,2019-07-29,80.6,55
"		156",堡林,2019-07-30,85.1,66
"		156",堡林,2019-07-31,83,64
"		156",堡林,2019-08-01,80.3,47
"		156",堡林,2019-08-02,78.4,54
"		156",堡林,2019-08-03,75.6,50
"		156",堡林,2019-08-04,74.8,48
"		156",堡林,2019-08-05,78.5,54
"		156",堡林,2019-08-06,75.1,56
"		156",堡林,2019-08-07,80,55
"		156",堡林,2019-08-08,82.4,61
"		156",堡林,2019-08-09,76.9,53
"		156",堡林,2019-08-10,64.5,47
"		156",堡林,2019-08-11,77.6,59
"		156",堡林,2019-08-12,91,79
"		156",堡林,2019-08-13,80,58
"		156",堡林,2019-08-14,77.5,55
"		156",堡林,2019-08-15,84,68
"		156",堡林,2019-08-16,86.9,68
"		156",堡林,2019-08-17,83.4,57
"		156",堡林,2019-08-18,71.1,37
"		156",堡林,2019-08-19,68.3,41
"		156",堡林,2019-08-20,74.9,55
"		156",堡林,2019-08-21,89.1,71
"		156",堡林,2019-08-22,85,57
"		156",堡林,2019-08-23,79.8,49
"		156",堡林,2019-08-24,80.8,51
"		156",堡林,2019-08-25,84.4,58
"		156",堡林,2019-08-26,72.3,45
"		156",堡林,2019-08-27,96.9,73
"		156",堡林,2019-08-28,91.8,71
"		156",堡林,2019-08-29,92.8,86
"		156",堡林,2019-08-30,78.1,51
"		156",堡林,2019-08-31,79,50
"		156",堡林,2019-09-01,88.3,64
"		156",堡林,2019-09-02,94.3,83
"		156",堡林,2019-09-03,98.1,93
"		156",堡林,2019-09-04,95.5,86
"		156",堡林,2019-09-05,91.1,67
"		156",堡林,2019-09-06,90.6,69
"		156",堡林,2019-09-07,95.1,84
"		156",堡林,2019-09-08,94.4,77
"		156",堡林,2019-09-09,97.1,86
"		156",堡林,2019-09-10,82.3,62
"		156",堡林,2019-09-11,86.3,63
"		156",堡林,2019-09-12,92.5,84
"		156",堡林,2019-09-13,74.8,49
"		156",堡林,2019-09-14,80.9,57
"		156",堡林,2019-09-15,83.8,55
"		156",堡林,2019-09-16,77.6,51
"		156",堡林,2019-09-17,56.9,25
"		156",堡林,2019-09-18,60.5,30
"		156",堡林,2019-09-19,57.1,38
"		156",堡林,2019-09-20,68,46
"		156",堡林,2019-09-21,92.1,69
"		156",堡林,2019-09-22,85.5,65
"		156",堡林,2019-09-23,73.5,44
"		156",堡林,2019-09-24,73.8,43
"		156",堡林,2019-09-25,71.4,30
"		156",堡林,2019-09-26,76.6,55
"		156",堡林,2019-09-27,80.5,56
"		156",堡林,2019-09-28,87.8,63
"		156",堡林,2019-09-29,78.8,54
"		156",堡林,2019-09-30,83.3,65
"		156",堡林,2019-10-01,98.3,87
"		156",堡林,2019-10-02,98.5,96
"		156",堡林,2019-10-03,89.4,63
"		156",堡林,2019-10-04,86.9,62
"		156",堡林,2019-10-05,87.1,69
"		156",堡林,2019-10-06,75.9,56
"		156",堡林,2019-10-07,93.1,72
"		156",堡林,2019-10-08,70.8,48
"		156",堡林,2019-10-09,52.9,26
"		156",堡林,2019-10-10,60,22
"		156",堡林,2019-10-11,63.1,32
"		156",堡林,2019-10-12,54,30
"		156",堡林,2019-10-13,54.5,29
"		156",堡林,2019-10-14,72.1,51
"		156",堡林,2019-10-15,68.6,49
"		156",堡林,2019-10-16,75,44
"		156",堡林,2019-10-17,75.4,53
"		156",堡林,2019-10-18,75.4,59
"		156",堡林,2019-10-19,82.3,46
"		156",堡林,2019-10-20,75.4,39
"		156",堡林,2019-10-21,67.1,29
"		156",堡林,2019-10-22,69.3,46
"		156",堡林,2019-10-23,74.9,61
"		156",堡林,2019-10-24,72.1,47
"		156",堡林,2019-10-25,75.6,44
"		156",堡林,2019-10-26,62.5,48
"		156",堡林,2019-10-27,65.4,37
"		156",堡林,2019-10-28,69.9,41
"		156",堡林,2019-10-29,66.6,35
"		156",堡林,2019-10-30,69.5,37
"		156",堡林,2019-10-31,74.9,46
"		156",堡林,2019-11-01,71.1,40
"		156",堡林,2019-11-02,71.6,45
"		156",堡林,2019-11-03,69.6,26
"		156",堡林,2019-11-04,73.1,39
"		156",堡林,2019-11-05,78.3,41
"		156",堡林,2019-11-06,72.6,33
"		156",堡林,2019-11-07,72.5,47
"		156",堡林,2019-11-08,49.4,19
"		156",堡林,2019-11-09,51.1,19
"		156",堡林,2019-11-10,76.9,47
"		156",堡林,2019-11-11,79.8,48
"		156",堡林,2019-11-12,67.4,32
"		156",堡林,2019-11-13,80.6,60
"		156",堡林,2019-11-14,52.3,27
"		156",堡林,2019-11-15,66.8,48
"		156",堡林,2019-11-16,79.5,50
"		156",堡林,2019-11-17,86.3,69
"		156",堡林,2019-11-18,71,48
"		156",堡林,2019-11-19,62.5,46
"		156",堡林,2019-11-20,53.8,24
"		156",堡林,2019-11-21,42.5,14
"		156",堡林,2019-11-22,58.3,44
"		156",堡林,2019-11-23,68.6,44
"		156",堡林,2019-11-24,76.4,56
"		156",堡林,2019-11-25,59.8,49
"		156",堡林,2019-11-26,69.9,50
"		156",堡林,2019-11-27,63,42
"		156",堡林,2019-11-28,60.4,38
"		156",堡林,2019-11-29,46.9,8
"		156",堡林,2019-11-30,51,32
"		156",堡林,2019-12-01,86.3,53
"		156",堡林,2019-12-02,67.3,49
"		156",堡林,2019-12-03,69.8,49
"		156",堡林,2019-12-04,65.9,34
"		156",堡林,2019-12-05,56.6,25
"		156",堡林,2019-12-06,37.3,14
"		156",堡林,2019-12-07,47.8,36
"		156",堡林,2019-12-08,63.6,39
"		156",堡林,2019-12-09,72.9,46
"		156",堡林,2019-12-10,77.8,50
"		156",堡林,2019-12-11,74.9,51
"		156",堡林,2019-12-12,49.1,26
"		156",堡林,2019-12-13,45,6
"		156",堡林,2019-12-14,52.6,23
"		156",堡林,2019-12-15,55.5,42
"		156",堡林,2019-12-16,65.3,46
"		156",堡林,2019-12-17,88,75
"		156",堡林,2019-12-18,66.4,50
"		156",堡林,2019-12-19,50.8,22
"		156",堡林,2019-12-20,67,50
"		156",堡林,2019-12-21,63.1,44
"		156",堡林,2019-12-22,60.6,39
"		156",堡林,2019-12-23,70.1,47
"		156",堡林,2019-12-24,52.8,18
"		156",堡林,2019-12-25,45.1,10
"		156",堡林,2019-12-26,61.8,34
"		156",堡林,2019-12-27,53.1,38
"		156",堡林,2019-12-28,48.6,30
"		156",堡林,2019-12-29,78.8,46
"		156",堡林,2019-12-30,82.9,55
"		156",堡林,2019-12-31,46.1,30
"		156",堡林,2020-01-01,58,46
"		156",堡林,2020-01-02,69,42
"		156",堡林,2020-01-03,71.5,46
"		156",堡林,2020-01-04,73.1,46
"		156",堡林,2020-01-05,54.1,16
"		156",堡林,2020-01-06,82.4,42
"		156",堡林,2020-01-07,97.6,93
"		156",堡林,2020-01-08,83.9,67
"		156",堡林,2020-01-09,66.1,51
"		156",堡林,2020-01-10,61.5,31
"		156",堡林,2020-01-11,59.6,44
"		156",堡林,2020-01-12,62.1,50
"		156",堡林,2020-01-13,59,43
"		156",堡林,2020-01-14,54.1,37
"		156",堡林,2020-01-15,61.8,42
"		156",堡林,2020-01-16,44.6,23
"		156",堡林,2020-01-17,39.1,13
"		156",堡林,2020-01-18,56.5,22
"		156",堡林,2020-01-19,75.6,59
"		156",堡林,2020-01-20,63.1,39
"		156",堡林,2020-01-21,38.8,13
"		156",堡林,2020-01-22,82.5,39
"		156",堡林,2020-01-23,85.1,58
"		156",堡林,2020-01-24,57.8,32
"		156",堡林,2020-01-25,71.5,58
"		156",堡林,2020-01-26,68.1,49
"		156",堡林,2020-01-27,94.5,56
"		156",堡林,2020-01-28,81.9,50
"		156",堡林,2020-01-29,84.9,73
"		156",堡林,2020-01-30,73.1,45
"		156",堡林,2020-01-31,68.5,41
"		156",堡林,2020-02-01,74.3,51
"		156",堡林,2020-02-02,66.1,38
"		156",堡林,2020-02-03,65.8,39
"		156",堡林,2020-02-04,49.4,18
"		156",堡林,2020-02-05,44.5,19
"		156",堡林,2020-02-06,32.6,10
"		156",堡林,2020-02-07,43.1,17
"		156",堡林,2020-02-08,52.4,30
"		156",堡林,2020-02-09,53,33
"		156",堡林,2020-02-10,56.8,23
"		156",堡林,2020-02-11,53.9,29
"		156",堡林,2020-02-12,96.5,62
"		156",堡林,2020-02-13,91.5,69
"		156",堡林,2020-02-14,60.6,12
"		156",堡林,2020-02-15,74.9,28
"		156",堡林,2020-02-16,88.8,62
"		156",堡林,2020-02-17,85.5,61
"		156",堡林,2020-02-18,60.4,35
"		156",堡林,2020-02-19,66.9,40
"		156",堡林,2020-02-20,62.6,16
"		156",堡林,2020-02-21,69.8,33
"		156",堡林,2020-02-22,62.4,32
"		156",堡林,2020-02-23,52.5,30
"		156",堡林,2020-02-24,65.8,31
"		156",堡林,2020-02-25,97,83
"		156",堡林,2020-02-26,83.4,57
"		156",堡林,2020-02-27,67.9,32
"		156",堡林,2020-02-28,80.6,60
"		156",堡林,2020-02-29,74.9,49
"		156",堡林,2020-03-01,82.5,62
"		156",堡林,2020-03-02,52.4,25
"		156",堡林,2020-03-03,65.3,43
"		156",堡林,2020-03-04,57.6,34
"		156",堡林,2020-03-05,46.8,24
"		156",堡林,2020-03-06,43.1,1
"		156",堡林,2020-03-07,87.4,49
"		156",堡林,2020-03-08,73,40
"		156",堡林,2020-03-09,84.3,55
"		156",堡林,2020-03-10,86.3,59
"		156",堡林,2020-03-11,43.6,22
"		156",堡林,2020-03-12,46.9,12
"		156",堡林,2020-03-13,45,6
"		156",堡林,2020-03-14,43.3,18
"		156",堡林,2020-03-15,50.5,20
"		156",堡林,2020-03-16,43.6,11
"		156",堡林,2020-03-17,63.4,27
"		156",堡林,2020-03-18,53.3,7
"		156",堡林,2020-03-19,54.3,22
"		156",堡林,2020-03-20,32.6,17
"		156",堡林,2020-03-21,57.5,34
"		156",堡林,2020-03-22,48.4,16
"		156",堡林,2020-03-23,46,14
"		156",堡林,2020-03-24,55.9,16
"		156",堡林,2020-03-25,46.9,23
"		156",堡林,2020-03-26,94.5,39
"		156",堡林,2020-03-27,84.4,60
"		156",堡林,2020-03-28,42.8,25
"		156",堡林,2020-03-29,52.8,31
"		156",堡林,2020-03-30,56.5,33
"		156",堡林,2020-03-31,53.9,25
"		156",堡林,2020-04-01,50.1,25
"		156",堡林,2020-04-02,42.5,18
"		156",堡林,2020-04-03,35.9,19
"		156",堡林,2020-04-04,45.6,18
"		156",堡林,2020-04-05,37.1,11
"		156",堡林,2020-04-06,41,9
"		156",堡林,2020-04-07,50.5,18
"		156",堡林,2020-04-08,32.8,6
"		156",堡林,2020-04-09,39.1,20
"		156",堡林,2020-04-10,48.6,34
"		156",堡林,2020-04-11,79.9,53
"		156",堡林,2020-04-12,77.9,40
"		156",堡林,2020-04-13,56.9,27
"		156",堡林,2020-04-14,41.9,5
"		156",堡林,2020-04-15,39.5,12
"		156",堡林,2020-04-16,49.4,21
"		156",堡林,2020-04-17,85.6,59
"		156",堡林,2020-04-18,73.8,50
"		156",堡林,2020-04-19,89.6,65
"		156",堡林,2020-04-20,78.5,54
"		156",堡林,2020-04-21,47.3,16
"		156",堡林,2020-04-22,39.6,25
"		156",堡林,2020-04-23,46.9,19
"		156",堡林,2020-04-24,40.9,12
"		156",堡林,2020-04-25,56,26
"		156",堡林,2020-04-26,44.3,9
"		156",堡林,2020-04-27,39.1,16
"		156",堡林,2020-04-28,53.6,18
"		156",堡林,2020-04-29,41.6,16
"		156",堡林,2020-04-30,60,36
"		156",堡林,2020-05-01,77.6,56
"		156",堡林,2020-05-02,76.6,54
"		156",堡林,2020-05-03,91,68
"		156",堡林,2020-05-04,78.1,54
"		156",堡林,2020-05-05,78.4,60
"		156",堡林,2020-05-06,62.8,20
"		156",堡林,2020-05-07,45.3,12
"		156",堡林,2020-05-08,59.5,33
"		156",堡林,2020-05-09,96.1,91
"		156",堡林,2020-05-10,93,74
"		156",堡林,2020-05-11,66.5,19
"		156",堡林,2020-05-12,64.4,39
"		156",堡林,2020-05-13,50.4,23
"		156",堡林,2020-05-14,43,17
"		156",堡林,2020-05-15,94,63
"		156",堡林,2020-05-16,89.5,74
"		156",堡林,2020-05-17,79.5,54
"		156",堡林,2020-05-18,84.8,66
"		156",堡林,2020-05-19,89.1,71
"		156",堡林,2020-05-20,70.1,45
"		156",堡林,2020-05-21,71.1,42
"		156",堡林,2020-05-22,61,37
"		156",堡林,2020-05-23,67.1,51
"		156",堡林,2020-05-24,92.5,70
"		156",堡林,2020-05-25,81.6,54
"		156",堡林,2020-05-26,76.5,36
"		156",堡林,2020-05-27,62.6,27
"		156",堡林,2020-05-28,74.4,41
"		156",堡林,2020-05-29,65.1,30
"		156",堡林,2020-05-30,52.9,33
"		156",堡林,2020-05-31,79.4,49
"		156",堡林,2020-06-01,64.4,25
"		156",堡林,2020-06-02,61.3,21
"		156",堡林,2020-06-03,83.4,60
"		156",堡林,2020-06-04,72.5,32
"		156",堡林,2020-06-05,78.6,43
"		156",堡林,2020-06-06,83.9,55
"		156",堡林,2020-06-07,71.3,44
"		156",堡林,2020-06-08,58.6,32
"		156",堡林,2020-06-09,55.6,37
"		156",堡林,2020-06-10,77.4,44
"		156",堡林,2020-06-11,90,63
"		156",堡林,2020-06-12,86.6,58
"		156",堡林,2020-06-13,96,80
"		156",堡林,2020-06-14,92.1,56
"		156",堡林,2020-06-15,68.5,38
"		156",堡林,2020-06-16,65.5,35
"		156",堡林,2020-06-17,78.9,51
"		156",堡林,2020-06-18,98.6,96
"		156",堡林,2020-06-19,81.8,47
"		156",堡林,2020-06-20,82.5,55
"		156",堡林,2020-06-21,77.3,53
"		156",堡林,2020-06-22,77.1,50
"		156",堡林,2020-06-23,65.1,33
"		156",堡林,2020-06-24,88.9,52
"		156",堡林,2020-06-25,94.5,85
"		156",堡林,2020-06-26,80.4,53
"		156",堡林,2020-06-27,80.3,48
"		156",堡林,2020-06-28,75.8,53
"		156",堡林,2020-06-29,96.8,75
"		156",堡林,2020-06-30,96.9,90
"		156",堡林,2020-07-01,75.6,51
"		156",堡林,2020-07-02,80.4,60
"		156",堡林,2020-07-03,88.9,73
"		156",堡林,2020-07-04,95,80
"		156",堡林,2020-07-05,88.4,67
"		156",堡林,2020-07-06,95.4,82
"		156",堡林,2020-07-07,82.9,57
"		156",堡林,2020-07-08,81.1,49
"		156",堡林,2020-07-09,82,58
"		156",堡林,2020-07-10,91.3,69
"		156",堡林,2020-07-11,88.1,68
"		156",堡林,2020-07-12,94.4,84
"		156",堡林,2020-07-13,98,88
"		156",堡林,2020-07-14,98.8,97
"		156",堡林,2020-07-15,98.6,95
"		156",堡林,2020-07-16,89.5,59
"		156",堡林,2020-07-17,84,52
"		156",堡林,2020-07-18,79.8,58
"		156",堡林,2020-07-19,88.6,78
"		156",堡林,2020-07-20,94.1,84
"		156",堡林,2020-07-21,87.8,61
"		156",堡林,2020-07-22,99,99
"		156",堡林,2020-07-23,98.4,95
"		156",堡林,2020-07-24,98.9,97
"		156",堡林,2020-07-25,97.4,94
"		156",堡林,2020-07-26,88.8,64
"		156",堡林,2020-07-27,94.1,76
"		156",堡林,2020-07-28,98.1,90
"		156",堡林,2020-07-29,99,99
"		156",堡林,2020-07-30,96.6,82
"		156",堡林,2020-07-31,91.5,73
"		156",堡林,2020-08-01,93.5,75
"		156",堡林,2020-08-02,91.1,73
"		156",堡林,2020-08-03,90.4,77
"		156",堡林,2020-08-04,84.4,65
"		156",堡林,2020-08-05,89.9,74
"		156",堡林,2020-08-06,99,89
"		156",堡林,2020-08-07,99,99
"		156",堡林,2020-08-08,98.8,98
"		156",堡林,2020-08-09,88,65
"		156",堡林,2020-08-10,98.4,94
"		156",堡林,2020-08-11,98.4,94
"		156",堡林,2020-08-12,96.4,81
"		156",堡林,2020-08-13,91.3,75
"		156",堡林,2020-08-14,88.4,68
"		156",堡林,2020-08-15,84.4,55
"		156",堡林,2020-08-16,87.1,65
"		156",堡林,2020-08-17,84.5,53
"		156",堡林,2020-08-18,82.1,52
"		156",堡林,2020-08-19,79.8,50
"		156",堡林,2020-08-20,82,51
"		156",堡林,2020-08-21,85,55
"		156",堡林,2020-08-22,85.9,68
"		156",堡林,2020-08-23,86.4,56
"		156",堡林,2020-08-24,81.1,55
"		156",堡林,2020-08-25,76.3,57
"		156",堡林,2020-08-26,86,66
"		156",堡林,2020-08-27,88.3,73
"		156",堡林,2020-08-28,86.5,64
"		156",堡林,2020-08-29,95.1,75
"		156",堡林,2020-08-30,85.6,57
"		156",堡林,2020-08-31,95.3,68
"		156",堡林,2020-09-01,88,67
"		156",堡林,2020-09-02,97.8,91
"		156",堡林,2020-09-03,87.5,68
"		156",堡林,2020-09-04,78.6,46
"		156",堡林,2020-09-05,92.4,81
"		156",堡林,2020-09-06,97.4,86
"		156",堡林,2020-09-07,97.9,87
"		156",堡林,2020-09-08,89.3,67
"		156",堡林,2020-09-09,92.8,66
"		156",堡林,2020-09-10,89.1,52
"		156",堡林,2020-09-11,98.1,94
"		156",堡林,2020-09-12,93.8,72
"		156",堡林,2020-09-13,97.9,86
"		156",堡林,2020-09-14,84.6,54
"		156",堡林,2020-09-15,82.1,51
"		156",堡林,2020-09-16,96.4,85
"		156",堡林,2020-09-17,92,59
"		156",堡林,2020-09-18,86.9,50
"		156",堡林,2020-09-19,83.1,46
"		156",堡林,2020-09-20,76.3,39
"		156",堡林,2020-09-21,68.6,36
"		156",堡林,2020-09-22,70.9,40
"		156",堡林,2020-09-23,75.6,58
"		156",堡林,2020-09-24,70.5,46
"		156",堡林,2020-09-25,74.1,52
"		156",堡林,2020-09-26,74.6,42
"		156",堡林,2020-09-27,71.4,41
"		156",堡林,2020-09-28,69.3,30
"		156",堡林,2020-09-29,74.5,39
"		156",堡林,2020-09-30,82,44
"		156",堡林,2020-10-01,80.8,56
"		156",堡林,2020-10-02,78.4,49
"		156",堡林,2020-10-03,82.6,53
"		156",堡林,2020-10-04,90.8,60
"		156",堡林,2020-10-05,53.8,37
"		156",堡林,2020-10-06,56.6,28
"		156",堡林,2020-10-07,50.6,31
"		156",堡林,2020-10-08,57.8,38
"		156",堡林,2020-10-09,57,38
"		156",堡林,2020-10-10,66.6,38
"		156",堡林,2020-10-11,77.4,48
"		156",堡林,2020-10-12,76.6,38
"		156",堡林,2020-10-13,52.5,32
"		156",堡林,2020-10-14,56.1,38
"		156",堡林,2020-10-15,36.4,12
"		156",堡林,2020-10-16,54,36
"		156",堡林,2020-10-17,71.3,42
"		156",堡林,2020-10-18,64.1,19
"		156",堡林,2020-10-19,61.6,31
"		156",堡林,2020-10-20,59.6,26
"		156",堡林,2020-10-21,85.6,65
"		156",堡林,2020-10-22,76.1,52
"		156",堡林,2020-10-23,50.1,33
"		156",堡林,2020-10-24,52.3,26
"		156",堡林,2020-10-25,71.1,44
"		156",堡林,2020-10-26,71.4,34
"		156",堡林,2020-10-27,70.4,28
"		156",堡林,2020-10-28,66.5,33
"		156",堡林,2020-10-29,44,14
"		156",堡林,2020-10-30,54.5,20
"		156",堡林,2020-10-31,59.1,33
"		156",堡林,2020-11-01,91.6,63
"		156",堡林,2020-11-02,71.8,34
"		156",堡林,2020-11-03,54.5,34
"		156",堡林,2020-11-04,43.3,12
"		156",堡林,2020-11-05,45.4,20
"		156",堡林,2020-11-06,65.1,46
"		156",堡林,2020-11-07,77.1,40
"		156",堡林,2020-11-08,60.9,16
"		156",堡林,2020-11-09,41.9,14
"		156",堡林,2020-11-10,48.9,22
"		156",堡林,2020-11-11,50.6,18
"		156",堡林,2020-11-12,59,29
"		156",堡林,2020-11-13,67.6,30
"		156",堡林,2020-11-14,66.8,32
"		156",堡林,2020-11-15,68.6,42
"		156",堡林,2020-11-16,60.3,26
"		156",堡林,2020-11-17,77.5,54
"		156",堡林,2020-11-18,89.3,63
"		156",堡林,2020-11-19,92.1,80
"		156",堡林,2020-11-20,73.4,69
"		156",堡林,2020-11-21,66.6,43
"		156",堡林,2020-11-22,85.9,60
"		156",堡林,2020-11-23,60.5,48
"		156",堡林,2020-11-24,40.8,15
"		156",堡林,2020-11-25,51,34
"		156",堡林,2020-11-26,57.1,31
"		156",堡林,2020-11-27,58.6,47
"		156",堡林,2020-11-28,49.9,32
"		156",堡林,2020-11-29,61,47
"		156",堡林,2020-11-30,57.1,40
"		156",堡林,2020-12-01,35.9,9
"		156",堡林,2020-12-02,35,17
"		156",堡林,2020-12-03,51.5,40
"		156",堡林,2020-12-04,54.3,35
"		156",堡林,2020-12-05,55,32
"		156",堡林,2020-12-06,61.1,35
"		156",堡林,2020-12-07,69.9,50
"		156",堡林,2020-12-08,56.8,42
"		156",堡林,2020-12-09,49.3,12
"		156",堡林,2020-12-10,55.6,36
"		156",堡林,2020-12-11,80.5,58
"		156",堡林,2020-12-12,51.4,23
"		156",堡林,2020-12-13,66.1,42
"		156",堡林,2020-12-14,45.9,31
"		156",堡林,2020-12-15,46.9,30
"		156",堡林,2020-12-16,59.6,40
"		156",堡林,2020-12-17,55.4,42
"		156",堡林,2020-12-18,62.8,46
"		156",堡林,2020-12-19,31.1,7
"		156",堡林,2020-12-20,45.3,31
"		156",堡林,2020-12-21,61.5,42
"		156",堡林,2020-12-22,74.3,50
"		156",堡林,2020-12-23,79.3,53
"		156",堡林,2020-12-24,63.9,30
"		156",堡林,2020-12-25,65.9,42
"		156",堡林,2020-12-26,61.4,37
"		156",堡林,2020-12-27,81.1,53
"		156",堡林,2020-12-28,89.1,51
"		156",堡林,2020-12-29,89.6,57
"		156",堡林,2020-12-30,89,74
"		156",堡林,2020-12-31,79.8,62
"		156",堡林,2021-01-01,83.1,62
"		156",堡林,2021-01-02,67.8,31
"		156",堡林,2021-01-03,54.6,41
"		156",堡林,2021-01-04,71.8,45
"		156",堡林,2021-01-05,64.9,45
"		156",堡林,2021-01-06,65.9,43
"		156",堡林,2021-01-07,69.1,52
"		156",堡林,2021-01-08,55.8,41
"		156",堡林,2021-01-09,52.6,35
"		156",堡林,2021-01-10,74.3,51
"		156",堡林,2021-01-11,78.6,63
"		156",堡林,2021-01-12,80.4,44
"		156",堡林,2021-01-13,77.5,49
"		156",堡林,2021-01-14,76.8,42
"		156",堡林,2021-01-15,83.9,61
"		156",堡林,2021-01-16,60.9,52
"		156",堡林,2021-01-17,60.4,37
"		156",堡林,2021-01-18,77.1,35
"		156",堡林,2021-01-19,46,19
"		156",堡林,2021-01-20,51.1,34
"		156",堡林,2021-01-21,81.4,57
"		156",堡林,2021-01-22,97.9,95
"		156",堡林,2021-01-23,96.8,91
"		156",堡林,2021-01-24,70.5,41
"		156",堡林,2021-01-25,66.8,37
"		156",堡林,2021-01-26,90.6,74
"		156",堡林,2021-01-27,41.8,14
"		156",堡林,2021-01-28,71.8,36
"		156",堡林,2021-01-29,63.8,46
"		156",堡林,2021-01-30,74,53
"		156",堡林,2021-01-31,77.6,48
"		156",堡林,2021-02-01,90.6,64
"		156",堡林,2021-02-02,45.6,27
"		156",堡林,2021-02-03,50.3,19
"		156",堡林,2021-02-04,49.1,23
"		156",堡林,2021-02-05,41,15
"		156",堡林,2021-02-06,71.4,33
"		156",堡林,2021-02-07,65.8,30
"		156",堡林,2021-02-08,44.8,19
"		156",堡林,2021-02-09,40.1,17
"		156",堡林,2021-02-10,58.1,37
"		156",堡林,2021-02-11,63.6,33
"		156",堡林,2021-02-12,47,11
"		156",堡林,2021-02-13,41,8
"		156",堡林,2021-02-14,55.1,28
"		156",堡林,2021-02-15,65.9,40
"		156",堡林,2021-02-16,60.5,30
"		156",堡林,2021-02-17,83.4,57
"		156",堡林,2021-02-18,69.1,51
"		156",堡林,2021-02-19,65.4,42
"		156",堡林,2021-02-20,74.8,46
"		156",堡林,2021-02-21,65,25
"		156",堡林,2021-02-22,62.1,34
"		156",堡林,2021-02-23,38.5,11
"		156",堡林,2021-02-24,42,24
"		156",堡林,2021-02-25,86.1,47
"		156",堡林,2021-02-26,59.1,22
"		156",堡林,2021-02-27,46,28
"		156",堡林,2021-02-28,70.9,46
"		156",堡林,2021-03-01,95.9,81
"		156",堡林,2021-03-02,74.8,44
"		156",堡林,2021-03-03,64.9,31
"		156",堡林,2021-03-04,85.8,58
"		156",堡林,2021-03-05,71.5,23
"		156",堡林,2021-03-06,67.6,41
"		156",堡林,2021-03-07,69.9,45
"		156",堡林,2021-03-08,66.1,24
"		156",堡林,2021-03-09,48.6,24
"		156",堡林,2021-03-10,45.1,20
"		156",堡林,2021-03-11,58.5,22
"		156",堡林,2021-03-12,93.9,80
"		156",堡林,2021-03-13,74.8,41
"		156",堡林,2021-03-14,67.5,38
"		156",堡林,2021-03-15,69.3,32
"		156",堡林,2021-03-16,64.8,20
"		156",堡林,2021-03-17,53.6,16
"		156",堡林,2021-03-18,62.4,30
"		156",堡林,2021-03-19,60.3,32
"		156",堡林,2021-03-20,94.6,64
"		156",堡林,2021-03-21,63,34
"		156",堡林,2021-03-22,47.8,24
"		156",堡林,2021-03-23,61.4,22
"		156",堡林,2021-03-24,56.3,31
"		156",堡林,2021-03-25,59.9,20
"		156",堡林,2021-03-26,46.9,11
"		156",堡林,2021-03-27,83.6,36
"		156",堡林,2021-03-28,85.6,56
"		156",堡林,2021-03-29,53,22
"		156",堡林,2021-03-30,33,12
"		156",堡林,2021-03-31,43.6,19
"		156",堡林,2021-04-01,36.6,16
"		156",堡林,2021-04-02,44.3,28
"		156",堡林,2021-04-03,87.8,58
"		156",堡林,2021-04-04,97.9,91
"		156",堡林,2021-04-05,56.3,19
"		156",堡林,2021-04-06,52.4,12
"		156",堡林,2021-04-07,44,11
"		156",堡林,2021-04-08,40.9,12
"		156",堡林,2021-04-09,41,17
"		156",堡林,2021-04-10,54.9,25
"		156",堡林,2021-04-11,38.9,8
"		156",堡林,2021-04-12,78.3,24
"		156",堡林,2021-04-13,76.4,47
"		156",堡林,2021-04-14,41.3,13
"		156",堡林,2021-04-15,36.6,14
"		156",堡林,2021-04-16,67.5,37
"		156",堡林,2021-04-17,55.6,17
"		156",堡林,2021-04-18,49.4,23
"		156",堡林,2021-04-19,53.4,17
"		156",堡林,2021-04-20,48.9,16
"		156",堡林,2021-04-21,37.9,11
"		156",堡林,2021-04-22,36.5,20
"		156",堡林,2021-04-23,28.4,16
"		156",堡林,2021-04-24,33.5,22
"		156",堡林,2021-04-25,51.1,27
"		156",堡林,2021-04-26,50.6,20
"		156",堡林,2021-04-27,53.8,27
"		156",堡林,2021-04-28,53.8,17
"		156",堡林,2021-04-29,47.5,18
"		156",堡林,2021-04-30,59.8,18
"		156",堡林,2021-05-01,78.8,47
"		156",堡林,2021-05-02,69.5,38
"		156",堡林,2021-05-03,61.9,25
"		156",堡林,2021-05-04,87.1,60
"		156",堡林,2021-05-05,57.1,18
"		156",堡林,2021-05-06,43.6,21
"		156",堡林,2021-05-07,49.9,22
"		156",堡林,2021-05-08,58.9,23
"		156",堡林,2021-05-09,43.8,16
"		156",堡林,2021-05-10,39.8,30
"		156",堡林,2021-05-11,55.8,50
"		156",堡林,2021-05-12,48.5,39
"		156",堡林,2021-05-13,62.8,39
"		156",堡林,2021-05-14,66.8,44
"		156",堡林,2021-05-15,96.1,76
"		156",堡林,2021-05-16,99,98
"		156",堡林,2021-05-17,98.1,95
"		156",堡林,2021-05-18,82.1,51
"		156",堡林,2021-05-19,63.3,24
"		156",堡林,2021-05-20,93.4,62
"		156",堡林,2021-05-21,82.1,53
"		156",堡林,2021-05-22,67.3,40
"		156",堡林,2021-05-23,66.4,35
"		156",堡林,2021-05-24,68.9,42
"		156",堡林,2021-05-25,62.1,29
"		156",堡林,2021-05-26,59.8,28
"		156",堡林,2021-05-27,84.9,50
"		156",堡林,2021-05-28,80.6,52
"		156",堡林,2021-05-29,68.8,34
"		156",堡林,2021-05-30,49.1,25
"		156",堡林,2021-05-31,43,28
"		156",堡林,2021-06-01,51.3,27
"		156",堡林,2021-06-02,61,35
"		156",堡林,2021-06-03,92.6,66
"		156",堡林,2021-06-04,67.1,26
"		156",堡林,2021-06-05,81.1,59
"		156",堡林,2021-06-06,61.6,32
"		156",堡林,2021-06-07,56.3,27
"		156",堡林,2021-06-08,57.5,34
"		156",堡林,2021-06-09,61.5,44
"		156",堡林,2021-06-10,70.8,38
"		156",堡林,2021-06-11,84.4,53
"		156",堡林,2021-06-12,83.4,52
"		156",堡林,2021-06-13,83.8,54
"		156",堡林,2021-06-14,82.3,62
"		156",堡林,2021-06-15,93.8,80
"		156",堡林,2021-06-16,76.9,56
"		156",堡林,2021-06-17,82.9,60
"		156",堡林,2021-06-18,97.4,91
"		156",堡林,2021-06-19,80,36
"		156",堡林,2021-06-20,64.8,30
"		156",堡林,2021-06-21,55.4,27
"		156",堡林,2021-06-22,70,48
"		156",堡林,2021-06-23,81.1,57
"		156",堡林,2021-06-24,79.6,52
"		156",堡林,2021-06-25,81.1,51
"		156",堡林,2021-06-26,79.3,47
"		156",堡林,2021-06-27,76.4,53
"		156",堡林,2021-06-28,91.3,61
"		156",堡林,2021-06-29,88.3,58
"		156",堡林,2021-06-30,84.6,60
"		156",堡林,2021-07-01,77.6,47
"		156",堡林,2021-07-02,81.8,57
"		156",堡林,2021-07-03,93.9,77
"		156",堡林,2021-07-04,96.6,88
"		156",堡林,2021-07-05,98.6,96
"		156",堡林,2021-07-06,99,99
"		156",堡林,2021-07-07,99,99
"		156",堡林,2021-07-08,96.9,82
"		156",堡林,2021-07-09,94.4,70
"		156",堡林,2021-07-10,90.9,69
"		156",堡林,2021-07-11,90.5,71
"		156",堡林,2021-07-12,87.5,65
"		156",堡林,2021-07-13,81.5,58
"		156",堡林,2021-07-14,84.8,66
"		156",堡林,2021-07-15,78.4,53
"		156",堡林,2021-07-16,92.5,60
"		156",堡林,2021-07-17,82.1,58
"		156",堡林,2021-07-18,77.8,53
"		156",堡林,2021-07-19,78.4,56
"		156",堡林,2021-07-20,81.5,55
"		156",堡林,2021-07-21,74.6,47
"		156",堡林,2021-07-22,70.5,51
"		156",堡林,2021-07-23,70.9,49
"		156",堡林,2021-07-24,68.3,49
"		156",堡林,2021-07-25,61.5,47
"		156",堡林,2021-07-26,67.3,48
"		156",堡林,2021-07-27,67.9,47
"		156",堡林,2021-07-28,71.9,47
"		156",堡林,2021-07-29,72.9,47
"		156",堡林,2021-07-30,77.5,53
"		156",堡林,2021-07-31,80.1,51
"		156",堡林,2021-08-01,86.3,63
"		156",堡林,2021-08-02,96.1,74
"		156",堡林,2021-08-03,90.5,62
"		156",堡林,2021-08-04,79.5,53
"		156",堡林,2021-08-05,79.3,59
"		156",堡林,2021-08-06,85,46
"		156",堡林,2021-08-07,79.1,50
"		156",堡林,2021-08-08,91,72
"		156",堡林,2021-08-09,81.3,50
"		156",堡林,2021-08-10,80.6,53
"		156",堡林,2021-08-11,83.1,61
"		156",堡林,2021-08-12,84.8,61
"		156",堡林,2021-08-13,90,66
"		156",堡林,2021-08-14,88.9,64
"		156",堡林,2021-08-15,87.5,56
"		156",堡林,2021-08-16,79.5,54
"		156",堡林,2021-08-17,73.9,49
"		156",堡林,2021-08-18,93.4,59
"		156",堡林,2021-08-19,90.6,65
"		156",堡林,2021-08-20,84,62
"		156",堡林,2021-08-21,98,88
"		156",堡林,2021-08-22,89.5,65
"		156",堡林,2021-08-23,98.8,95
"		156",堡林,2021-08-24,98.8,93
"		156",堡林,2021-08-25,97.9,91
"		156",堡林,2021-08-26,82.4,48
"		156",堡林,2021-08-27,98.9,90
"		156",堡林,2021-08-28,84.3,52
"		156",堡林,2021-08-29,97.8,92
"		156",堡林,2021-08-30,91,68
"		156",堡林,2021-08-31,89.5,69
"		156",堡林,2021-09-01,97.4,94
"		156",堡林,2021-09-02,98.4,95
"		156",堡林,2021-09-03,94.1,74
"		156",堡林,2021-09-04,88.6,67
"		156",堡林,2021-09-05,91.1,76
"		156",堡林,2021-09-06,93.3,72
"		156",堡林,2021-09-07,94.4,72
"		156",堡林,2021-09-08,84.4,55
"		156",堡林,2021-09-09,84.5,53
"		156",堡林,2021-09-10,93,80
"		156",堡林,2021-09-11,83.9,55
"		156",堡林,2021-09-12,83.3,51
"		156",堡林,2021-09-13,69.8,52
"		156",堡林,2021-09-14,85.1,72
"		156",堡林,2021-09-15,64.1,49
"		156",堡林,2021-09-16,82.5,60
"		156",堡林,2021-09-17,86.5,67
"		156",堡林,2021-09-18,81.8,60
"		156",堡林,2021-09-19,77.1,51
"		156",堡林,2021-09-20,78.6,55
"		156",堡林,2021-09-21,92.9,73
"		156",堡林,2021-09-22,84.8,51
"		156",堡林,2021-09-23,72.6,39
"		156",堡林,2021-09-24,76.6,47
"		156",堡林,2021-09-25,79.8,56
"		156",堡林,2021-09-26,78,57
"		156",堡林,2021-09-27,73.8,57
"		156",堡林,2021-09-28,83.8,64
"		156",堡林,2021-09-29,97.8,91
"		156",堡林,2021-09-30,67.9,38
"		156",堡林,2021-10-01,88,53
"		156",堡林,2021-10-02,84.1,48
"		156",堡林,2021-10-03,77.8,46
"		156",堡林,2021-10-04,83,53
"		156",堡林,2021-10-05,84.1,56
"		156",堡林,2021-10-06,81.5,43
"		156",堡林,2021-10-07,91.8,66
"		156",堡林,2021-10-08,93.3,78
"		156",堡林,2021-10-09,80.4,52
"		156",堡林,2021-10-10,90.6,61
"		156",堡林,2021-10-11,98.8,96
"		156",堡林,2021-10-12,98.9,98
"		156",堡林,2021-10-13,90.6,72
"		156",堡林,2021-10-14,85.4,59
"		156",堡林,2021-10-15,88,67
"		156",堡林,2021-10-16,70.8,47
"		156",堡林,2021-10-17,43,19
"		156",堡林,2021-10-18,53.1,26
"		156",堡林,2021-10-19,77.8,55
"		156",堡林,2021-10-20,64,36
"		156",堡林,2021-10-21,71.3,44
"		156",堡林,2021-10-22,61.1,30
"		156",堡林,2021-10-23,59.4,22
"		156",堡林,2021-10-24,62.5,21
"		156",堡林,2021-10-25,70.8,35
"		156",堡林,2021-10-26,69.1,36
"		156",堡林,2021-10-27,71.6,34
"		156",堡林,2021-10-28,61.8,28
"		156",堡林,2021-10-29,66.4,41
"		156",堡林,2021-10-30,75.9,55
"		156",堡林,2021-10-31,75.6,43
"		156",堡林,2021-11-01,80,47
"		156",堡林,2021-11-02,79,50
"		156",堡林,2021-11-03,72.4,34
"		156",堡林,2021-11-04,78.5,34
"		156",堡林,2021-11-05,72.9,45
"		156",堡林,2021-11-06,58.5,38
"		156",堡林,2021-11-07,61.4,42
"		156",堡林,2021-11-08,82.1,61
"		156",堡林,2021-11-09,79.1,55
"		156",堡林,2021-11-10,94.4,65
"		156",堡林,2021-11-11,94.9,77
"		156",堡林,2021-11-12,90.4,54
"		156",堡林,2021-11-13,85.9,55
"		156",堡林,2021-11-14,83.5,53
"		156",堡林,2021-11-15,82.9,53
"		156",堡林,2021-11-16,69.8,32
"		156",堡林,2021-11-17,72.3,38
"		156",堡林,2021-11-18,79.1,51
"		156",堡林,2021-11-19,87.1,59
"		156",堡林,2021-11-20,91.8,56
"		156",堡林,2021-11-21,91.4,74
"		156",堡林,2021-11-22,73.6,48
"		156",堡林,2021-11-23,97,80
"		156",堡林,2021-11-24,76.4,46
"		156",堡林,2021-11-25,73.3,34
"		156",堡林,2021-11-26,60.1,25
"		156",堡林,2021-11-27,60,27
"		156",堡林,2021-11-28,60.8,31
"		156",堡林,2021-11-29,69.6,22
"		156",堡林,2021-11-30,86.5,52
"		156",堡林,2021-12-01,81.1,64
"		156",堡林,2021-12-02,67.9,52
"		156",堡林,2021-12-03,76.5,52
"		",,,,
"	",,,,
"	",,,,
