"		瘤痢锅龋",瘤痢疙,老矫,老炼钦,老炼啦,老荤钦
"		156",堡林,2016-01-01,6.5,66.3,9.2
"		156",堡林,2016-01-02,3.2,32.7,7.59
"		156",堡林,2016-01-03,5.3,53.5,8.15
"		156",堡林,2016-01-04,7.8,78.8,9.61
"		156",堡林,2016-01-05,1.6,16.2,5.45
"		156",堡林,2016-01-06,7.7,77.8,9.84
"		156",堡林,2016-01-07,2.8,28.3,7.38
"		156",堡林,2016-01-08,1.7,17.2,5.92
"		156",堡林,2016-01-09,6.4,64.6,9.56
"		156",堡林,2016-01-10,8.2,82,10.95
"		156",堡林,2016-01-11,7.7,77,10.82
"		156",堡林,2016-01-12,7.8,78,11.38
"		156",堡林,2016-01-13,4.8,48,9.51
"		156",堡林,2016-01-14,5.7,57,8.76
"		156",堡林,2016-01-15,6.2,62,9.6
"		156",堡林,2016-01-16,8,79.2,10.65
"		156",堡林,2016-01-17,0,0,2.64
"		156",堡林,2016-01-18,1.6,15.8,5.51
"		156",堡林,2016-01-19,2.9,28.7,2.28
"		156",堡林,2016-01-20,6.4,62.7,6.14
"		156",堡林,2016-01-21,2,19.6,8.05
"		156",堡林,2016-01-22,7.1,69.6,11.9
"		156",堡林,2016-01-23,5.2,51,9.88
"		156",堡林,2016-01-24,0,0,1.35
"		156",堡林,2016-01-25,6.3,61.2,4.18
"		156",堡林,2016-01-26,4.8,46.6,11.01
"		156",堡林,2016-01-27,8.7,84.5,12.4
"		156",堡林,2016-01-28,0,0,2.78
"		156",堡林,2016-01-29,0,0,2.93
"		156",堡林,2016-01-30,6,57.7,12.09
"		156",堡林,2016-01-31,2.7,26,7.32
"		156",堡林,2016-02-01,4.2,40,9.11
"		156",堡林,2016-02-02,9.7,92.4,14.76
"		156",堡林,2016-02-03,9.6,91.4,14.14
"		156",堡林,2016-02-04,6,56.6,10.95
"		156",堡林,2016-02-05,9.3,87.7,14.18
"		156",堡林,2016-02-06,5.5,51.9,10.66
"		156",堡林,2016-02-07,10,93.5,15.52
"		156",堡林,2016-02-08,9.1,85,13.46
"		156",堡林,2016-02-09,10,93.5,15.37
"		156",堡林,2016-02-10,9.6,89.7,14.95
"		156",堡林,2016-02-11,4.2,38.9,11.55
"		156",堡林,2016-02-12,0,0,2.54
"		156",堡林,2016-02-13,1.3,12,6.32
"		156",堡林,2016-02-14,1.5,13.8,7.28
"		156",堡林,2016-02-15,5.8,53.2,12.42
"		156",堡林,2016-02-16,3.3,30.3,8.16
"		156",堡林,2016-02-17,10.2,92.7,17.6
"		156",堡林,2016-02-18,9.6,87.3,15.31
"		156",堡林,2016-02-19,6,54.1,12.08
"		156",堡林,2016-02-20,8.8,79.3,14.2
"		156",堡林,2016-02-21,8.3,74.8,16.44
"		156",堡林,2016-02-22,0.2,1.8,5.99
"		156",堡林,2016-02-23,7.3,65.2,13.94
"		156",堡林,2016-02-24,7,62.5,14.42
"		156",堡林,2016-02-25,10,88.5,17.59
"		156",堡林,2016-02-26,0.7,6.2,8.18
"		156",堡林,2016-02-27,7.6,67.3,14.86
"		156",堡林,2016-02-28,0.8,7,6.29
"		156",堡林,2016-02-29,3.3,28.9,9.95
"		156",堡林,2016-03-01,9.2,80.7,18.4
"		156",堡林,2016-03-02,10.8,93.9,19.37
"		156",堡林,2016-03-03,6.6,57.4,16.45
"		156",堡林,2016-03-04,0.2,1.7,2.61
"		156",堡林,2016-03-05,1.2,10.3,7.82
"		156",堡林,2016-03-06,6.5,56,14.86
"		156",堡林,2016-03-07,4.4,37.6,10.52
"		156",堡林,2016-03-08,0,0,3.86
"		156",堡林,2016-03-09,7.2,61.5,18.44
"		156",堡林,2016-03-10,9.9,83.9,19.62
"		156",堡林,2016-03-11,10.7,90.7,20.33
"		156",堡林,2016-03-12,9.8,82.4,19.53
"		156",堡林,2016-03-13,0,0,5.92
"		156",堡林,2016-03-14,8.4,70.6,18.34
"		156",堡林,2016-03-15,9.8,81.7,20.91
"		156",堡林,2016-03-16,7.7,64.2,18.43
"		156",堡林,2016-03-17,8.3,69.2,18.04
"		156",堡林,2016-03-18,0,0,4.53
"		156",堡林,2016-03-19,10,82.6,21.03
"		156",堡林,2016-03-20,10.8,89.3,21.26
"		156",堡林,2016-03-21,10.9,89.3,21.4
"		156",堡林,2016-03-22,10.5,86.1,21.96
"		156",堡林,2016-03-23,8.4,68.3,19.98
"		156",堡林,2016-03-24,10.6,86.2,21.73
"		156",堡林,2016-03-25,10.8,87.8,21.64
"		156",堡林,2016-03-26,8.7,70.2,16.7
"		156",堡林,2016-03-27,10.9,87.9,21.83
"		156",堡林,2016-03-28,11.5,92.7,22.94
"		156",堡林,2016-03-29,1.6,12.8,12.94
"		156",堡林,2016-03-30,10,80,22.37
"		156",堡林,2016-03-31,4,32,17.19
"		156",堡林,2016-04-01,11.2,88.9,22.86
"		156",堡林,2016-04-02,8.8,69.8,18.96
"		156",堡林,2016-04-03,0,0,5.35
"		156",堡林,2016-04-04,1,7.9,10.4
"		156",堡林,2016-04-05,8.9,70.1,23.46
"		156",堡林,2016-04-06,2.7,21.1,10.5
"		156",堡林,2016-04-07,1.6,12.5,12.56
"		156",堡林,2016-04-08,9.9,77.3,24.05
"		156",堡林,2016-04-09,10.2,79.1,22.31
"		156",堡林,2016-04-10,10.4,80.6,22.24
"		156",堡林,2016-04-11,9,69.8,22.04
"		156",堡林,2016-04-12,8.9,68.5,21.59
"		156",堡林,2016-04-13,1.2,9.2,7.08
"		156",堡林,2016-04-14,10.1,77.7,23.52
"		156",堡林,2016-04-15,12.2,93.1,26.28
"		156",堡林,2016-04-16,0.1,0.8,5.2
"		156",堡林,2016-04-17,6.4,48.5,17.01
"		156",堡林,2016-04-18,7.2,54.5,18.15
"		156",堡林,2016-04-19,12.2,92.4,27.16
"		156",堡林,2016-04-20,4.6,34.6,17.72
"		156",堡林,2016-04-21,0,0,3.73
"		156",堡林,2016-04-22,8.6,64.7,23.75
"		156",堡林,2016-04-23,0,0,10.39
"		156",堡林,2016-04-24,10.1,75.4,26.27
"		156",堡林,2016-04-25,11.4,85.1,26.14
"		156",堡林,2016-04-26,7.6,56.3,19.98
"		156",堡林,2016-04-27,0,0,3.76
"		156",堡林,2016-04-28,3,22.2,14.82
"		156",堡林,2016-04-29,11.9,87.5,27.24
"		156",堡林,2016-04-30,11.7,86,27.12
"		156",堡林,2016-05-01,12,88.2,27.62
"		156",堡林,2016-05-02,5.6,40.9,15.18
"		156",堡林,2016-05-03,0.8,5.8,6.28
"		156",堡林,2016-05-04,12.6,92,28.36
"		156",堡林,2016-05-05,8.6,62.8,22.91
"		156",堡林,2016-05-06,3.6,26.1,17.85
"		156",堡林,2016-05-07,9.6,69.6,23.15
"		156",堡林,2016-05-08,7,50.7,20.56
"		156",堡林,2016-05-09,0,0,6.53
"		156",堡林,2016-05-10,0,0,4.23
"		156",堡林,2016-05-11,9.4,67.6,24.03
"		156",堡林,2016-05-12,12.9,92.8,29.76
"		156",堡林,2016-05-13,6,42.9,20.37
"		156",堡林,2016-05-14,11.8,84.3,28.13
"		156",堡林,2016-05-15,5.1,36.4,15.88
"		156",堡林,2016-05-16,10.8,77.1,28.03
"		156",堡林,2016-05-17,13.1,92.9,30.16
"		156",堡林,2016-05-18,12.8,90.8,28.93
"		156",堡林,2016-05-19,7.7,54.6,20.69
"		156",堡林,2016-05-20,12.5,88.7,29.15
"		156",堡林,2016-05-21,11.6,81.7,29.25
"		156",堡林,2016-05-22,11.9,83.8,28.79
"		156",堡林,2016-05-23,12.2,85.9,27.78
"		156",堡林,2016-05-24,1.8,12.7,8.08
"		156",堡林,2016-05-25,11.9,83.2,27.28
"		156",堡林,2016-05-26,6.7,46.9,22.92
"		156",堡林,2016-05-27,6,42,19.91
"		156",堡林,2016-05-28,6.2,43.4,17.93
"		156",堡林,2016-05-29,5.8,40.6,19.2
"		156",堡林,2016-05-30,12.3,86,29.61
"		156",堡林,2016-05-31,8.5,59,23.05
"		156",堡林,2016-06-01,5.7,39.6,21.13
"		156",堡林,2016-06-02,7.4,51.4,22.08
"		156",堡林,2016-06-03,7,48.6,20.48
"		156",堡林,2016-06-04,0.1,0.7,5.11
"		156",堡林,2016-06-05,7,48.6,19.03
"		156",堡林,2016-06-06,0,0,7.56
"		156",堡林,2016-06-07,1.4,9.7,12.38
"		156",堡林,2016-06-08,1.9,13.1,15.25
"		156",堡林,2016-06-09,5.5,37.9,19.82
"		156",堡林,2016-06-10,6.5,44.8,23.26
"		156",堡林,2016-06-11,4.7,32.4,17.5
"		156",堡林,2016-06-12,0.1,0.7,8.27
"		156",堡林,2016-06-13,8.9,61.4,25.37
"		156",堡林,2016-06-14,7.5,51.7,23.32
"		156",堡林,2016-06-15,0.4,2.8,9.67
"		156",堡林,2016-06-16,2.3,15.9,16.79
"		156",堡林,2016-06-17,11.3,77.9,27.79
"		156",堡林,2016-06-18,9.2,63.4,26.33
"		156",堡林,2016-06-19,8.6,59.3,23.92
"		156",堡林,2016-06-20,0,0,6.34
"		156",堡林,2016-06-21,7.1,49,20.94
"		156",堡林,2016-06-22,0,0,6.75
"		156",堡林,2016-06-23,5,34.5,18.75
"		156",堡林,2016-06-24,0.9,6.2,5.97
"		156",堡林,2016-06-25,9.6,66.2,24.95
"		156",堡林,2016-06-26,12,82.8,28.54
"		156",堡林,2016-06-27,2.5,17.2,10.6
"		156",堡林,2016-06-28,3.6,24.8,14.85
"		156",堡林,2016-06-29,0.5,3.4,10.73
"		156",堡林,2016-06-30,1.7,11.7,11.74
"		156",堡林,2016-07-01,0.3,2.1,6.44
"		156",堡林,2016-07-02,0,0,5.74
"		156",堡林,2016-07-03,0,0,4.09
"		156",堡林,2016-07-04,0,0,6.69
"		156",堡林,2016-07-05,5.4,37.5,16.71
"		156",堡林,2016-07-06,2,13.9,13.05
"		156",堡林,2016-07-07,3.3,22.9,16.29
"		156",堡林,2016-07-08,9.8,68.1,23.65
"		156",堡林,2016-07-09,8.1,56.3,26.28
"		156",堡林,2016-07-10,4.1,28.5,17.29
"		156",堡林,2016-07-11,0.3,2.1,9.41
"		156",堡林,2016-07-12,1.1,7.6,8.83
"		156",堡林,2016-07-13,5,35,18.55
"		156",堡林,2016-07-14,9.7,67.8,25.72
"		156",堡林,2016-07-15,4.7,32.9,18.91
"		156",堡林,2016-07-16,0.1,0.7,4.77
"		156",堡林,2016-07-17,6.6,46.2,18.88
"		156",堡林,2016-07-18,10.5,73.4,24.19
"		156",堡林,2016-07-19,11.4,80.3,25.05
"		156",堡林,2016-07-20,11.6,81.7,27.46
"		156",堡林,2016-07-21,11.5,81,27.45
"		156",堡林,2016-07-22,9.5,66.9,25.25
"		156",堡林,2016-07-23,12.3,87.2,26.82
"		156",堡林,2016-07-24,9,63.8,22.88
"		156",堡林,2016-07-25,7.9,56,19.79
"		156",堡林,2016-07-26,11.1,78.7,25.59
"		156",堡林,2016-07-27,4.8,34.3,18.26
"		156",堡林,2016-07-28,8,57.1,21.92
"		156",堡林,2016-07-29,10.1,72.1,23.51
"		156",堡林,2016-07-30,4.7,33.6,16.15
"		156",堡林,2016-07-31,10.8,77.7,24.55
"		156",堡林,2016-08-01,11.8,84.9,26.46
"		156",堡林,2016-08-02,1.5,10.8,11.22
"		156",堡林,2016-08-03,1.6,11.5,12.75
"		156",堡林,2016-08-04,6.4,46.4,17.59
"		156",堡林,2016-08-05,8,58,19.54
"		156",堡林,2016-08-06,6.6,47.8,17.49
"		156",堡林,2016-08-07,5.7,41.6,13.69
"		156",堡林,2016-08-08,7.6,55.5,21.46
"		156",堡林,2016-08-09,4.8,35,13.3
"		156",堡林,2016-08-10,9,65.7,21.18
"		156",堡林,2016-08-11,12.5,91.9,26.72
"		156",堡林,2016-08-12,11.9,87.5,25.1
"		156",堡林,2016-08-13,12.5,92.6,26.03
"		156",堡林,2016-08-14,9.5,70.4,21.02
"		156",堡林,2016-08-15,6.2,45.9,15.56
"		156",堡林,2016-08-16,10.4,77,24.14
"		156",堡林,2016-08-17,8.3,61.9,19.99
"		156",堡林,2016-08-18,6.9,51.5,19.11
"		156",堡林,2016-08-19,7,52.2,20.06
"		156",堡林,2016-08-20,6.9,51.9,20.28
"		156",堡林,2016-08-21,10.3,77.4,22.67
"		156",堡林,2016-08-22,10.9,82,22.68
"		156",堡林,2016-08-23,4.3,32.6,14.26
"		156",堡林,2016-08-24,11.6,87.9,24.91
"		156",堡林,2016-08-25,11.1,84.1,23.46
"		156",堡林,2016-08-26,0,0,5.13
"		156",堡林,2016-08-27,1,7.6,11.88
"		156",堡林,2016-08-28,3.8,29,12.91
"		156",堡林,2016-08-29,11.6,89.2,24.55
"		156",堡林,2016-08-30,6.6,50.8,15.35
"		156",堡林,2016-08-31,10,76.9,21.57
"		156",堡林,2016-09-01,10.6,82.2,21.16
"		156",堡林,2016-09-02,0.1,0.8,6.33
"		156",堡林,2016-09-03,8.4,65.1,21.88
"		156",堡林,2016-09-04,5.6,43.8,17.16
"		156",堡林,2016-09-05,5.1,39.8,15.97
"		156",堡林,2016-09-06,0.1,0.8,8.51
"		156",堡林,2016-09-07,0.1,0.8,6.84
"		156",堡林,2016-09-08,10,78.7,20.62
"		156",堡林,2016-09-09,8.4,66.7,18.87
"		156",堡林,2016-09-10,5.1,40.5,16.92
"		156",堡林,2016-09-11,2.2,17.5,12.72
"		156",堡林,2016-09-12,5,40,14.91
"		156",堡林,2016-09-13,10.9,87.2,21.7
"		156",堡林,2016-09-14,2.2,17.6,11.92
"		156",堡林,2016-09-15,6.1,49.2,17.46
"		156",堡林,2016-09-16,0,0,4.41
"		156",堡林,2016-09-17,0,0,5.22
"		156",堡林,2016-09-18,0,0,4.61
"		156",堡林,2016-09-19,4.4,35.8,15.7
"		156",堡林,2016-09-20,11,90.2,22.03
"		156",堡林,2016-09-21,5.9,48.4,16.26
"		156",堡林,2016-09-22,8.1,66.4,19.9
"		156",堡林,2016-09-23,6.9,57,16.06
"		156",堡林,2016-09-24,6.6,54.5,15.65
"		156",堡林,2016-09-25,2.9,24.2,12.68
"		156",堡林,2016-09-26,1.8,15,11.14
"		156",堡林,2016-09-27,7.6,63.3,16.65
"		156",堡林,2016-09-28,0,0,4.65
"		156",堡林,2016-09-29,0,0,5.94
"		156",堡林,2016-09-30,0,0,4.8
"		156",堡林,2016-10-01,0,0,6.16
"		156",堡林,2016-10-02,3,25.4,12.63
"		156",堡林,2016-10-03,0.7,5.9,7.32
"		156",堡林,2016-10-04,6.6,56.4,17
"		156",堡林,2016-10-05,4.1,35,11.87
"		156",堡林,2016-10-06,10.8,93.1,19.86
"		156",堡林,2016-10-07,1.4,12.1,6.76
"		156",堡林,2016-10-08,1,8.6,5.93
"		156",堡林,2016-10-09,10.5,91.3,20.21
"		156",堡林,2016-10-10,3.8,33,12.81
"		156",堡林,2016-10-11,1.2,10.4,8.77
"		156",堡林,2016-10-12,7,61.4,16.14
"		156",堡林,2016-10-13,0.1,0.9,8.02
"		156",堡林,2016-10-14,10.2,89.5,17.14
"		156",堡林,2016-10-15,7,61.9,13.68
"		156",堡林,2016-10-16,0,0,3
"		156",堡林,2016-10-17,2.4,21.2,9.16
"		156",堡林,2016-10-18,5.1,45.5,12.78
"		156",堡林,2016-10-19,6.7,59.8,13.02
"		156",堡林,2016-10-20,1.7,15.3,9.13
"		156",堡林,2016-10-21,0,0,5.64
"		156",堡林,2016-10-22,2.4,21.6,10.43
"		156",堡林,2016-10-23,0.2,1.8,5.68
"		156",堡林,2016-10-24,0.1,0.9,9.06
"		156",堡林,2016-10-25,3,27.3,5.58
"		156",堡林,2016-10-26,4.3,39.4,9.74
"		156",堡林,2016-10-27,0.1,0.9,5.92
"		156",堡林,2016-10-28,0,0,3.58
"		156",堡林,2016-10-29,3.9,36.1,11.68
"		156",堡林,2016-10-30,8.1,75,15.47
"		156",堡林,2016-10-31,0.2,1.9,4.37
"		156",堡林,2016-11-01,9.9,92.5,15.74
"		156",堡林,2016-11-02,9.7,90.7,14.97
"		156",堡林,2016-11-03,8.1,75.7,12.48
"		156",堡林,2016-11-04,8.9,84,13.19
"		156",堡林,2016-11-05,7.3,68.9,10.96
"		156",堡林,2016-11-06,9.2,86.8,13.65
"		156",堡林,2016-11-07,5.5,51.9,11.11
"		156",堡林,2016-11-08,6.7,63.8,12.02
"		156",堡林,2016-11-09,9.2,87.6,14.46
"		156",堡林,2016-11-10,0,0,4.49
"		156",堡林,2016-11-11,8.5,81.7,12.09
"		156",堡林,2016-11-12,6.8,65.4,11.34
"		156",堡林,2016-11-13,0.2,1.9,6.08
"		156",堡林,2016-11-14,0,0,3.79
"		156",堡林,2016-11-15,8.9,86.4,13.29
"		156",堡林,2016-11-16,9,87.4,13.78
"		156",堡林,2016-11-17,7.5,72.8,11.39
"		156",堡林,2016-11-18,0.4,3.9,4.45
"		156",堡林,2016-11-19,0,0,2.54
"		156",堡林,2016-11-20,8.4,82.4,10.85
"		156",堡林,2016-11-21,0.1,1,4.25
"		156",堡林,2016-11-22,2.4,23.5,7.6
"		156",堡林,2016-11-23,7.1,70.3,11.15
"		156",堡林,2016-11-24,8.8,87.1,12.4
"		156",堡林,2016-11-25,8.2,81.2,11.21
"		156",堡林,2016-11-26,0,0,2.86
"		156",堡林,2016-11-27,5.3,53,8.16
"		156",堡林,2016-11-28,8.7,87,11.55
"		156",堡林,2016-11-29,9,90,12.23
"		156",堡林,2016-11-30,0,0,2.92
"		156",堡林,2016-12-01,6.9,69,9.29
"		156",堡林,2016-12-02,9.3,93,12.17
"		156",堡林,2016-12-03,7.2,72.7,9.8
"		156",堡林,2016-12-04,1.1,11.1,4.38
"		156",堡林,2016-12-05,3.2,32.3,7.06
"		156",堡林,2016-12-06,9.3,93.9,12
"		156",堡林,2016-12-07,1.1,11.1,4.26
"		156",堡林,2016-12-08,7.2,72.7,10.37
"		156",堡林,2016-12-09,5.8,58.6,7.19
"		156",堡林,2016-12-10,9.2,92.9,11.42
"		156",堡林,2016-12-11,8.6,87.8,11.74
"		156",堡林,2016-12-12,2.4,24.5,6.05
"		156",堡林,2016-12-13,0,0,4.53
"		156",堡林,2016-12-14,0.1,1,4.52
"		156",堡林,2016-12-15,2.7,27.6,7.03
"		156",堡林,2016-12-16,8.4,85.7,11.3
"		156",堡林,2016-12-17,7.4,75.5,10.31
"		156",堡林,2016-12-18,3.8,38.8,8.11
"		156",堡林,2016-12-19,0.1,1,3.51
"		156",堡林,2016-12-20,7.6,77.6,10.27
"		156",堡林,2016-12-21,1.3,13.3,4.4
"		156",堡林,2016-12-22,0,0,1.2
"		156",堡林,2016-12-23,0.2,2,3.32
"		156",堡林,2016-12-24,6.4,65.3,9.38
"		156",堡林,2016-12-25,7.9,80.6,9.79
"		156",堡林,2016-12-26,0,0,2.05
"		156",堡林,2016-12-27,5.5,56.1,7.71
"		156",堡林,2016-12-28,9.2,93.9,11.81
"		156",堡林,2016-12-29,5.9,60.2,8.6
"		156",堡林,2016-12-30,9.1,92.9,11.53
"		156",堡林,2016-12-31,3.3,33.7,6.62
"		156",堡林,2017-01-01,7.4,75.5,10.25
"		156",堡林,2017-01-02,4.8,48.5,7.89
"		156",堡林,2017-01-03,8.7,87.9,10.7
"		156",堡林,2017-01-04,7.5,75.8,9.35
"		156",堡林,2017-01-05,0,0,5.15
"		156",堡林,2017-01-06,7.9,79.8,10.18
"		156",堡林,2017-01-07,0.4,4,5.65
"		156",堡林,2017-01-08,4.2,42.4,9.21
"		156",堡林,2017-01-09,5.6,56,8.29
"		156",堡林,2017-01-10,4.8,48,9.83
"		156",堡林,2017-01-11,8.5,85,11.9
"		156",堡林,2017-01-12,1.9,19,6.05
"		156",堡林,2017-01-13,3.3,33,6.69
"		156",堡林,2017-01-14,7.4,74,10.33
"		156",堡林,2017-01-15,9.4,93.1,12.74
"		156",堡林,2017-01-16,9.1,90.1,12.41
"		156",堡林,2017-01-17,3.9,38.6,8.4
"		156",堡林,2017-01-18,4.8,47.5,9.13
"		156",堡林,2017-01-19,8.3,82.2,10.84
"		156",堡林,2017-01-20,1.3,12.7,2.58
"		156",堡林,2017-01-21,2.6,25.5,7.65
"		156",堡林,2017-01-22,3.8,37.3,5.35
"		156",堡林,2017-01-23,7.3,71.6,10.78
"		156",堡林,2017-01-24,8.4,81.6,12.77
"		156",堡林,2017-01-25,9.3,90.3,13.63
"		156",堡林,2017-01-26,8.7,84.5,13.19
"		156",堡林,2017-01-27,7.6,73.1,13.36
"		156",堡林,2017-01-28,8.7,83.7,13.67
"		156",堡林,2017-01-29,0,0,2.21
"		156",堡林,2017-01-30,3.1,29.8,7.56
"		156",堡林,2017-01-31,9,85.7,14.23
"		156",堡林,2017-02-01,7.3,69.5,12.51
"		156",堡林,2017-02-02,9.8,93.3,15.5
"		156",堡林,2017-02-03,6.5,61.3,12.4
"		156",堡林,2017-02-04,0.2,1.9,7.47
"		156",堡林,2017-02-05,0,0,2.27
"		156",堡林,2017-02-06,9.2,86.8,14.84
"		156",堡林,2017-02-07,5,46.7,11.26
"		156",堡林,2017-02-08,0.2,1.9,7.28
"		156",堡林,2017-02-09,4.9,45.8,10.61
"		156",堡林,2017-02-10,2.4,22.2,7.07
"		156",堡林,2017-02-11,4.9,45.4,9.76
"		156",堡林,2017-02-12,9.2,85.2,14.47
"		156",堡林,2017-02-13,9,82.6,14.58
"		156",堡林,2017-02-14,9.8,89.9,16.37
"		156",堡林,2017-02-15,9.8,89.9,16.21
"		156",堡林,2017-02-16,5.6,50.9,11.31
"		156",堡林,2017-02-17,7.5,68.2,14.56
"		156",堡林,2017-02-18,10.1,91.8,17.25
"		156",堡林,2017-02-19,5.6,50.5,12.41
"		156",堡林,2017-02-20,6.3,56.8,13.66
"		156",堡林,2017-02-21,10.3,92.8,17.46
"		156",堡林,2017-02-22,0,0,1.72
"		156",堡林,2017-02-23,8.3,74.1,16.98
"		156",堡林,2017-02-24,10.2,91.1,18.61
"		156",堡林,2017-02-25,10.2,90.3,17.91
"		156",堡林,2017-02-26,9,79.6,16.12
"		156",堡林,2017-02-27,10.5,92.1,17.95
"		156",堡林,2017-02-28,10.4,91.2,18.42
"		156",堡林,2017-03-01,5.9,51.8,14.1
"		156",堡林,2017-03-02,8.1,70.4,17.48
"		156",堡林,2017-03-03,9.8,85.2,18.4
"		156",堡林,2017-03-04,10.1,87.8,19.19
"		156",堡林,2017-03-05,5.6,48.3,14.6
"		156",堡林,2017-03-06,10.8,93.1,20.95
"		156",堡林,2017-03-07,4.4,37.9,11.78
"		156",堡林,2017-03-08,6.2,53,13.59
"		156",堡林,2017-03-09,10.7,91.5,20.17
"		156",堡林,2017-03-10,10.8,91.5,20.87
"		156",堡林,2017-03-11,10.3,87.3,19.76
"		156",堡林,2017-03-12,9.4,79.7,19.74
"		156",堡林,2017-03-13,7.7,64.7,17.61
"		156",堡林,2017-03-14,10.9,91.6,21.95
"		156",堡林,2017-03-15,10.7,89.9,21.27
"		156",堡林,2017-03-16,7.9,65.8,18.14
"		156",堡林,2017-03-17,10.8,90,21.57
"		156",堡林,2017-03-18,6.2,51.2,14.28
"		156",堡林,2017-03-19,9.7,80.2,20.61
"		156",堡林,2017-03-20,0,0,4.94
"		156",堡林,2017-03-21,10,82,22.13
"		156",堡林,2017-03-22,5,41,17.03
"		156",堡林,2017-03-23,7.1,58.2,17.14
"		156",堡林,2017-03-24,1.1,8.9,12.52
"		156",堡林,2017-03-25,0.3,2.4,6.12
"		156",堡林,2017-03-26,5.2,41.9,16.51
"		156",堡林,2017-03-27,7.4,59.7,17.08
"		156",堡林,2017-03-28,5.7,46,18.2
"		156",堡林,2017-03-29,0,0,4.72
"		156",堡林,2017-03-30,10.4,83.2,23.21
"		156",堡林,2017-03-31,2.8,22.4,13.49
"		156",堡林,2017-04-01,8.4,66.7,20.35
"		156",堡林,2017-04-02,10.4,82.5,23.44
"		156",堡林,2017-04-03,11.4,90.5,24.49
"		156",堡林,2017-04-04,10.2,80.3,21.73
"		156",堡林,2017-04-05,0,0,3.86
"		156",堡林,2017-04-06,0,0,3.43
"		156",堡林,2017-04-07,8.6,67.2,21.47
"		156",堡林,2017-04-08,10.3,80.5,24.09
"		156",堡林,2017-04-09,7.2,55.8,20.81
"		156",堡林,2017-04-10,5.8,45,20.37
"		156",堡林,2017-04-11,8.5,65.9,21.71
"		156",堡林,2017-04-12,10.6,81.5,23.76
"		156",堡林,2017-04-13,11.2,86.2,23.03
"		156",堡林,2017-04-14,8.1,62.3,17.9
"		156",堡林,2017-04-15,10.9,83.2,23.2
"		156",堡林,2017-04-16,9.2,70.2,24.94
"		156",堡林,2017-04-17,0.7,5.3,2.97
"		156",堡林,2017-04-18,5.1,38.6,16.74
"		156",堡林,2017-04-19,11.9,90.2,26.5
"		156",堡林,2017-04-20,0.7,5.3,7.07
"		156",堡林,2017-04-21,8.7,65.4,22.5
"		156",堡林,2017-04-22,10.6,79.7,23.21
"		156",堡林,2017-04-23,12.1,91,26.33
"		156",堡林,2017-04-24,11.9,88.8,28.18
"		156",堡林,2017-04-25,5.1,38.1,17.19
"		156",堡林,2017-04-26,6.5,48.1,19.64
"		156",堡林,2017-04-27,10.7,79.3,26.93
"		156",堡林,2017-04-28,12.2,90.4,27.48
"		156",堡林,2017-04-29,12.2,90.4,26.94
"		156",堡林,2017-04-30,11.5,84.6,24.55
"		156",堡林,2017-05-01,10.8,79.4,25.23
"		156",堡林,2017-05-02,8.7,64,23.45
"		156",堡林,2017-05-03,11.7,85.4,25.16
"		156",堡林,2017-05-04,7.7,56.2,21.23
"		156",堡林,2017-05-05,0.1,0.7,8.5
"		156",堡林,2017-05-06,10,72.5,26.17
"		156",堡林,2017-05-07,12.1,87.7,26.97
"		156",堡林,2017-05-08,2.4,17.4,13.8
"		156",堡林,2017-05-09,0,0,4.75
"		156",堡林,2017-05-10,3.7,26.6,12.1
"		156",堡林,2017-05-11,7.5,54,24.14
"		156",堡林,2017-05-12,0,0,6.19
"		156",堡林,2017-05-13,9.4,67.1,24.03
"		156",堡林,2017-05-14,13,92.9,29.78
"		156",堡林,2017-05-15,12.8,91.4,28.15
"		156",堡林,2017-05-16,11.5,82.1,26.37
"		156",堡林,2017-05-17,12.3,87.2,27.18
"		156",堡林,2017-05-18,12.9,91.5,27.77
"		156",堡林,2017-05-19,12.5,88.7,28.89
"		156",堡林,2017-05-20,9.5,67.4,24.04
"		156",堡林,2017-05-21,8.6,60.6,23.6
"		156",堡林,2017-05-22,11.5,81,27.25
"		156",堡林,2017-05-23,4.1,28.9,17.48
"		156",堡林,2017-05-24,7.1,50,21.07
"		156",堡林,2017-05-25,13.4,93.7,30.14
"		156",堡林,2017-05-26,13.5,94.4,32.08
"		156",堡林,2017-05-27,13.4,93.7,30.39
"		156",堡林,2017-05-28,12.4,86.7,27.68
"		156",堡林,2017-05-29,12.5,87.4,28
"		156",堡林,2017-05-30,6.9,48.3,20.52
"		156",堡林,2017-05-31,2.5,17.4,12.34
"		156",堡林,2017-06-01,9.2,63.9,24.53
"		156",堡林,2017-06-02,13.4,93.1,30.57
"		156",堡林,2017-06-03,11.8,81.9,29.78
"		156",堡林,2017-06-04,13.5,93.8,31.47
"		156",堡林,2017-06-05,8.9,61.8,26.17
"		156",堡林,2017-06-06,0,0,6.4
"		156",堡林,2017-06-07,0,0,3.59
"		156",堡林,2017-06-08,8.9,61.4,26.35
"		156",堡林,2017-06-09,11.3,77.9,28.18
"		156",堡林,2017-06-10,1.3,9,14.44
"		156",堡林,2017-06-11,7.8,53.8,22.84
"		156",堡林,2017-06-12,8.3,57.2,24.23
"		156",堡林,2017-06-13,5.8,40,19.75
"		156",堡林,2017-06-14,13.3,91.7,30.31
"		156",堡林,2017-06-15,13.3,91.7,29.18
"		156",堡林,2017-06-16,12,82.8,28.34
"		156",堡林,2017-06-17,12.7,87.6,27.38
"		156",堡林,2017-06-18,13.2,91,29.86
"		156",堡林,2017-06-19,8.1,55.9,17.41
"		156",堡林,2017-06-20,0,0,8.12
"		156",堡林,2017-06-21,5.7,39.3,21.54
"		156",堡林,2017-06-22,11.7,80.7,27.53
"		156",堡林,2017-06-23,7,48.3,20.58
"		156",堡林,2017-06-24,3.6,24.8,16.39
"		156",堡林,2017-06-25,5.6,38.6,19.7
"		156",堡林,2017-06-26,1.1,7.6,10.94
"		156",堡林,2017-06-27,2,13.8,14.48
"		156",堡林,2017-06-28,8,55.2,24.34
"		156",堡林,2017-06-29,1.5,10.3,13.67
"		156",堡林,2017-06-30,2.7,18.6,12.74
"		156",堡林,2017-07-01,1,6.9,11.47
"		156",堡林,2017-07-02,1.4,9.7,11.11
"		156",堡林,2017-07-03,4.6,31.7,17.37
"		156",堡林,2017-07-04,2.3,15.9,14.96
"		156",堡林,2017-07-05,5.5,37.9,17.79
"		156",堡林,2017-07-06,0.4,2.8,12.29
"		156",堡林,2017-07-07,1,6.9,11.12
"		156",堡林,2017-07-08,0.5,3.5,9.81
"		156",堡林,2017-07-09,2.1,14.6,15.11
"		156",堡林,2017-07-10,0.1,0.7,6.7
"		156",堡林,2017-07-11,3.5,24.3,14.88
"		156",堡林,2017-07-12,10.5,72.9,27.72
"		156",堡林,2017-07-13,10,69.9,26.96
"		156",堡林,2017-07-14,3,21,15.59
"		156",堡林,2017-07-15,0.1,0.7,6.74
"		156",堡林,2017-07-16,4.9,34.3,19.12
"		156",堡林,2017-07-17,0.8,5.6,10.99
"		156",堡林,2017-07-18,0.7,4.9,10.85
"		156",堡林,2017-07-19,6.8,47.9,21.72
"		156",堡林,2017-07-20,7.7,54.2,21.8
"		156",堡林,2017-07-21,9.8,69,22.82
"		156",堡林,2017-07-22,7,49.3,21.63
"		156",堡林,2017-07-23,0.9,6.4,14.09
"		156",堡林,2017-07-24,2,14.2,15.43
"		156",堡林,2017-07-25,5.6,39.7,17.29
"		156",堡林,2017-07-26,6.4,45.4,20.1
"		156",堡林,2017-07-27,12.7,90.7,27.51
"		156",堡林,2017-07-28,6,42.9,17.91
"		156",堡林,2017-07-29,2.5,17.9,15.15
"		156",堡林,2017-07-30,0.7,5,10
"		156",堡林,2017-07-31,0,0,8.1
"		156",堡林,2017-08-01,3.6,25.9,16.11
"		156",堡林,2017-08-02,5.2,37.4,17.62
"		156",堡林,2017-08-03,12.6,90.6,27.56
"		156",堡林,2017-08-04,8.2,59.4,19.69
"		156",堡林,2017-08-05,10.7,77.5,23.17
"		156",堡林,2017-08-06,10.3,74.6,23.73
"		156",堡林,2017-08-07,10.3,75.2,24.59
"		156",堡林,2017-08-08,0.8,5.8,13.53
"		156",堡林,2017-08-09,1.2,8.8,11.76
"		156",堡林,2017-08-10,9.6,70.1,23.87
"		156",堡林,2017-08-11,10.6,77.9,22.93
"		156",堡林,2017-08-12,3.4,25,12.4
"		156",堡林,2017-08-13,0,0,6.31
"		156",堡林,2017-08-14,0,0,7.08
"		156",堡林,2017-08-15,0,0,6.04
"		156",堡林,2017-08-16,4.5,33.3,16.04
"		156",堡林,2017-08-17,6,44.8,17.19
"		156",堡林,2017-08-18,7.3,54.5,17.33
"		156",堡林,2017-08-19,2.1,15.7,12.72
"		156",堡林,2017-08-20,4.5,33.8,16.57
"		156",堡林,2017-08-21,1.1,8.3,9.32
"		156",堡林,2017-08-22,4.7,35.3,16.53
"		156",堡林,2017-08-23,10.3,78,23.35
"		156",堡林,2017-08-24,5.4,40.9,15.93
"		156",堡林,2017-08-25,6.1,46.2,18.29
"		156",堡林,2017-08-26,11.1,84.7,25.18
"		156",堡林,2017-08-27,11.7,89.3,25.57
"		156",堡林,2017-08-28,2.9,22.1,11.81
"		156",堡林,2017-08-29,11.7,90,25.33
"		156",堡林,2017-08-30,2.7,20.8,15.7
"		156",堡林,2017-08-31,11.1,85.4,24.57
"		156",堡林,2017-09-01,11,85.3,22.74
"		156",堡林,2017-09-02,4.8,37.2,16.09
"		156",堡林,2017-09-03,9.2,71.3,21.3
"		156",堡林,2017-09-04,4.5,35.2,15.4
"		156",堡林,2017-09-05,0,0,3.66
"		156",堡林,2017-09-06,0.4,3.1,5.96
"		156",堡林,2017-09-07,6.2,48.8,16.18
"		156",堡林,2017-09-08,9.9,78,22.65
"		156",堡林,2017-09-09,5.6,44.4,15.89
"		156",堡林,2017-09-10,0.6,4.8,2.25
"		156",堡林,2017-09-11,0,0,
"		156",堡林,2017-09-12,,0,
"		156",堡林,2017-09-13,10.9,87.2,23.02
"		156",堡林,2017-09-14,11.5,92,23.41
"		156",堡林,2017-09-15,4.2,33.9,15.74
"		156",堡林,2017-09-16,5.2,41.9,15.95
"		156",堡林,2017-09-17,8.6,69.9,19.96
"		156",堡林,2017-09-18,9.1,74,20.98
"		156",堡林,2017-09-19,3.7,30.1,13.28
"		156",堡林,2017-09-20,4.3,35.2,13.44
"		156",堡林,2017-09-21,8.3,68,17.65
"		156",堡林,2017-09-22,8.8,72.1,19.82
"		156",堡林,2017-09-23,4.6,38,14.5
"		156",堡林,2017-09-24,7.6,62.8,17.51
"		156",堡林,2017-09-25,8.9,73.6,19.15
"		156",堡林,2017-09-26,10.4,86.7,20.09
"		156",堡林,2017-09-27,0.1,0.8,6.86
"		156",堡林,2017-09-28,8.8,73.9,19.66
"		156",堡林,2017-09-29,8.7,73.1,18.84
"		156",堡林,2017-09-30,10.8,90.8,21.04
"		156",堡林,2017-10-01,0,0,2.93
"		156",堡林,2017-10-02,1.6,13.6,6.56
"		156",堡林,2017-10-03,7.8,66.1,17.91
"		156",堡林,2017-10-04,7.1,60.7,16.52
"		156",堡林,2017-10-05,1.4,12,7.21
"		156",堡林,2017-10-06,0,0,4.02
"		156",堡林,2017-10-07,6.9,59.5,14.76
"		156",堡林,2017-10-08,9.7,83.6,16.84
"		156",堡林,2017-10-09,10.4,89.7,17.48
"		156",堡林,2017-10-10,7.6,66.1,15.1
"		156",堡林,2017-10-11,0.2,1.7,4.23
"		156",堡林,2017-10-12,0,0,2.54
"		156",堡林,2017-10-13,9.6,84.2,18.95
"		156",堡林,2017-10-14,7.5,65.8,16.73
"		156",堡林,2017-10-15,0.2,1.8,6.86
"		156",堡林,2017-10-16,1.5,13.3,7.18
"		156",堡林,2017-10-17,3.7,32.7,11.19
"		156",堡林,2017-10-18,0.1,0.9,6.55
"		156",堡林,2017-10-19,5.7,50.9,13.71
"		156",堡林,2017-10-20,9.5,84.8,16.81
"		156",堡林,2017-10-21,10.2,91.9,16.99
"		156",堡林,2017-10-22,10.1,91,16.92
"		156",堡林,2017-10-23,9,81.1,15.8
"		156",堡林,2017-10-24,6.7,60.9,13.64
"		156",堡林,2017-10-25,9.9,90,16.65
"		156",堡林,2017-10-26,5.7,51.8,14.02
"		156",堡林,2017-10-27,5.7,52.3,13.24
"		156",堡林,2017-10-28,8,73.4,14.61
"		156",堡林,2017-10-29,8.4,77.8,12.99
"		156",堡林,2017-10-30,10.1,93.5,17.35
"		156",堡林,2017-10-31,9.1,84.3,16.7
"		156",堡林,2017-11-01,9.5,88,14.83
"		156",堡林,2017-11-02,4.3,40.2,10.28
"		156",堡林,2017-11-03,3.4,31.8,7.73
"		156",堡林,2017-11-04,8.6,80.4,14.46
"		156",堡林,2017-11-05,9.7,91.5,16.18
"		156",堡林,2017-11-06,9.4,88.7,15.19
"		156",堡林,2017-11-07,3.3,31.1,8.97
"		156",堡林,2017-11-08,8.5,81,13.43
"		156",堡林,2017-11-09,9.5,90.5,15.08
"		156",堡林,2017-11-10,5.2,49.5,10.24
"		156",堡林,2017-11-11,9.5,90.5,14.96
"		156",堡林,2017-11-12,8.6,82.7,13.27
"		156",堡林,2017-11-13,2.8,26.9,9.31
"		156",堡林,2017-11-14,8.6,82.7,12.87
"		156",堡林,2017-11-15,7.1,68.9,10.43
"		156",堡林,2017-11-16,9.3,90.3,14.07
"		156",堡林,2017-11-17,4.3,41.7,9.16
"		156",堡林,2017-11-18,9.3,90.3,14.49
"		156",堡林,2017-11-19,5.9,57.8,11.49
"		156",堡林,2017-11-20,8.3,81.4,12.57
"		156",堡林,2017-11-21,9.1,89.2,13.2
"		156",堡林,2017-11-22,1.1,10.8,6.15
"		156",堡林,2017-11-23,4.9,48.5,8.82
"		156",堡林,2017-11-24,5.9,58.4,9.51
"		156",堡林,2017-11-25,7.9,78.2,11.89
"		156",堡林,2017-11-26,7.2,71.3,9.51
"		156",堡林,2017-11-27,8.8,88,11.37
"		156",堡林,2017-11-28,1.8,18,6.56
"		156",堡林,2017-11-29,1.5,15,6.01
"		156",堡林,2017-11-30,7.7,77,11.88
"		156",堡林,2017-12-01,9.2,92,13.28
"		156",堡林,2017-12-02,3.5,35,6.96
"		156",堡林,2017-12-03,6.8,68.7,10.67
"		156",堡林,2017-12-04,2.4,24.2,6.47
"		156",堡林,2017-12-05,6.6,66.7,10.35
"		156",堡林,2017-12-06,7.3,73.7,11.22
"		156",堡林,2017-12-07,2.2,22.2,5.83
"		156",堡林,2017-12-08,4.9,49.5,10.34
"		156",堡林,2017-12-09,0.3,3,3.83
"		156",堡林,2017-12-10,3.3,33.3,6.65
"		156",堡林,2017-12-11,3.3,33.3,7.32
"		156",堡林,2017-12-12,6.9,70.4,10.6
"		156",堡林,2017-12-13,7.9,80.6,11.72
"		156",堡林,2017-12-14,3.6,36.7,8.39
"		156",堡林,2017-12-15,5.5,56.1,9.35
"		156",堡林,2017-12-16,4.8,49,8.89
"		156",堡林,2017-12-17,7.5,76.5,10.35
"		156",堡林,2017-12-18,4.8,49,8.72
"		156",堡林,2017-12-19,5.2,53.1,8.38
"		156",堡林,2017-12-20,7.9,80.6,11.37
"		156",堡林,2017-12-21,7.5,76.5,11.68
"		156",堡林,2017-12-22,6.3,64.3,9.67
"		156",堡林,2017-12-23,7.3,74.5,10.35
"		156",堡林,2017-12-24,1,10.2,3.84
"		156",堡林,2017-12-25,8.7,88.8,12.51
"		156",堡林,2017-12-26,6.4,65.3,7.85
"		156",堡林,2017-12-27,8.2,83.7,12.14
"		156",堡林,2017-12-28,0.3,3.1,7.02
"		156",堡林,2017-12-29,0.1,1,5.11
"		156",堡林,2017-12-30,1.5,15.3,5.38
"		156",堡林,2017-12-31,6.1,62.2,9.57
"		156",堡林,2018-01-01,8.9,90.8,12.02
"		156",堡林,2018-01-02,4.9,49.5,8.54
"		156",堡林,2018-01-03,8.9,89.9,12.36
"		156",堡林,2018-01-04,0.7,7.1,6.91
"		156",堡林,2018-01-05,4.3,43.4,8.25
"		156",堡林,2018-01-06,8.8,88.9,12.75
"		156",堡林,2018-01-07,0.5,5.1,4.67
"		156",堡林,2018-01-08,0,0,3.53
"		156",堡林,2018-01-09,1.4,14,4.59
"		156",堡林,2018-01-10,0.2,2,1.5
"		156",堡林,2018-01-11,4.8,48,2.27
"		156",堡林,2018-01-12,7.3,73,4.85
"		156",堡林,2018-01-13,6.6,66,9.34
"		156",堡林,2018-01-14,4.5,45,9.8
"		156",堡林,2018-01-15,8.5,85,11.95
"		156",堡林,2018-01-16,0,0,2.32
"		156",堡林,2018-01-17,2.4,23.8,6.44
"		156",堡林,2018-01-18,6.2,61.4,10.9
"		156",堡林,2018-01-19,7.5,74.3,12.72
"		156",堡林,2018-01-20,8.1,79.4,11.77
"		156",堡林,2018-01-21,6.4,62.7,10.47
"		156",堡林,2018-01-22,3.7,36.3,8.93
"		156",堡林,2018-01-23,6.9,67.6,11.09
"		156",堡林,2018-01-24,7.6,73.8,12.73
"		156",堡林,2018-01-25,8.2,79.6,14.7
"		156",堡林,2018-01-26,9.4,91.3,15.21
"		156",堡林,2018-01-27,9.3,90.3,14.7
"		156",堡林,2018-01-28,7.3,70.2,12.94
"		156",堡林,2018-01-29,8.1,77.9,13.17
"		156",堡林,2018-01-30,7.3,70.2,13.05
"		156",堡林,2018-01-31,1.7,16.3,7.65
"		156",堡林,2018-02-01,9.7,92.4,15.41
"		156",堡林,2018-02-02,7,66.7,11.47
"		156",堡林,2018-02-03,6.1,58.1,12.41
"		156",堡林,2018-02-04,4.7,44.3,8.37
"		156",堡林,2018-02-05,7.6,71.7,12.73
"		156",堡林,2018-02-06,9.1,85.8,14.17
"		156",堡林,2018-02-07,9.8,91.6,16.86
"		156",堡林,2018-02-08,9.7,90.7,15.4
"		156",堡林,2018-02-09,5.6,52.3,12.7
"		156",堡林,2018-02-10,4.5,41.7,11.24
"		156",堡林,2018-02-11,4,37,8.08
"		156",堡林,2018-02-12,1.9,17.6,5.77
"		156",堡林,2018-02-13,9.9,90.8,17.94
"		156",堡林,2018-02-14,5.3,48.6,12.22
"		156",堡林,2018-02-15,4.4,40.4,10.81
"		156",堡林,2018-02-16,5.9,53.6,12.04
"		156",堡林,2018-02-17,9.3,84.5,18.33
"		156",堡林,2018-02-18,3.1,28.2,10.55
"		156",堡林,2018-02-19,2.6,23.4,10.62
"		156",堡林,2018-02-20,5.6,50.5,12.51
"		156",堡林,2018-02-21,1,9,9.97
"		156",堡林,2018-02-22,10,89.3,17.37
"		156",堡林,2018-02-23,4.4,39.3,10.94
"		156",堡林,2018-02-24,6.4,57.1,14.4
"		156",堡林,2018-02-25,5.1,45.1,13.21
"		156",堡林,2018-02-26,10.6,93.8,19.25
"		156",堡林,2018-02-27,9.4,82.5,16.02
"		156",堡林,2018-02-28,0,0,2.04
"		156",堡林,2018-03-01,8.1,71.1,17.24
"		156",堡林,2018-03-02,10.4,90.4,20.32
"		156",堡林,2018-03-03,8.3,72.2,18.26
"		156",堡林,2018-03-04,3.5,30.4,12.91
"		156",堡林,2018-03-05,0.6,5.2,5.62
"		156",堡林,2018-03-06,10.7,92.2,21.43
"		156",堡林,2018-03-07,0.4,3.4,8.07
"		156",堡林,2018-03-08,0,0,4.94
"		156",堡林,2018-03-09,5.1,43.6,14.73
"		156",堡林,2018-03-10,9.1,77.8,20.63
"		156",堡林,2018-03-11,9.1,77.1,19.84
"		156",堡林,2018-03-12,10.5,89,20.43
"		156",堡林,2018-03-13,10.4,87.4,18.95
"		156",堡林,2018-03-14,8.6,72.3,16.79
"		156",堡林,2018-03-15,0,0,1.82
"		156",堡林,2018-03-16,0.4,3.3,5.26
"		156",堡林,2018-03-17,11,91.7,20.37
"		156",堡林,2018-03-18,0.1,0.8,7.44
"		156",堡林,2018-03-19,0,0,3.61
"		156",堡林,2018-03-20,0,0,0.46
"		156",堡林,2018-03-21,0,0,0.07
"		156",堡林,2018-03-22,10.6,86.9,0.22
"		156",堡林,2018-03-23,10.8,88.5,19.52
"		156",堡林,2018-03-24,9.6,78,20.14
"		156",堡林,2018-03-25,10,81.3,22.29
"		156",堡林,2018-03-26,8.6,69.4,21.15
"		156",堡林,2018-03-27,9.7,78.2,21.47
"		156",堡林,2018-03-28,11.1,89.5,23.02
"		156",堡林,2018-03-29,4.3,34.4,16.48
"		156",堡林,2018-03-30,8.9,71.2,20.48
"		156",堡林,2018-03-31,10.1,80.8,21.61
"		156",堡林,2018-04-01,2.5,19.8,13.53
"		156",堡林,2018-04-02,10.5,83.3,21.97
"		156",堡林,2018-04-03,9.6,76.2,21.92
"		156",堡林,2018-04-04,0,0,4.33
"		156",堡林,2018-04-05,0,0,4.69
"		156",堡林,2018-04-06,6.8,53.5,20.5
"		156",堡林,2018-04-07,7.3,57,18.04
"		156",堡林,2018-04-08,10.9,85.2,23.12
"		156",堡林,2018-04-09,11.1,86,24.98
"		156",堡林,2018-04-10,8.8,68.2,22.61
"		156",堡林,2018-04-11,9.3,72.1,25.05
"		156",堡林,2018-04-12,4,30.8,16.48
"		156",堡林,2018-04-13,0.2,1.5,9.63
"		156",堡林,2018-04-14,0,0,2.78
"		156",堡林,2018-04-15,10.4,79.4,24.55
"		156",堡林,2018-04-16,8,61.1,23.01
"		156",堡林,2018-04-17,10.6,80.9,25.05
"		156",堡林,2018-04-18,12.1,91.7,27.77
"		156",堡林,2018-04-19,12.1,91.7,27.7
"		156",堡林,2018-04-20,11.8,89.4,26.78
"		156",堡林,2018-04-21,11.7,88,27.42
"		156",堡林,2018-04-22,1.1,8.3,12.41
"		156",堡林,2018-04-23,0,0,2.94
"		156",堡林,2018-04-24,0,0,6.12
"		156",堡林,2018-04-25,9.7,72.4,25.33
"		156",堡林,2018-04-26,8.5,63.4,23.14
"		156",堡林,2018-04-27,11.3,83.7,24.71
"		156",堡林,2018-04-28,12.2,90.4,27.89
"		156",堡林,2018-04-29,12.1,89.6,28.17
"		156",堡林,2018-04-30,5.6,41.2,17.04
"		156",堡林,2018-05-01,5,36.8,16.48
"		156",堡林,2018-05-02,0,0,4.62
"		156",堡林,2018-05-03,8,58.4,18.26
"		156",堡林,2018-05-04,12.9,94.2,29.95
"		156",堡林,2018-05-05,9.1,66.4,24.02
"		156",堡林,2018-05-06,0,0,3
"		156",堡林,2018-05-07,2,14.5,10.89
"		156",堡林,2018-05-08,4.9,35.5,20.24
"		156",堡林,2018-05-09,7.4,53.6,22.33
"		156",堡林,2018-05-10,9,64.7,26.09
"		156",堡林,2018-05-11,10.6,76.3,25.57
"		156",堡林,2018-05-12,0,0,5.04
"		156",堡林,2018-05-13,8.1,57.9,24.25
"		156",堡林,2018-05-14,11.6,82.9,27.37
"		156",堡林,2018-05-15,6.7,47.9,22.54
"		156",堡林,2018-05-16,0.1,0.7,6.4
"		156",堡林,2018-05-17,0,0,5.22
"		156",堡林,2018-05-18,0,0,4.94
"		156",堡林,2018-05-19,2.2,15.6,12.17
"		156",堡林,2018-05-20,7,49.6,20.81
"		156",堡林,2018-05-21,6.6,46.5,19.78
"		156",堡林,2018-05-22,3.8,26.8,18.53
"		156",堡林,2018-05-23,11.5,81,30.82
"		156",堡林,2018-05-24,12.4,87.3,29.45
"		156",堡林,2018-05-25,8,55.9,23.26
"		156",堡林,2018-05-26,13,90.9,30.6
"		156",堡林,2018-05-27,4,28,18.45
"		156",堡林,2018-05-28,5.3,37.1,19.54
"		156",堡林,2018-05-29,7.8,54.5,24.75
"		156",堡林,2018-05-30,2.7,18.9,11.67
"		156",堡林,2018-05-31,9.3,64.6,24.8
"		156",堡林,2018-06-01,12.9,89.6,29.97
"		156",堡林,2018-06-02,12.5,86.8,30.17
"		156",堡林,2018-06-03,10.3,71.5,27.61
"		156",堡林,2018-06-04,6,41.7,22.01
"		156",堡林,2018-06-05,2.1,14.6,14.44
"		156",堡林,2018-06-06,7.9,54.9,24.58
"		156",堡林,2018-06-07,11.4,78.6,27.77
"		156",堡林,2018-06-08,8.3,57.2,23.33
"		156",堡林,2018-06-09,7.8,53.8,23.21
"		156",堡林,2018-06-10,2.3,15.9,16.74
"		156",堡林,2018-06-11,0.7,4.8,9.68
"		156",堡林,2018-06-12,6,41.4,20.5
"		156",堡林,2018-06-13,9.1,62.8,23.8
"		156",堡林,2018-06-14,10.5,72.4,28.49
"		156",堡林,2018-06-15,9,62.1,24.49
"		156",堡林,2018-06-16,10.3,71,29.01
"		156",堡林,2018-06-17,5.7,39.3,20.29
"		156",堡林,2018-06-18,8.4,57.9,26.03
"		156",堡林,2018-06-19,0,0,9.62
"		156",堡林,2018-06-20,8.8,60.7,22.69
"		156",堡林,2018-06-21,12.1,83.4,30.94
"		156",堡林,2018-06-22,7.3,50.3,22.49
"		156",堡林,2018-06-23,8.4,57.9,24.88
"		156",堡林,2018-06-24,12,82.8,28.42
"		156",堡林,2018-06-25,9.8,67.6,24.5
"		156",堡林,2018-06-26,0,0,4.69
"		156",堡林,2018-06-27,1.5,10.3,10.01
"		156",堡林,2018-06-28,0.1,0.7,6.23
"		156",堡林,2018-06-29,3.4,23.4,16.78
"		156",堡林,2018-06-30,0.3,2.1,6.9
"		156",堡林,2018-07-01,0.1,0.7,10.88
"		156",堡林,2018-07-02,2.5,17.2,13.68
"		156",堡林,2018-07-03,2.5,17.2,16.6
"		156",堡林,2018-07-04,9.4,64.8,24.97
"		156",堡林,2018-07-05,0.2,1.4,10.34
"		156",堡林,2018-07-06,0.3,2.1,8.24
"		156",堡林,2018-07-07,6.3,43.8,18.75
"		156",堡林,2018-07-08,0.9,6.3,12.88
"		156",堡林,2018-07-09,0.3,2.1,6.84
"		156",堡林,2018-07-10,6.7,46.5,20.19
"		156",堡林,2018-07-11,7.4,51.4,21.82
"		156",堡林,2018-07-12,10.4,72.2,24.85
"		156",堡林,2018-07-13,8.7,60.8,25.19
"		156",堡林,2018-07-14,11.1,77.6,28.22
"		156",堡林,2018-07-15,12.4,86.7,29.33
"		156",堡林,2018-07-16,10.4,72.7,27.17
"		156",堡林,2018-07-17,10.8,75.5,28.04
"		156",堡林,2018-07-18,8.9,62.2,24.17
"		156",堡林,2018-07-19,10.6,74.6,24.91
"		156",堡林,2018-07-20,12.3,86.6,27.87
"		156",堡林,2018-07-21,8.1,57,18.07
"		156",堡林,2018-07-22,4.5,31.7,18.86
"		156",堡林,2018-07-23,7.2,51.1,21.79
"		156",堡林,2018-07-24,12.4,87.9,27.07
"		156",堡林,2018-07-25,11.1,78.7,26.21
"		156",堡林,2018-07-26,11.6,82.3,26.3
"		156",堡林,2018-07-27,12.3,87.2,28.17
"		156",堡林,2018-07-28,9,64.3,23.56
"		156",堡林,2018-07-29,12,85.7,25.78
"		156",堡林,2018-07-30,4.7,33.6,18.1
"		156",堡林,2018-07-31,9.2,65.7,22.07
"		156",堡林,2018-08-01,10.1,72.7,24.55
"		156",堡林,2018-08-02,12.1,87.1,27.17
"		156",堡林,2018-08-03,10.6,76.3,24.47
"		156",堡林,2018-08-04,7.1,51.4,19.28
"		156",堡林,2018-08-05,10.4,75.4,22.99
"		156",堡林,2018-08-06,11.7,84.8,25.13
"		156",堡林,2018-08-07,3,21.9,13.85
"		156",堡林,2018-08-08,11.5,83.9,25.78
"		156",堡林,2018-08-09,10.3,75.2,23.58
"		156",堡林,2018-08-10,6.6,48.2,21.06
"		156",堡林,2018-08-11,5.8,42.6,17.03
"		156",堡林,2018-08-12,7.6,55.9,21.23
"		156",堡林,2018-08-13,11.2,82.4,25.57
"		156",堡林,2018-08-14,10.6,78.5,23.51
"		156",堡林,2018-08-15,8.8,65.2,22.46
"		156",堡林,2018-08-16,4.3,31.9,15.79
"		156",堡林,2018-08-17,9.8,73.1,23.34
"		156",堡林,2018-08-18,12.3,91.8,26.77
"		156",堡林,2018-08-19,10.6,79.1,23.4
"		156",堡林,2018-08-20,7.2,54.1,20.16
"		156",堡林,2018-08-21,10.6,79.7,23.58
"		156",堡林,2018-08-22,10.8,81.2,21.26
"		156",堡林,2018-08-23,0,0,5.34
"		156",堡林,2018-08-24,4.4,33.3,14.32
"		156",堡林,2018-08-25,1,7.6,11.83
"		156",堡林,2018-08-26,0,0,5.99
"		156",堡林,2018-08-27,0,0,2.11
"		156",堡林,2018-08-28,7.4,56.5,19.18
"		156",堡林,2018-08-29,9.6,73.8,22.14
"		156",堡林,2018-08-30,3,23.1,11.11
"		156",堡林,2018-08-31,0.6,4.6,6.24
"		156",堡林,2018-09-01,1.8,14,13.16
"		156",堡林,2018-09-02,3.9,30.2,10.98
"		156",堡林,2018-09-03,2.3,17.8,12.68
"		156",堡林,2018-09-04,10,78.1,21.71
"		156",堡林,2018-09-05,10.5,82,23.94
"		156",堡林,2018-09-06,0,0,9.04
"		156",堡林,2018-09-07,0,0,8.18
"		156",堡林,2018-09-08,7,55.1,18.74
"		156",堡林,2018-09-09,11.3,89,23.33
"		156",堡林,2018-09-10,10.1,80.2,24.15
"		156",堡林,2018-09-11,4.9,38.9,16.62
"		156",堡林,2018-09-12,7.4,59.2,19.35
"		156",堡林,2018-09-13,0.3,2.4,8.33
"		156",堡林,2018-09-14,0.1,0.8,6.88
"		156",堡林,2018-09-15,1,8.1,7.99
"		156",堡林,2018-09-16,3.3,26.6,12.44
"		156",堡林,2018-09-17,7.5,60.5,18.48
"		156",堡林,2018-09-18,11.3,91.9,22.8
"		156",堡林,2018-09-19,0,0,8.14
"		156",堡林,2018-09-20,0,0,4.65
"		156",堡林,2018-09-21,0.6,4.9,6.04
"		156",堡林,2018-09-22,8.3,68,19.09
"		156",堡林,2018-09-23,4.4,36.4,14.14
"		156",堡林,2018-09-24,3.5,28.9,13.94
"		156",堡林,2018-09-25,10.7,88.4,23.28
"		156",堡林,2018-09-26,5.6,46.7,16.17
"		156",堡林,2018-09-27,10.5,87.5,21.57
"		156",堡林,2018-09-28,4.5,37.8,16.14
"		156",堡林,2018-09-29,7.7,64.7,18.12
"		156",堡林,2018-09-30,10.8,90.8,20.95
"		156",堡林,2018-10-01,6.9,58.5,17.06
"		156",堡林,2018-10-02,9,76.3,17.87
"		156",堡林,2018-10-03,10.8,91.5,21.41
"		156",堡林,2018-10-04,8.2,70.1,18.29
"		156",堡林,2018-10-05,0,0,2.51
"		156",堡林,2018-10-06,0.3,2.6,5.86
"		156",堡林,2018-10-07,10.6,91.4,19.9
"		156",堡林,2018-10-08,7.9,68.1,16.42
"		156",堡林,2018-10-09,0.1,0.9,8.39
"		156",堡林,2018-10-10,6.1,53,14.54
"		156",堡林,2018-10-11,9.1,79.1,18.29
"		156",堡林,2018-10-12,10.5,92.1,20.26
"		156",堡林,2018-10-13,10.5,92.1,19.26
"		156",堡林,2018-10-14,8.1,71.1,16.79
"		156",堡林,2018-10-15,9.6,85,17.11
"		156",堡林,2018-10-16,2.2,19.5,7.27
"		156",堡林,2018-10-17,10,88.5,17.77
"		156",堡林,2018-10-18,9.6,85.7,17.37
"		156",堡林,2018-10-19,10.3,92,18.62
"		156",堡林,2018-10-20,9.7,86.6,17.87
"		156",堡林,2018-10-21,9.9,89.2,18.02
"		156",堡林,2018-10-22,5.5,49.5,12.36
"		156",堡林,2018-10-23,4,36,9.82
"		156",堡林,2018-10-24,10.1,91.8,17.95
"		156",堡林,2018-10-25,9.8,89.1,17.03
"		156",堡林,2018-10-26,0.2,1.8,2.58
"		156",堡林,2018-10-27,5.1,46.8,11.76
"		156",堡林,2018-10-28,8.7,79.8,14.11
"		156",堡林,2018-10-29,6.9,63.3,10.76
"		156",堡林,2018-10-30,8.1,75,14.95
"		156",堡林,2018-10-31,7.9,73.1,13.95
"		156",堡林,2018-11-01,10,92.6,16.79
"		156",堡林,2018-11-02,9.9,92.5,16.35
"		156",堡林,2018-11-03,8.6,80.4,14.64
"		156",堡林,2018-11-04,9.5,88.8,15.37
"		156",堡林,2018-11-05,9.6,90.6,15.16
"		156",堡林,2018-11-06,9,84.9,13.11
"		156",堡林,2018-11-07,0,0,5.17
"		156",堡林,2018-11-08,0,0,2.1
"		156",堡林,2018-11-09,5.2,49.5,9.43
"		156",堡林,2018-11-10,9.3,88.6,13.91
"		156",堡林,2018-11-11,2.4,22.9,6.89
"		156",堡林,2018-11-12,8.5,81.7,14.22
"		156",堡林,2018-11-13,9.3,89.4,13.83
"		156",堡林,2018-11-14,9.3,89.4,13.47
"		156",堡林,2018-11-15,7.7,74.8,11.79
"		156",堡林,2018-11-16,0,0,4.59
"		156",堡林,2018-11-17,9.5,92.2,14.64
"		156",堡林,2018-11-18,0,0,4.44
"		156",堡林,2018-11-19,7.4,72.5,11.44
"		156",堡林,2018-11-20,9.2,90.2,13.74
"		156",堡林,2018-11-21,0.4,3.9,6.37
"		156",堡林,2018-11-22,9.1,89.2,13.62
"		156",堡林,2018-11-23,8,79.2,12.42
"		156",堡林,2018-11-24,2,19.8,5.14
"		156",堡林,2018-11-25,4.3,42.6,9.42
"		156",堡林,2018-11-26,9,89.1,12.56
"		156",堡林,2018-11-27,8.8,87.1,12.23
"		156",堡林,2018-11-28,6.6,66,10.51
"		156",堡林,2018-11-29,7,70,10.59
"		156",堡林,2018-11-30,7.5,75,11.36
"		156",堡林,2018-12-01,1.2,12,6.39
"		156",堡林,2018-12-02,7.5,75,11.05
"		156",堡林,2018-12-03,0,0,2.71
"		156",堡林,2018-12-04,1.1,11.1,4.44
"		156",堡林,2018-12-05,6.7,67.7,11.51
"		156",堡林,2018-12-06,0.4,4,5.54
"		156",堡林,2018-12-07,5.3,53.5,8.6
"		156",堡林,2018-12-08,7,70.7,11.77
"		156",堡林,2018-12-09,8.1,81.8,11.92
"		156",堡林,2018-12-10,8.9,90.8,12.36
"		156",堡林,2018-12-11,0.2,2,2.71
"		156",堡林,2018-12-12,7.7,78.6,10.92
"		156",堡林,2018-12-13,3.8,38.8,8.14
"		156",堡林,2018-12-14,8.9,90.8,12.34
"		156",堡林,2018-12-15,8.8,89.8,11.9
"		156",堡林,2018-12-16,1,10.2,4.98
"		156",堡林,2018-12-17,4.6,46.9,8.09
"		156",堡林,2018-12-18,8.2,83.7,11.39
"		156",堡林,2018-12-19,3.8,38.8,8.22
"		156",堡林,2018-12-20,1.3,13.3,4.59
"		156",堡林,2018-12-21,3.1,31.6,6.64
"		156",堡林,2018-12-22,7.1,72.4,9.64
"		156",堡林,2018-12-23,8.5,86.7,11.72
"		156",堡林,2018-12-24,9,91.8,11.93
"		156",堡林,2018-12-25,3.1,31.6,7.2
"		156",堡林,2018-12-26,5,51,9.18
"		156",堡林,2018-12-27,8.7,88.8,12.27
"		156",堡林,2018-12-28,5.7,58.2,9.06
"		156",堡林,2018-12-29,9,91.8,12.37
"		156",堡林,2018-12-30,9,91.8,12.53
"		156",堡林,2018-12-31,9.2,93.9,12.67
"		156",堡林,2019-01-01,1.4,14.3,5.28
"		156",堡林,2019-01-02,6.8,68.7,10.1
"		156",堡林,2019-01-03,9.2,92.9,12.4
"		156",堡林,2019-01-04,1.5,15.2,4.75
"		156",堡林,2019-01-05,7.9,79.8,11.39
"		156",堡林,2019-01-06,9,90.9,12.35
"		156",堡林,2019-01-07,8.3,83.8,11.39
"		156",堡林,2019-01-08,5.6,56.6,8.92
"		156",堡林,2019-01-09,4.3,43.4,8.89
"		156",堡林,2019-01-10,4.7,47,9.82
"		156",堡林,2019-01-11,7.1,71,10.9
"		156",堡林,2019-01-12,7.1,71,11.22
"		156",堡林,2019-01-13,8.8,88,12.05
"		156",堡林,2019-01-14,7.2,72,11.56
"		156",堡林,2019-01-15,5.2,52,8.81
"		156",堡林,2019-01-16,9.2,91.1,13.59
"		156",堡林,2019-01-17,7.4,73.3,12.47
"		156",堡林,2019-01-18,8.9,88.1,12.63
"		156",堡林,2019-01-19,3.8,37.6,7.45
"		156",堡林,2019-01-20,8.3,81.4,12.31
"		156",堡林,2019-01-21,6.9,67.6,12.47
"		156",堡林,2019-01-22,9,88.2,12.87
"		156",堡林,2019-01-23,8.3,81.4,12.17
"		156",堡林,2019-01-24,9.4,91.3,14.47
"		156",堡林,2019-01-25,5.4,52.4,9.34
"		156",堡林,2019-01-26,8.9,86.4,14.61
"		156",堡林,2019-01-27,9.4,91.3,14.86
"		156",堡林,2019-01-28,7.5,72.1,11.74
"		156",堡林,2019-01-29,9.4,90.4,15.1
"		156",堡林,2019-01-30,4.2,40.4,10.52
"		156",堡林,2019-01-31,2.6,25,4.35
"		156",堡林,2019-02-01,5.8,55.2,10.9
"		156",堡林,2019-02-02,5,47.6,12.2
"		156",堡林,2019-02-03,0,0,1.21
"		156",堡林,2019-02-04,8.4,79.2,15.34
"		156",堡林,2019-02-05,8.7,82.1,14.95
"		156",堡林,2019-02-06,4,37.7,10.26
"		156",堡林,2019-02-07,4.9,45.8,10.54
"		156",堡林,2019-02-08,6.7,62.6,14.21
"		156",堡林,2019-02-09,8.7,81.3,15.29
"		156",堡林,2019-02-10,1.3,12,9.46
"		156",堡林,2019-02-11,9,83.3,15.28
"		156",堡林,2019-02-12,7.7,71.3,15.08
"		156",堡林,2019-02-13,9.3,86.1,15.88
"		156",堡林,2019-02-14,7.4,67.9,15.49
"		156",堡林,2019-02-15,0.7,6.4,9.37
"		156",堡林,2019-02-16,5.6,50.9,13.07
"		156",堡林,2019-02-17,10,90.9,18.42
"		156",堡林,2019-02-18,0,0,6.07
"		156",堡林,2019-02-19,0,0,3.88
"		156",堡林,2019-02-20,6.6,59.5,14.7
"		156",堡林,2019-02-21,8.7,78.4,17.45
"		156",堡林,2019-02-22,2.5,22.3,10.1
"		156",堡林,2019-02-23,9.4,83.9,17.37
"		156",堡林,2019-02-24,10.2,91.1,18.39
"		156",堡林,2019-02-25,5.1,45.1,11.29
"		156",堡林,2019-02-26,9.5,84.1,18.7
"		156",堡林,2019-02-27,3.1,27.4,9.35
"		156",堡林,2019-02-28,7.3,64,15.57
"		156",堡林,2019-03-01,9.1,79.8,17.85
"		156",堡林,2019-03-02,6.9,60.5,14.17
"		156",堡林,2019-03-03,0.9,7.8,9.01
"		156",堡林,2019-03-04,7.8,67.8,16.31
"		156",堡林,2019-03-05,1.8,15.5,11.23
"		156",堡林,2019-03-06,5.8,50,15.07
"		156",堡林,2019-03-07,9.4,81,18.43
"		156",堡林,2019-03-08,10.7,91.5,21.82
"		156",堡林,2019-03-09,5.9,50.4,15.34
"		156",堡林,2019-03-10,0.2,1.7,7.33
"		156",堡林,2019-03-11,2.1,17.8,8.47
"		156",堡林,2019-03-12,2.5,21.2,11.34
"		156",堡林,2019-03-13,10.7,89.9,21.54
"		156",堡林,2019-03-14,10.8,90.8,21.51
"		156",堡林,2019-03-15,4.5,37.8,12.77
"		156",堡林,2019-03-16,9.6,80,20.15
"		156",堡林,2019-03-17,10.9,90.8,22.76
"		156",堡林,2019-03-18,5,41.7,15.7
"		156",堡林,2019-03-19,10.4,86,19.84
"		156",堡林,2019-03-20,0,0,4.84
"		156",堡林,2019-03-21,0.4,3.3,6.48
"		156",堡林,2019-03-22,8.6,70.5,22.77
"		156",堡林,2019-03-23,8.9,73,18.02
"		156",堡林,2019-03-24,11.2,91.1,24.99
"		156",堡林,2019-03-25,5.2,42.3,16.2
"		156",堡林,2019-03-26,7.4,60.2,19.73
"		156",堡林,2019-03-27,9.8,79,22.01
"		156",堡林,2019-03-28,7.8,62.9,19.96
"		156",堡林,2019-03-29,9.1,73.4,22.14
"		156",堡林,2019-03-30,7.2,57.6,17.36
"		156",堡林,2019-03-31,11.4,91.2,25.82
"		156",堡林,2019-04-01,11.2,88.9,24.69
"		156",堡林,2019-04-02,11.6,92.1,25.76
"		156",堡林,2019-04-03,11.6,92.1,26.11
"		156",堡林,2019-04-04,11.1,87.4,25.32
"		156",堡林,2019-04-05,6,47.2,14.77
"		156",堡林,2019-04-06,11.1,87.4,23.61
"		156",堡林,2019-04-07,0,0,3.11
"		156",堡林,2019-04-08,9.8,76.6,23.79
"		156",堡林,2019-04-09,3.2,24.8,9.95
"		156",堡林,2019-04-10,0,0,5.66
"		156",堡林,2019-04-11,3.2,24.8,15.88
"		156",堡林,2019-04-12,11.2,86.2,24.49
"		156",堡林,2019-04-13,6,46.2,20.57
"		156",堡林,2019-04-14,3.1,23.8,10.04
"		156",堡林,2019-04-15,12,91.6,27.04
"		156",堡林,2019-04-16,8,61.1,22
"		156",堡林,2019-04-17,3.1,23.7,12.65
"		156",堡林,2019-04-18,11.8,89.4,26.71
"		156",堡林,2019-04-19,1.2,9.1,9.93
"		156",堡林,2019-04-20,9.6,72.7,25.15
"		156",堡林,2019-04-21,3.9,29.3,16.09
"		156",堡林,2019-04-22,10.2,76.7,24.77
"		156",堡林,2019-04-23,0,0,5.55
"		156",堡林,2019-04-24,0,0,7.08
"		156",堡林,2019-04-25,0,0,3.82
"		156",堡林,2019-04-26,0,0,4.66
"		156",堡林,2019-04-27,8.7,64.4,24.06
"		156",堡林,2019-04-28,4.5,33.3,17.6
"		156",堡林,2019-04-29,0,0,3.53
"		156",堡林,2019-04-30,1.9,14,15.19
"		156",堡林,2019-05-01,9.9,72.8,24.41
"		156",堡林,2019-05-02,12.6,92.6,29.51
"		156",堡林,2019-05-03,12.7,92.7,29.12
"		156",堡林,2019-05-04,11.2,81.8,24.43
"		156",堡林,2019-05-05,10.7,78.1,26.76
"		156",堡林,2019-05-06,11.4,82.6,29.02
"		156",堡林,2019-05-07,13,94.2,30.21
"		156",堡林,2019-05-08,7.6,55.1,22
"		156",堡林,2019-05-09,10.3,74.6,27
"		156",堡林,2019-05-10,11.3,81.3,27.79
"		156",堡林,2019-05-11,12.4,89.2,27.71
"		156",堡林,2019-05-12,11.3,81.3,26.63
"		156",堡林,2019-05-13,8.8,63.3,24.3
"		156",堡林,2019-05-14,9.8,70,25.95
"		156",堡林,2019-05-15,9.9,70.7,24.38
"		156",堡林,2019-05-16,12.5,89.3,28.23
"		156",堡林,2019-05-17,6.2,44,18.33
"		156",堡林,2019-05-18,0.4,2.8,8.22
"		156",堡林,2019-05-19,0,0,7.11
"		156",堡林,2019-05-20,7,49.6,21.04
"		156",堡林,2019-05-21,13.1,92.3,30.95
"		156",堡林,2019-05-22,13.1,92.3,30.92
"		156",堡林,2019-05-23,12.6,88.7,29.67
"		156",堡林,2019-05-24,12,84.5,27.49
"		156",堡林,2019-05-25,6.1,43,21.88
"		156",堡林,2019-05-26,7.5,52.4,23.3
"		156",堡林,2019-05-27,0,0,2.86
"		156",堡林,2019-05-28,8.5,59.4,23.99
"		156",堡林,2019-05-29,13,90.9,30.46
"		156",堡林,2019-05-30,5.9,41.3,21.84
"		156",堡林,2019-05-31,8.5,59,25.04
"		156",堡林,2019-06-01,8.8,61.1,24.94
"		156",堡林,2019-06-02,12.5,86.8,28.61
"		156",堡林,2019-06-03,12.2,84.7,29.12
"		156",堡林,2019-06-04,12.3,85.4,28.56
"		156",堡林,2019-06-05,12.5,86.8,28.52
"		156",堡林,2019-06-06,2,13.9,14.2
"		156",堡林,2019-06-07,0.1,0.7,7.42
"		156",堡林,2019-06-08,2.9,20,14
"		156",堡林,2019-06-09,6,41.4,23.18
"		156",堡林,2019-06-10,0.7,4.8,10.45
"		156",堡林,2019-06-11,2.7,18.6,12.76
"		156",堡林,2019-06-12,7.5,51.7,24.51
"		156",堡林,2019-06-13,9.5,65.5,24.2
"		156",堡林,2019-06-14,0,0,8.27
"		156",堡林,2019-06-15,11.7,80.7,29.06
"		156",堡林,2019-06-16,10.6,73.1,24.96
"		156",堡林,2019-06-17,10.1,69.7,26.17
"		156",堡林,2019-06-18,4.6,31.7,17.04
"		156",堡林,2019-06-19,8.4,57.9,24.49
"		156",堡林,2019-06-20,9.4,64.8,24.97
"		156",堡林,2019-06-21,12.8,88.3,28.76
"		156",堡林,2019-06-22,4.2,29,16.73
"		156",堡林,2019-06-23,6,41.4,22.14
"		156",堡林,2019-06-24,9.1,62.8,26.46
"		156",堡林,2019-06-25,8.1,55.9,20.76
"		156",堡林,2019-06-26,0,0,6.04
"		156",堡林,2019-06-27,3.5,24.1,17.37
"		156",堡林,2019-06-28,6.9,47.6,23.7
"		156",堡林,2019-06-29,0,0,3.88
"		156",堡林,2019-06-30,1.7,11.7,16.42
"		156",堡林,2019-07-01,0,0,7.47
"		156",堡林,2019-07-02,9.6,66.2,24.88
"		156",堡林,2019-07-03,5.8,40,19.94
"		156",堡林,2019-07-04,8.5,58.6,25.62
"		156",堡林,2019-07-05,7.5,51.7,21.45
"		156",堡林,2019-07-06,12.7,88.2,29.97
"		156",堡林,2019-07-07,6,41.7,19.79
"		156",堡林,2019-07-08,6.1,42.4,22.23
"		156",堡林,2019-07-09,3.7,25.7,17.93
"		156",堡林,2019-07-10,0,0,5.07
"		156",堡林,2019-07-11,0.1,0.7,8.26
"		156",堡林,2019-07-12,5,34.7,18.93
"		156",堡林,2019-07-13,2.7,18.9,14.99
"		156",堡林,2019-07-14,7.5,52.4,21.84
"		156",堡林,2019-07-15,4.4,30.8,18.79
"		156",堡林,2019-07-16,4.9,34.3,16.62
"		156",堡林,2019-07-17,7.3,51,22.35
"		156",堡林,2019-07-18,0,0,9.78
"		156",堡林,2019-07-19,0,0,5.65
"		156",堡林,2019-07-20,0,0,5.61
"		156",堡林,2019-07-21,0.5,3.5,7.58
"		156",堡林,2019-07-22,5.5,38.7,20.36
"		156",堡林,2019-07-23,7.9,55.6,23.36
"		156",堡林,2019-07-24,0,0,7.39
"		156",堡林,2019-07-25,2.4,17,11.58
"		156",堡林,2019-07-26,0.3,2.1,8.63
"		156",堡林,2019-07-27,0.1,0.7,5.74
"		156",堡林,2019-07-28,1.3,9.3,10.54
"		156",堡林,2019-07-29,12.6,90,25.52
"		156",堡林,2019-07-30,8.9,63.6,22.88
"		156",堡林,2019-07-31,9.2,65.7,23.97
"		156",堡林,2019-08-01,9.2,66.2,23.97
"		156",堡林,2019-08-02,8.7,62.6,21.24
"		156",堡林,2019-08-03,8.2,59,20.51
"		156",堡林,2019-08-04,10,71.9,23.48
"		156",堡林,2019-08-05,7.5,54.3,18.71
"		156",堡林,2019-08-06,8.6,62.3,21.25
"		156",堡林,2019-08-07,8.2,59.4,23.51
"		156",堡林,2019-08-08,5.2,38,15.88
"		156",堡林,2019-08-09,5.2,38,17.01
"		156",堡林,2019-08-10,9.8,71.5,25.09
"		156",堡林,2019-08-11,2.9,21.3,12.44
"		156",堡林,2019-08-12,4.5,33.1,15.3
"		156",堡林,2019-08-13,7.3,53.7,19.16
"		156",堡林,2019-08-14,10.7,79.3,23.34
"		156",堡林,2019-08-15,2.7,20,15.22
"		156",堡林,2019-08-16,3.6,26.7,12.6
"		156",堡林,2019-08-17,8.5,63,22.21
"		156",堡林,2019-08-18,11.3,84.3,26.38
"		156",堡林,2019-08-19,10.2,76.1,22.05
"		156",堡林,2019-08-20,5.3,39.6,14.05
"		156",堡林,2019-08-21,1.3,9.8,10.81
"		156",堡林,2019-08-22,5.2,39.1,16.28
"		156",堡林,2019-08-23,5,37.9,15.94
"		156",堡林,2019-08-24,3.4,25.8,15.48
"		156",堡林,2019-08-25,2.3,17.4,12.66
"		156",堡林,2019-08-26,9.9,75.6,24.2
"		156",堡林,2019-08-27,0,0,4.59
"		156",堡林,2019-08-28,0.9,6.9,9.97
"		156",堡林,2019-08-29,0,0,5.96
"		156",堡林,2019-08-30,10.2,78.5,21.47
"		156",堡林,2019-08-31,6.4,49.2,19.15
"		156",堡林,2019-09-01,2,15.5,8.85
"		156",堡林,2019-09-02,0,0,5.36
"		156",堡林,2019-09-03,0,0,6.44
"		156",堡林,2019-09-04,0.3,2.3,8.3
"		156",堡林,2019-09-05,2.6,20.3,13.59
"		156",堡林,2019-09-06,0.6,4.7,9.74
"		156",堡林,2019-09-07,0.6,4.7,6.24
"		156",堡林,2019-09-08,0.8,6.3,9.01
"		156",堡林,2019-09-09,0.5,3.9,8.6
"		156",堡林,2019-09-10,9,71.4,19.19
"		156",堡林,2019-09-11,4.1,32.5,14.24
"		156",堡林,2019-09-12,0,0,5.64
"		156",堡林,2019-09-13,8.2,65.6,19.93
"		156",堡林,2019-09-14,9,72,20.33
"		156",堡林,2019-09-15,6.3,50.8,17.23
"		156",堡林,2019-09-16,5.4,43.5,15.82
"		156",堡林,2019-09-17,11.4,91.9,23.93
"		156",堡林,2019-09-18,11,89.4,23.21
"		156",堡林,2019-09-19,11.2,91.1,23.12
"		156",堡林,2019-09-20,2.4,19.5,13.7
"		156",堡林,2019-09-21,0,0,3.19
"		156",堡林,2019-09-22,0,0,3.4
"		156",堡林,2019-09-23,10.3,85.1,22.76
"		156",堡林,2019-09-24,11,90.9,21.62
"		156",堡林,2019-09-25,6.4,52.9,16.73
"		156",堡林,2019-09-26,5.8,48.3,16.32
"		156",堡林,2019-09-27,5.8,48.3,14.55
"		156",堡林,2019-09-28,4.7,39.2,13.23
"		156",堡林,2019-09-29,9.3,78.2,18.02
"		156",堡林,2019-09-30,7.1,59.7,14.74
"		156",堡林,2019-10-01,0,0,1.54
"		156",堡林,2019-10-02,0,0,2.48
"		156",堡林,2019-10-03,6.5,55.1,14.78
"		156",堡林,2019-10-04,6.4,54.7,17.69
"		156",堡林,2019-10-05,1,8.5,7.13
"		156",堡林,2019-10-06,4.8,41,13.28
"		156",堡林,2019-10-07,0,0,2.76
"		156",堡林,2019-10-08,8.6,74.1,16.98
"		156",堡林,2019-10-09,10.6,91.4,21.03
"		156",堡林,2019-10-10,8.1,70.4,18.38
"		156",堡林,2019-10-11,9.7,84.3,18.54
"		156",堡林,2019-10-12,10.5,91.3,19.45
"		156",堡林,2019-10-13,10.3,90.4,19.28
"		156",堡林,2019-10-14,9.5,83.3,16.39
"		156",堡林,2019-10-15,4.4,38.9,11.85
"		156",堡林,2019-10-16,9.2,81.4,17.29
"		156",堡林,2019-10-17,2.9,25.7,9.52
"		156",堡林,2019-10-18,0.3,2.7,7.51
"		156",堡林,2019-10-19,9.7,86.6,17.08
"		156",堡林,2019-10-20,9.9,88.4,17.65
"		156",堡林,2019-10-21,9.8,88.3,18.07
"		156",堡林,2019-10-22,9.1,82,16.43
"		156",堡林,2019-10-23,0.1,0.9,7
"		156",堡林,2019-10-24,5.6,50.9,12.89
"		156",堡林,2019-10-25,7.6,69.1,13.99
"		156",堡林,2019-10-26,5.2,47.3,12.6
"		156",堡林,2019-10-27,8.8,80.7,15.22
"		156",堡林,2019-10-28,9,82.6,16.04
"		156",堡林,2019-10-29,8.4,77.1,15.04
"		156",堡林,2019-10-30,10.1,93.5,16.66
"		156",堡林,2019-10-31,9.6,88.9,16.12
"		156",堡林,2019-11-01,8.9,82.4,14.67
"		156",堡林,2019-11-02,7.6,71,12.77
"		156",堡林,2019-11-03,8,74.8,14.27
"		156",堡林,2019-11-04,7,65.4,13.1
"		156",堡林,2019-11-05,9,84.9,14.4
"		156",堡林,2019-11-06,8.6,81.1,14.62
"		156",堡林,2019-11-07,6.8,64.2,11.7
"		156",堡林,2019-11-08,9.6,91.4,15.94
"		156",堡林,2019-11-09,9.5,90.5,15.32
"		156",堡林,2019-11-10,,0,
"		156",堡林,2019-11-11,5.8,55.2,9.99
"		156",堡林,2019-11-12,8.5,81.7,13.93
"		156",堡林,2019-11-13,0,0,4.66
"		156",堡林,2019-11-14,9,86.5,15.04
"		156",堡林,2019-11-15,8.9,85.6,13.71
"		156",堡林,2019-11-16,6.2,60.2,11.41
"		156",堡林,2019-11-17,1,9.7,5.63
"		156",堡林,2019-11-18,1.1,10.7,5.95
"		156",堡林,2019-11-19,3.3,32,8.42
"		156",堡林,2019-11-20,9.5,93.1,14.1
"		156",堡林,2019-11-21,7.9,77.5,12.75
"		156",堡林,2019-11-22,7.2,70.6,11.45
"		156",堡林,2019-11-23,9,88.2,12.91
"		156",堡林,2019-11-24,5.7,56.4,10.14
"		156",堡林,2019-11-25,0,0,5.63
"		156",堡林,2019-11-26,3.5,34.7,9.39
"		156",堡林,2019-11-27,0.9,8.9,7.21
"		156",堡林,2019-11-28,8.2,82,12.16
"		156",堡林,2019-11-29,9.3,93,13.67
"		156",堡林,2019-11-30,7.5,75,12.11
"		156",堡林,2019-12-01,0,0,1.86
"		156",堡林,2019-12-02,3,30,6.7
"		156",堡林,2019-12-03,4.1,41.4,8.6
"		156",堡林,2019-12-04,8.5,85.9,11.48
"		156",堡林,2019-12-05,7.9,79.8,12.36
"		156",堡林,2019-12-06,9.1,91.9,13
"		156",堡林,2019-12-07,9,90.9,12.47
"		156",堡林,2019-12-08,9.1,91.9,12.71
"		156",堡林,2019-12-09,6.2,62.6,9.83
"		156",堡林,2019-12-10,6.2,62.6,8.99
"		156",堡林,2019-12-11,1.6,16.2,2.57
"		156",堡林,2019-12-12,9.1,92.9,7.94
"		156",堡林,2019-12-13,8.7,88.8,6.68
"		156",堡林,2019-12-14,8.4,85.7,6.94
"		156",堡林,2019-12-15,7.4,75.5,6.22
"		156",堡林,2019-12-16,5.3,54.1,4.9
"		156",堡林,2019-12-17,0,0,0.87
"		156",堡林,2019-12-18,6.1,62.2,5.57
"		156",堡林,2019-12-19,8.4,85.7,9.91
"		156",堡林,2019-12-20,0.9,9.2,5.71
"		156",堡林,2019-12-21,0,0,5.15
"		156",堡林,2019-12-22,3.8,38.8,7.43
"		156",堡林,2019-12-23,4.6,46.9,8.06
"		156",堡林,2019-12-24,8,81.6,11.48
"		156",堡林,2019-12-25,7.8,79.6,11.54
"		156",堡林,2019-12-26,0.3,3.1,2.78
"		156",堡林,2019-12-27,5.8,59.2,9.26
"		156",堡林,2019-12-28,9,91.8,11.89
"		156",堡林,2019-12-29,0,0,2.72
"		156",堡林,2019-12-30,0.5,5.1,4.05
"		156",堡林,2019-12-31,9.2,93.9,13.26
"		156",堡林,2020-01-01,4,40.8,8.62
"		156",堡林,2020-01-02,8.7,88.8,11.06
"		156",堡林,2020-01-03,7.8,78.8,10.83
"		156",堡林,2020-01-04,7.7,77.8,10.89
"		156",堡林,2020-01-05,7.7,77.8,12.72
"		156",堡林,2020-01-06,0,0,1.68
"		156",堡林,2020-01-07,0,0,1.45
"		156",堡林,2020-01-08,0,0,1.17
"		156",堡林,2020-01-09,6.8,68.7,10.21
"		156",堡林,2020-01-10,8.2,82,12.54
"		156",堡林,2020-01-11,6.3,63,10.35
"		156",堡林,2020-01-12,0.7,7,5.66
"		156",堡林,2020-01-13,3,30,7.74
"		156",堡林,2020-01-14,5.6,56,9.22
"		156",堡林,2020-01-15,6.4,64,11.01
"		156",堡林,2020-01-16,6.8,67.3,11.74
"		156",堡林,2020-01-17,7.6,75.2,10.98
"		156",堡林,2020-01-18,9.3,92.1,13.66
"		156",堡林,2020-01-19,0.7,6.9,5.35
"		156",堡林,2020-01-20,5.4,52.9,10.13
"		156",堡林,2020-01-21,9.2,90.2,14.43
"		156",堡林,2020-01-22,0,0,2.01
"		156",堡林,2020-01-23,1.9,18.6,6.96
"		156",堡林,2020-01-24,7.7,74.8,12.3
"		156",堡林,2020-01-25,0,0,5.51
"		156",堡林,2020-01-26,2.2,21.4,8.01
"		156",堡林,2020-01-27,0,0,2.27
"		156",堡林,2020-01-28,4.5,43.3,11.41
"		156",堡林,2020-01-29,0,0,4.71
"		156",堡林,2020-01-30,5.7,54.8,11.02
"		156",堡林,2020-01-31,2.6,25,8.72
"		156",堡林,2020-02-01,4.3,41,9.68
"		156",堡林,2020-02-02,9.3,88.6,12.96
"		156",堡林,2020-02-03,6,57.1,12.28
"		156",堡林,2020-02-04,9.6,90.6,16.01
"		156",堡林,2020-02-05,9.8,92.5,16.87
"		156",堡林,2020-02-06,6.8,64.2,12.99
"		156",堡林,2020-02-07,8.2,76.6,12.92
"		156",堡林,2020-02-08,6,56.1,12.32
"		156",堡林,2020-02-09,9.8,91.6,16.21
"		156",堡林,2020-02-10,8.1,75.7,14.08
"		156",堡林,2020-02-11,6,55.6,11.96
"		156",堡林,2020-02-12,0,0,2.16
"		156",堡林,2020-02-13,0.8,7.4,5.12
"		156",堡林,2020-02-14,9.8,89.9,17.25
"		156",堡林,2020-02-15,3.4,31.2,8.45
"		156",堡林,2020-02-16,1,9.2,5.4
"		156",堡林,2020-02-17,1.5,13.6,2.54
"		156",堡林,2020-02-18,10,90.9,18.37
"		156",堡林,2020-02-19,8.2,73.9,16.75
"		156",堡林,2020-02-20,10,90.1,18.12
"		156",堡林,2020-02-21,5.9,53.2,11.86
"		156",堡林,2020-02-22,7.1,63.4,13.8
"		156",堡林,2020-02-23,10.3,92,19.37
"		156",堡林,2020-02-24,7.1,63.4,15.56
"		156",堡林,2020-02-25,0,0,1.32
"		156",堡林,2020-02-26,4.4,38.9,10.44
"		156",堡林,2020-02-27,9.6,85,18.06
"		156",堡林,2020-02-28,0,0,3.28
"		156",堡林,2020-02-29,4,35.1,10.65
"		156",堡林,2020-03-01,0.4,3.5,9.7
"		156",堡林,2020-03-02,9.9,86.1,21.9
"		156",堡林,2020-03-03,5.2,45.2,15.1
"		156",堡林,2020-03-04,8.2,70.7,19.07
"		156",堡林,2020-03-05,10.6,91.4,21.47
"		156",堡林,2020-03-06,10.7,92.2,21.93
"		156",堡林,2020-03-07,0.1,0.9,3.72
"		156",堡林,2020-03-08,9.9,84.6,21.02
"		156",堡林,2020-03-09,0.3,2.6,8.66
"		156",堡林,2020-03-10,0,0,3.37
"		156",堡林,2020-03-11,10.8,91.5,23.14
"		156",堡林,2020-03-12,10.7,89.9,22.29
"		156",堡林,2020-03-13,7.8,65.5,18.44
"		156",堡林,2020-03-14,10.9,91.6,23.34
"		156",堡林,2020-03-15,10.5,87.5,21.35
"		156",堡林,2020-03-16,10.2,85,22.8
"		156",堡林,2020-03-17,10.6,88.3,21.45
"		156",堡林,2020-03-18,10,82.6,23.27
"		156",堡林,2020-03-19,8.6,71.1,19.25
"		156",堡林,2020-03-20,10.9,90.1,23.23
"		156",堡林,2020-03-21,10.4,85.2,20.66
"		156",堡林,2020-03-22,10.2,83.6,23.12
"		156",堡林,2020-03-23,11.3,91.9,23.7
"		156",堡林,2020-03-24,11.1,90.2,23.37
"		156",堡林,2020-03-25,10.3,83.7,23.13
"		156",堡林,2020-03-26,0,0,3.42
"		156",堡林,2020-03-27,3.1,25,8.16
"		156",堡林,2020-03-28,0,0,10.92
"		156",堡林,2020-03-29,7.8,62.4,21.61
"		156",堡林,2020-03-30,10.7,85.6,22.79
"		156",堡林,2020-03-31,10.8,86.4,23.1
"		156",堡林,2020-04-01,7.7,61.1,19.81
"		156",堡林,2020-04-02,10.2,81,22.29
"		156",堡林,2020-04-03,11.6,91.3,24.75
"		156",堡林,2020-04-04,11.6,91.3,25.23
"		156",堡林,2020-04-05,11.7,92.1,27.18
"		156",堡林,2020-04-06,8.7,68,23.7
"		156",堡林,2020-04-07,11.4,89.1,24.02
"		156",堡林,2020-04-08,11.6,90.6,24.98
"		156",堡林,2020-04-09,10.4,80.6,23.76
"		156",堡林,2020-04-10,3.7,28.7,14.61
"		156",堡林,2020-04-11,0,0,6.92
"		156",堡林,2020-04-12,4.4,33.8,16.35
"		156",堡林,2020-04-13,11.1,85.4,24.01
"		156",堡林,2020-04-14,11.5,88.5,27.14
"		156",堡林,2020-04-15,7.2,55,21.2
"		156",堡林,2020-04-16,11.5,87.8,27.09
"		156",堡林,2020-04-17,3.2,24.2,11.3
"		156",堡林,2020-04-18,9.5,72,25.13
"		156",堡林,2020-04-19,0,0,3.66
"		156",堡林,2020-04-20,3.5,26.3,16.68
"		156",堡林,2020-04-21,10.7,80.5,27.93
"		156",堡林,2020-04-22,11,82.7,27.01
"		156",堡林,2020-04-23,11.5,85.8,26.88
"		156",堡林,2020-04-24,12.6,94,29.19
"		156",堡林,2020-04-25,11.2,83.6,26.43
"		156",堡林,2020-04-26,11.9,88.1,27.73
"		156",堡林,2020-04-27,12.5,92.6,28.33
"		156",堡林,2020-04-28,12.5,92.6,28.4
"		156",堡林,2020-04-29,12.5,91.9,28.46
"		156",堡林,2020-04-30,11.2,82.4,26.73
"		156",堡林,2020-05-01,6.9,50.7,19.45
"		156",堡林,2020-05-02,1.1,8,11.14
"		156",堡林,2020-05-03,1.6,11.7,12.13
"		156",堡林,2020-05-04,8.7,63.5,23.16
"		156",堡林,2020-05-05,2,14.5,15.29
"		156",堡林,2020-05-06,12.5,90.6,29.65
"		156",堡林,2020-05-07,12.6,91.3,28.89
"		156",堡林,2020-05-08,7.6,55.1,23.07
"		156",堡林,2020-05-09,0.2,1.4,5.94
"		156",堡林,2020-05-10,2.7,19.4,13.42
"		156",堡林,2020-05-11,10,71.9,27.78
"		156",堡林,2020-05-12,12.4,89.2,26.95
"		156",堡林,2020-05-13,12.9,92.1,30.31
"		156",堡林,2020-05-14,2.2,15.7,8.24
"		156",堡林,2020-05-15,0,0,3.31
"		156",堡林,2020-05-16,5.1,36.4,18.77
"		156",堡林,2020-05-17,8.8,62.4,24.57
"		156",堡林,2020-05-18,4.1,29.1,17.87
"		156",堡林,2020-05-19,1.3,9.2,7.12
"		156",堡林,2020-05-20,11.6,82.3,27.25
"		156",堡林,2020-05-21,11.3,79.6,28.48
"		156",堡林,2020-05-22,12.3,86.6,28.61
"		156",堡林,2020-05-23,12.6,88.7,28.68
"		156",堡林,2020-05-24,1.1,7.7,7.71
"		156",堡林,2020-05-25,2.9,20.3,18.01
"		156",堡林,2020-05-26,6.6,46.2,17.6
"		156",堡林,2020-05-27,12.5,87.4,27.8
"		156",堡林,2020-05-28,11.3,79,27.12
"		156",堡林,2020-05-29,12.1,84.6,27.36
"		156",堡林,2020-05-30,2.8,19.6,18.11
"		156",堡林,2020-05-31,1.5,10.4,15.59
"		156",堡林,2020-06-01,9.1,63.2,27.27
"		156",堡林,2020-06-02,9.3,64.6,25.32
"		156",堡林,2020-06-03,3.6,25,15.54
"		156",堡林,2020-06-04,10.7,74.3,28.52
"		156",堡林,2020-06-05,8.6,59.7,25.15
"		156",堡林,2020-06-06,5.9,40.7,21.74
"		156",堡林,2020-06-07,9.4,64.8,25.89
"		156",堡林,2020-06-08,12.7,87.6,29.34
"		156",堡林,2020-06-09,11.7,80.7,28.6
"		156",堡林,2020-06-10,7.8,53.8,21.11
"		156",堡林,2020-06-11,3,20.7,13.2
"		156",堡林,2020-06-12,4.5,31,20.29
"		156",堡林,2020-06-13,0.3,2.1,8.47
"		156",堡林,2020-06-14,1.5,10.3,8.47
"		156",堡林,2020-06-15,11.9,82.1,29.3
"		156",堡林,2020-06-16,11.3,77.9,27.97
"		156",堡林,2020-06-17,3.2,22.1,16.04
"		156",堡林,2020-06-18,0,0,5.22
"		156",堡林,2020-06-19,7.7,53.1,24.82
"		156",堡林,2020-06-20,4.3,29.7,18.12
"		156",堡林,2020-06-21,9.1,62.8,23.21
"		156",堡林,2020-06-22,10.8,74.5,25.25
"		156",堡林,2020-06-23,9.4,64.8,25.84
"		156",堡林,2020-06-24,0,0,6.31
"		156",堡林,2020-06-25,0,0,5.86
"		156",堡林,2020-06-26,7.3,50.3,23.34
"		156",堡林,2020-06-27,5.6,38.6,20.33
"		156",堡林,2020-06-28,12.6,86.9,28.27
"		156",堡林,2020-06-29,0,0,5.43
"		156",堡林,2020-06-30,0.1,0.7,8
"		156",堡林,2020-07-01,7.4,51,23.35
"		156",堡林,2020-07-02,3,20.7,15.21
"		156",堡林,2020-07-03,0,0,5.88
"		156",堡林,2020-07-04,0,0,7.31
"		156",堡林,2020-07-05,2.2,15.3,15.89
"		156",堡林,2020-07-06,0.5,3.5,7.84
"		156",堡林,2020-07-07,8.4,58.3,23.24
"		156",堡林,2020-07-08,9.1,63.2,25.17
"		156",堡林,2020-07-09,5,34.7,17.78
"		156",堡林,2020-07-10,1.9,13.2,14.42
"		156",堡林,2020-07-11,2.6,18.1,16.16
"		156",堡林,2020-07-12,0,0,4.84
"		156",堡林,2020-07-13,0.8,5.6,8.1
"		156",堡林,2020-07-14,0,0,4.11
"		156",堡林,2020-07-15,0,0,5.79
"		156",堡林,2020-07-16,5.4,37.8,20.37
"		156",堡林,2020-07-17,4.8,33.6,20.8
"		156",堡林,2020-07-18,2.8,19.6,17.23
"		156",堡林,2020-07-19,1.1,7.7,12.8
"		156",堡林,2020-07-20,0.5,3.5,11.25
"		156",堡林,2020-07-21,4,28.2,19.51
"		156",堡林,2020-07-22,0,0,5.19
"		156",堡林,2020-07-23,0.1,0.7,4.67
"		156",堡林,2020-07-24,0,0,6.87
"		156",堡林,2020-07-25,0.4,2.8,8.49
"		156",堡林,2020-07-26,3.8,27,16.79
"		156",堡林,2020-07-27,0,0,9.47
"		156",堡林,2020-07-28,0.2,1.4,9.52
"		156",堡林,2020-07-29,0,0,5.24
"		156",堡林,2020-07-30,3.5,25,15.89
"		156",堡林,2020-07-31,2,14.4,15.27
"		156",堡林,2020-08-01,3.4,24.5,15.06
"		156",堡林,2020-08-02,3.3,23.7,16.25
"		156",堡林,2020-08-03,2.7,19.4,16.02
"		156",堡林,2020-08-04,7.2,52.2,22.2
"		156",堡林,2020-08-05,3.8,27.5,15.59
"		156",堡林,2020-08-06,0,0,3.23
"		156",堡林,2020-08-07,0,0,2.33
"		156",堡林,2020-08-08,0,0,3.86
"		156",堡林,2020-08-09,7.3,53.3,19.64
"		156",堡林,2020-08-10,0.8,5.8,5.02
"		156",堡林,2020-08-11,0.9,6.6,11.06
"		156",堡林,2020-08-12,2.4,17.6,12.79
"		156",堡林,2020-08-13,8,59.3,21.73
"		156",堡林,2020-08-14,7.5,55.6,20.31
"		156",堡林,2020-08-15,9.5,70.4,24
"		156",堡林,2020-08-16,9.8,72.6,24.17
"		156",堡林,2020-08-17,8.6,64.2,22.05
"		156",堡林,2020-08-18,10.7,79.9,25.62
"		156",堡林,2020-08-19,12.3,91.8,26.81
"		156",堡林,2020-08-20,10.3,77.4,25.35
"		156",堡林,2020-08-21,0,0,0.02
"		156",堡林,2020-08-22,1.9,14.3,13.05
"		156",堡林,2020-08-23,5.4,40.9,18.45
"		156",堡林,2020-08-24,10.6,80.3,23.14
"		156",堡林,2020-08-25,10.1,76.5,20.88
"		156",堡林,2020-08-26,2.1,16,5.6
"		156",堡林,2020-08-27,6.8,51.9,16.91
"		156",堡林,2020-08-28,8.6,65.6,21.46
"		156",堡林,2020-08-29,2.7,20.8,14.45
"		156",堡林,2020-08-30,9,69.2,21.05
"		156",堡林,2020-08-31,4.1,31.5,13.63
"		156",堡林,2020-09-01,5.9,45.7,15.61
"		156",堡林,2020-09-02,0.1,0.8,6.3
"		156",堡林,2020-09-03,7.8,60.5,20.66
"		156",堡林,2020-09-04,8.4,65.6,19.74
"		156",堡林,2020-09-05,0,0,6.73
"		156",堡林,2020-09-06,0,0,5.86
"		156",堡林,2020-09-07,0.5,3.9,6.26
"		156",堡林,2020-09-08,5.8,45.7,15.67
"		156",堡林,2020-09-09,4,31.7,12.78
"		156",堡林,2020-09-10,4.8,38.1,15.46
"		156",堡林,2020-09-11,0,0,3.5
"		156",堡林,2020-09-12,0.8,6.4,11.66
"		156",堡林,2020-09-13,0.9,7.2,7.89
"		156",堡林,2020-09-14,8.4,67.2,20.27
"		156",堡林,2020-09-15,7.6,61.3,18.17
"		156",堡林,2020-09-16,0.8,6.5,8.6
"		156",堡林,2020-09-17,0,0,6.91
"		156",堡林,2020-09-18,5.1,41.5,14.42
"		156",堡林,2020-09-19,9.7,78.9,19.37
"		156",堡林,2020-09-20,9.9,81.1,20.56
"		156",堡林,2020-09-21,10.5,86.1,20.45
"		156",堡林,2020-09-22,5.1,41.8,15.19
"		156",堡林,2020-09-23,0.4,3.3,10.78
"		156",堡林,2020-09-24,5.9,48.8,18.01
"		156",堡林,2020-09-25,8.3,69.2,18.95
"		156",堡林,2020-09-26,9.1,75.8,20.61
"		156",堡林,2020-09-27,10.7,89.2,22.15
"		156",堡林,2020-09-28,10.8,90.8,21.43
"		156",堡林,2020-09-29,8.9,74.8,18.94
"		156",堡林,2020-09-30,8.5,71.4,18.08
"		156",堡林,2020-10-01,6.3,53.4,16.15
"		156",堡林,2020-10-02,8.7,73.7,18.36
"		156",堡林,2020-10-03,5.7,48.3,15.95
"		156",堡林,2020-10-04,0,0,3.96
"		156",堡林,2020-10-05,9.3,79.5,19.39
"		156",堡林,2020-10-06,10,86.2,21.07
"		156",堡林,2020-10-07,9.4,81,19.33
"		156",堡林,2020-10-08,10.6,91.4,20.56
"		156",堡林,2020-10-09,10.4,90.4,19.23
"		156",堡林,2020-10-10,10.1,87.8,19.37
"		156",堡林,2020-10-11,7.1,61.7,15.56
"		156",堡林,2020-10-12,7.2,63.2,15.32
"		156",堡林,2020-10-13,4,35.1,12.78
"		156",堡林,2020-10-14,1,8.8,8.52
"		156",堡林,2020-10-15,8.5,75.2,18.51
"		156",堡林,2020-10-16,0.1,0.9,6.95
"		156",堡林,2020-10-17,9.8,86.7,17.68
"		156",堡林,2020-10-18,10.1,90.2,17.93
"		156",堡林,2020-10-19,8.4,75,15.85
"		156",堡林,2020-10-20,10,90.1,17.67
"		156",堡林,2020-10-21,0.1,0.9,4.73
"		156",堡林,2020-10-22,1.6,14.4,9.85
"		156",堡林,2020-10-23,8.5,76.6,17.52
"		156",堡林,2020-10-24,10.1,91.8,18.17
"		156",堡林,2020-10-25,8.9,80.9,16.12
"		156",堡林,2020-10-26,9,82.6,15.74
"		156",堡林,2020-10-27,8.3,76.1,15.12
"		156",堡林,2020-10-28,5.8,53.2,11.95
"		156",堡林,2020-10-29,9.8,90.7,16.58
"		156",堡林,2020-10-30,9.8,90.7,16.4
"		156",堡林,2020-10-31,9,83.3,15.67
"		156",堡林,2020-11-01,0,0,2.67
"		156",堡林,2020-11-02,5.9,55.1,12.92
"		156",堡林,2020-11-03,8,74.8,14.68
"		156",堡林,2020-11-04,9.6,90.6,16.27
"		156",堡林,2020-11-05,7,66,13.83
"		156",堡林,2020-11-06,0,0,3.12
"		156",堡林,2020-11-07,7.7,72.6,12.8
"		156",堡林,2020-11-08,9.3,88.6,14.57
"		156",堡林,2020-11-09,9.5,90.5,15.39
"		156",堡林,2020-11-10,9.5,90.5,15.18
"		156",堡林,2020-11-11,9.5,91.3,14.84
"		156",堡林,2020-11-12,9.5,91.3,14.35
"		156",堡林,2020-11-13,9,86.5,13.54
"		156",堡林,2020-11-14,8.3,79.8,13.02
"		156",堡林,2020-11-15,8.4,81.6,13.19
"		156",堡林,2020-11-16,8.5,82.5,13.56
"		156",堡林,2020-11-17,2.4,23.3,7.29
"		156",堡林,2020-11-18,1.7,16.5,7.4
"		156",堡林,2020-11-19,0,0,1.67
"		156",堡林,2020-11-20,0,0,2.71
"		156",堡林,2020-11-21,8,78.4,13.36
"		156",堡林,2020-11-22,0.1,1,3.37
"		156",堡林,2020-11-23,4.9,48.5,9.25
"		156",堡林,2020-11-24,6.3,62.4,11.88
"		156",堡林,2020-11-25,9,89.1,13.25
"		156",堡林,2020-11-26,6.3,62.4,11.1
"		156",堡林,2020-11-27,1.2,12,5.56
"		156",堡林,2020-11-28,7,70,11.39
"		156",堡林,2020-11-29,1.7,17,6.26
"		156",堡林,2020-11-30,8.4,84,12.49
"		156",堡林,2020-12-01,8.5,85,12.83
"		156",堡林,2020-12-02,5.9,59,10.7
"		156",堡林,2020-12-03,8.7,87.9,12.5
"		156",堡林,2020-12-04,9.2,92.9,11.47
"		156",堡林,2020-12-05,9.2,92.9,12.5
"		156",堡林,2020-12-06,9.2,92.9,12.32
"		156",堡林,2020-12-07,1.2,12.1,6.24
"		156",堡林,2020-12-08,5.8,58.6,9.68
"		156",堡林,2020-12-09,9.1,91.9,12.58
"		156",堡林,2020-12-10,2.2,22.2,6.07
"		156",堡林,2020-12-11,2.4,24.5,6.58
"		156",堡林,2020-12-12,8.5,86.7,11.91
"		156",堡林,2020-12-13,2.7,27.6,6.32
"		156",堡林,2020-12-14,8.5,86.7,12.03
"		156",堡林,2020-12-15,9.2,93.9,12.75
"		156",堡林,2020-12-16,8,81.6,11.13
"		156",堡林,2020-12-17,9,91.8,12.26
"		156",堡林,2020-12-18,5,51,8.25
"		156",堡林,2020-12-19,9,91.8,13.16
"		156",堡林,2020-12-20,5.9,60.2,9.17
"		156",堡林,2020-12-21,3.3,33.7,7.71
"		156",堡林,2020-12-22,3.9,39.8,7.19
"		156",堡林,2020-12-23,3.9,39.8,8.06
"		156",堡林,2020-12-24,7.6,77.6,10.89
"		156",堡林,2020-12-25,7,71.4,11.05
"		156",堡林,2020-12-26,8.3,84.7,11.33
"		156",堡林,2020-12-27,0,0,3.1
"		156",堡林,2020-12-28,6.1,62.2,10.51
"		156",堡林,2020-12-29,2.5,25.5,6.17
"		156",堡林,2020-12-30,1,10.2,1.94
"		156",堡林,2020-12-31,5.7,58.2,11.56
"		156",堡林,2021-01-01,4.3,43.9,9
"		156",堡林,2021-01-02,8.6,86.9,12.54
"		156",堡林,2021-01-03,6.1,61.6,10.37
"		156",堡林,2021-01-04,5.8,58.6,10.07
"		156",堡林,2021-01-05,3,30.3,7.74
"		156",堡林,2021-01-06,6.9,69.7,10.95
"		156",堡林,2021-01-07,0,0,5.16
"		156",堡林,2021-01-08,8,80.8,12.15
"		156",堡林,2021-01-09,8.9,89,13.02
"		156",堡林,2021-01-10,3.2,32,9.5
"		156",堡林,2021-01-11,0.1,1,5.82
"		156",堡林,2021-01-12,5.3,53,10.78
"		156",堡林,2021-01-13,8.1,81,11.74
"		156",堡林,2021-01-14,8.5,85,12.16
"		156",堡林,2021-01-15,2.2,21.8,7.46
"		156",堡林,2021-01-16,2.4,23.8,7.43
"		156",堡林,2021-01-17,9.1,90.1,13.86
"		156",堡林,2021-01-18,2.9,28.7,5.69
"		156",堡林,2021-01-19,9.4,93.1,14.39
"		156",堡林,2021-01-20,8.8,86.3,13.68
"		156",堡林,2021-01-21,2.5,24.5,5.47
"		156",堡林,2021-01-22,0,0,4.14
"		156",堡林,2021-01-23,0,0,3.29
"		156",堡林,2021-01-24,8.4,81.6,12.93
"		156",堡林,2021-01-25,9.2,89.3,13.75
"		156",堡林,2021-01-26,0.1,1,3.79
"		156",堡林,2021-01-27,7.9,76,14.25
"		156",堡林,2021-01-28,3.6,34.6,6.84
"		156",堡林,2021-01-29,9,86.5,15.34
"		156",堡林,2021-01-30,4.9,47.1,9.81
"		156",堡林,2021-01-31,7.1,67.6,11.52
"		156",堡林,2021-02-01,0,0,4.36
"		156",堡林,2021-02-02,9.6,91.4,16.45
"		156",堡林,2021-02-03,8.9,84,16.03
"		156",堡林,2021-02-04,9.9,93.4,16.67
"		156",堡林,2021-02-05,3.8,35.8,11.02
"		156",堡林,2021-02-06,1.1,10.4,6.55
"		156",堡林,2021-02-07,8.6,80.4,14.14
"		156",堡林,2021-02-08,9.8,91.6,17.29
"		156",堡林,2021-02-09,9.9,92.5,17.32
"		156",堡林,2021-02-10,9.2,85.2,15.93
"		156",堡林,2021-02-11,2.1,19.4,10.21
"		156",堡林,2021-02-12,8.8,81.5,15.04
"		156",堡林,2021-02-13,9.9,90.8,16.83
"		156",堡林,2021-02-14,1,9.2,7.98
"		156",堡林,2021-02-15,2.8,25.7,7.26
"		156",堡林,2021-02-16,7,63.6,13.96
"		156",堡林,2021-02-17,1.6,14.5,6.82
"		156",堡林,2021-02-18,6.1,55.5,9.52
"		156",堡林,2021-02-19,9.9,89.2,18.39
"		156",堡林,2021-02-20,9.6,86.5,16.01
"		156",堡林,2021-02-21,10.2,91.9,17.9
"		156",堡林,2021-02-22,9.9,88.4,16.61
"		156",堡林,2021-02-23,9.4,83.9,16.24
"		156",堡林,2021-02-24,0,0,5.49
"		156",堡林,2021-02-25,0,0,2.83
"		156",堡林,2021-02-26,7.3,64.6,15.45
"		156",堡林,2021-02-27,8.5,74.6,17.92
"		156",堡林,2021-02-28,0.4,3.5,6.06
"		156",堡林,2021-03-01,0,0,3.51
"		156",堡林,2021-03-02,6.9,60,15.61
"		156",堡林,2021-03-03,8.7,75.7,18.39
"		156",堡林,2021-03-04,0,0,5.31
"		156",堡林,2021-03-05,8.7,75,19.82
"		156",堡林,2021-03-06,6.5,56,14.83
"		156",堡林,2021-03-07,3,25.6,12.78
"		156",堡林,2021-03-08,8.8,75.2,19.79
"		156",堡林,2021-03-09,8.1,69.2,18.48
"		156",堡林,2021-03-10,10.4,88.1,20.71
"		156",堡林,2021-03-11,7.7,65.3,17.85
"		156",堡林,2021-03-12,0,0,6.05
"		156",堡林,2021-03-13,10.5,88.2,20.62
"		156",堡林,2021-03-14,9.9,83.2,20.73
"		156",堡林,2021-03-15,7.7,64.7,17.43
"		156",堡林,2021-03-16,10.3,85.8,21.36
"		156",堡林,2021-03-17,9.3,77.5,21.09
"		156",堡林,2021-03-18,10.7,88.4,21.93
"		156",堡林,2021-03-19,7.5,62,18.9
"		156",堡林,2021-03-20,0,0,3.75
"		156",堡林,2021-03-21,6.6,54.1,17.19
"		156",堡林,2021-03-22,10.9,89.3,23.98
"		156",堡林,2021-03-23,11,90.2,22.66
"		156",堡林,2021-03-24,5.7,46.3,15.14
"		156",堡林,2021-03-25,11.2,91.1,23.73
"		156",堡林,2021-03-26,10.9,87.9,21.84
"		156",堡林,2021-03-27,0,0,4.23
"		156",堡林,2021-03-28,5,40.3,13.85
"		156",堡林,2021-03-29,7,56,18.87
"		156",堡林,2021-03-30,8.5,68,22.3
"		156",堡林,2021-03-31,9,72,21.86
"		156",堡林,2021-04-01,2.2,17.5,15.06
"		156",堡林,2021-04-02,3.8,30.2,13.43
"		156",堡林,2021-04-03,0,0,3.49
"		156",堡林,2021-04-04,0,0,3.6
"		156",堡林,2021-04-05,11.6,91.3,26.75
"		156",堡林,2021-04-06,7.7,60.2,22.13
"		156",堡林,2021-04-07,11.6,90.6,26.05
"		156",堡林,2021-04-08,10.8,84.4,26.36
"		156",堡林,2021-04-09,11.7,90.7,24.85
"		156",堡林,2021-04-10,11.6,89.9,23.83
"		156",堡林,2021-04-11,11.1,86,26
"		156",堡林,2021-04-12,0,0,4.33
"		156",堡林,2021-04-13,6.8,52.3,17.96
"		156",堡林,2021-04-14,11.9,91.5,27.8
"		156",堡林,2021-04-15,11.2,85.5,24.84
"		156",堡林,2021-04-16,0.2,1.5,10.87
"		156",堡林,2021-04-17,9.7,73.5,25.17
"		156",堡林,2021-04-18,12,90.9,27.94
"		156",堡林,2021-04-19,12.3,93.2,28.14
"		156",堡林,2021-04-20,12,90.2,27
"		156",堡林,2021-04-21,6.3,47.4,19.37
"		156",堡林,2021-04-22,0.3,2.3,10.47
"		156",堡林,2021-04-23,6.1,45.9,21.81
"		156",堡林,2021-04-24,10.4,77.6,26.14
"		156",堡林,2021-04-25,8.3,61.9,22.24
"		156",堡林,2021-04-26,12.2,90.4,26.52
"		156",堡林,2021-04-27,1.7,12.6,15.23
"		156",堡林,2021-04-28,7.6,56.3,21.43
"		156",堡林,2021-04-29,9.9,73.3,26.41
"		156",堡林,2021-04-30,9.4,69.1,27.07
"		156",堡林,2021-05-01,2.8,20.6,11.22
"		156",堡林,2021-05-02,7,51.5,20.18
"		156",堡林,2021-05-03,10.5,76.6,28.3
"		156",堡林,2021-05-04,0,0,7.68
"		156",堡林,2021-05-05,12.2,89.1,29.19
"		156",堡林,2021-05-06,8.4,60.9,22.42
"		156",堡林,2021-05-07,6.8,49.3,14.29
"		156",堡林,2021-05-08,11,79.7,27
"		156",堡林,2021-05-09,12.3,88.5,29.04
"		156",堡林,2021-05-10,0.3,2.2,11.37
"		156",堡林,2021-05-11,0.5,3.6,13.85
"		156",堡林,2021-05-12,8.7,62.6,23.31
"		156",堡林,2021-05-13,11.7,83.6,27.09
"		156",堡林,2021-05-14,6,42.9,20.85
"		156",堡林,2021-05-15,0,0,6.27
"		156",堡林,2021-05-16,0.1,0.7,5.31
"		156",堡林,2021-05-17,0,0,6.29
"		156",堡林,2021-05-18,6.1,43.3,20.51
"		156",堡林,2021-05-19,8.4,59.6,26.71
"		156",堡林,2021-05-20,0,0,5.17
"		156",堡林,2021-05-21,6.4,45.1,19.07
"		156",堡林,2021-05-22,13,91.5,29.55
"		156",堡林,2021-05-23,9.5,66.9,25.99
"		156",堡林,2021-05-24,8.9,62.7,25.07
"		156",堡林,2021-05-25,8.7,60.8,24.88
"		156",堡林,2021-05-26,2.5,17.5,15.72
"		156",堡林,2021-05-27,5.4,37.8,14.99
"		156",堡林,2021-05-28,9.2,64.3,19.25
"		156",堡林,2021-05-29,12.8,89.5,29.2
"		156",堡林,2021-05-30,12.4,86.7,29.57
"		156",堡林,2021-05-31,11.2,77.8,28.51
"		156",堡林,2021-06-01,11.8,81.9,27.42
"		156",堡林,2021-06-02,7.5,52.1,21.53
"		156",堡林,2021-06-03,0,0,5.13
"		156",堡林,2021-06-04,11.1,77.1,29.77
"		156",堡林,2021-06-05,9,62.5,22.66
"		156",堡林,2021-06-06,10.6,73.6,25.15
"		156",堡林,2021-06-07,10.6,73.1,25.55
"		156",堡林,2021-06-08,11.7,80.7,28.42
"		156",堡林,2021-06-09,12.2,84.1,28.61
"		156",堡林,2021-06-10,2.2,15.2,11.99
"		156",堡林,2021-06-11,6.6,45.5,23.36
"		156",堡林,2021-06-12,8.1,55.9,21.84
"		156",堡林,2021-06-13,7.4,51,25.61
"		156",堡林,2021-06-14,4.5,31,20.03
"		156",堡林,2021-06-15,0,0,5.95
"		156",堡林,2021-06-16,8.5,58.6,24.6
"		156",堡林,2021-06-17,2.5,17.2,10.65
"		156",堡林,2021-06-18,,0,
"		156",堡林,2021-06-19,8.8,60.7,24.58
"		156",堡林,2021-06-20,10.4,71.7,27.47
"		156",堡林,2021-06-21,12.7,87.6,30.89
"		156",堡林,2021-06-22,9.5,65.5,25.03
"		156",堡林,2021-06-23,4.1,28.3,15.77
"		156",堡林,2021-06-24,3.9,26.9,16.34
"		156",堡林,2021-06-25,4.7,32.4,18.37
"		156",堡林,2021-06-26,3.6,24.8,17.02
"		156",堡林,2021-06-27,7.4,51,19.62
"		156",堡林,2021-06-28,5,34.5,15.34
"		156",堡林,2021-06-29,3.8,26.2,18.5
"		156",堡林,2021-06-30,2.4,16.6,16.01
"		156",堡林,2021-07-01,8.6,59.3,23.86
"		156",堡林,2021-07-02,4,27.6,17.21
"		156",堡林,2021-07-03,0.3,2.1,5.56
"		156",堡林,2021-07-04,0.1,0.7,8.93
"		156",堡林,2021-07-05,0,0,5.21
"		156",堡林,2021-07-06,0,0,3.27
"		156",堡林,2021-07-07,0.1,0.7,7
"		156",堡林,2021-07-08,0.8,5.6,11.66
"		156",堡林,2021-07-09,4.7,32.6,17.77
"		156",堡林,2021-07-10,4.9,34,19.24
"		156",堡林,2021-07-11,4,27.8,17.66
"		156",堡林,2021-07-12,6.3,43.8,21.16
"		156",堡林,2021-07-13,8.1,56.6,22.3
"		156",堡林,2021-07-14,2.2,15.4,16.15
"		156",堡林,2021-07-15,9.6,67.1,26.02
"		156",堡林,2021-07-16,6.8,47.6,18
"		156",堡林,2021-07-17,9.5,66.4,23.31
"		156",堡林,2021-07-18,6.4,44.8,22.12
"		156",堡林,2021-07-19,7.9,55.6,20.79
"		156",堡林,2021-07-20,3.2,22.5,17.52
"		156",堡林,2021-07-21,10.9,76.8,26.22
"		156",堡林,2021-07-22,10.6,74.6,23.56
"		156",堡林,2021-07-23,7.9,56,22.38
"		156",堡林,2021-07-24,9.1,64.5,22.86
"		156",堡林,2021-07-25,8,56.7,22.94
"		156",堡林,2021-07-26,8.3,58.9,20.25
"		156",堡林,2021-07-27,9.7,69.3,19.96
"		156",堡林,2021-07-28,7.3,52.1,19.15
"		156",堡林,2021-07-29,7.7,55,20.75
"		156",堡林,2021-07-30,6.9,49.3,20.07
"		156",堡林,2021-07-31,8.4,60.4,23.36
"		156",堡林,2021-08-01,3.3,23.7,16.19
"		156",堡林,2021-08-02,2.4,17.3,12.71
"		156",堡林,2021-08-03,5.6,40.3,17.07
"		156",堡林,2021-08-04,9.1,65.9,23.1
"		156",堡林,2021-08-05,5.9,42.8,18.02
"		156",堡林,2021-08-06,9.5,68.8,24.15
"		156",堡林,2021-08-07,10.4,75.9,25.37
"		156",堡林,2021-08-08,1.7,12.4,10.24
"		156",堡林,2021-08-09,10.1,73.7,25.99
"		156",堡林,2021-08-10,7.1,51.8,20.12
"		156",堡林,2021-08-11,6.1,44.9,17.82
"		156",堡林,2021-08-12,3.9,28.7,14.3
"		156",堡林,2021-08-13,0.3,2.2,11.44
"		156",堡林,2021-08-14,3.4,25.2,15.5
"		156",堡林,2021-08-15,5.6,41.5,16.53
"		156",堡林,2021-08-16,,,
"		156",堡林,2021-08-17,9.5,70.9,24.47
"		156",堡林,2021-08-18,4.5,33.6,13.72
"		156",堡林,2021-08-19,5.4,40.3,15.44
"		156",堡林,2021-08-20,9.3,69.9,21.48
"		156",堡林,2021-08-21,0,0,3.8
"		156",堡林,2021-08-22,6.2,46.6,18.26
"		156",堡林,2021-08-23,0,0,0
"		156",堡林,2021-08-24,0,0,0
"		156",堡林,2021-08-25,0.4,3,8.42
"		156",堡林,2021-08-26,6.4,48.9,21.14
"		156",堡林,2021-08-27,0.4,3.1,7.63
"		156",堡林,2021-08-28,5.9,45,19.74
"		156",堡林,2021-08-29,0.7,5.4,9.2
"		156",堡林,2021-08-30,3.4,26.2,16.25
"		156",堡林,2021-08-31,5.2,40,18.43
"		156",堡林,2021-09-01,0.4,3.1,5.5
"		156",堡林,2021-09-02,0,0,5.69
"		156",堡林,2021-09-03,2.9,22.5,14.17
"		156",堡林,2021-09-04,3.8,29.7,13.17
"		156",堡林,2021-09-05,0,0,5.99
"		156",堡林,2021-09-06,0,0,6.07
"		156",堡林,2021-09-07,0.4,3.1,6.73
"		156",堡林,2021-09-08,7,55.1,19.76
"		156",堡林,2021-09-09,4.3,34.1,16.68
"		156",堡林,2021-09-10,0.3,2.4,7.33
"		156",堡林,2021-09-11,8.2,65.1,20.67
"		156",堡林,2021-09-12,8,64,18.2
"		156",堡林,2021-09-13,4,32,15.62
"		156",堡林,2021-09-14,0.5,4,7.06
"		156",堡林,2021-09-15,10.3,83.1,22.98
"		156",堡林,2021-09-16,3.3,26.6,9.8
"		156",堡林,2021-09-17,4.3,35,15.23
"		156",堡林,2021-09-18,5,40.7,13.75
"		156",堡林,2021-09-19,7.8,63.4,17.94
"		156",堡林,2021-09-20,10.6,86.9,21.96
"		156",堡林,2021-09-21,3.8,31.1,11.06
"		156",堡林,2021-09-22,8.8,72.1,18.2
"		156",堡林,2021-09-23,10.1,83.5,21.43
"		156",堡林,2021-09-24,8.7,71.9,19.35
"		156",堡林,2021-09-25,5.2,43,15.58
"		156",堡林,2021-09-26,2.2,18.3,13.07
"		156",堡林,2021-09-27,3.4,28.3,12.17
"		156",堡林,2021-09-28,1.5,12.6,10.69
"		156",堡林,2021-09-29,0,0,3.32
"		156",堡林,2021-09-30,,0,
"		156",堡林,2021-10-01,5.8,49.2,11.15
"		156",堡林,2021-10-02,8.1,68.6,13.76
"		156",堡林,2021-10-03,10.5,89,20.29
"		156",堡林,2021-10-04,8,68.4,17.12
"		156",堡林,2021-10-05,9.5,81.2,18.9
"		156",堡林,2021-10-06,10.5,89.7,20.81
"		156",堡林,2021-10-07,4.5,38.8,10.76
"		156",堡林,2021-10-08,1.6,13.8,10.27
"		156",堡林,2021-10-09,8.1,69.8,16.77
"		156",堡林,2021-10-10,4.9,42.6,12.74
"		156",堡林,2021-10-11,0,0,4.91
"		156",堡林,2021-10-12,0,0,3.81
"		156",堡林,2021-10-13,0.9,7.9,10.16
"		156",堡林,2021-10-14,7.9,69.3,14.09
"		156",堡林,2021-10-15,2.1,18.6,10.14
"		156",堡林,2021-10-16,0,0,6.75
"		156",堡林,2021-10-17,10.2,90.3,20.19
"		156",堡林,2021-10-18,9.9,88.4,19.2
"		156",堡林,2021-10-19,5,44.6,11.65
"		156",堡林,2021-10-20,5.7,51.4,13.02
"		156",堡林,2021-10-21,9.4,84.7,17.83
"		156",堡林,2021-10-22,10.1,91,17.73
"		156",堡林,2021-10-23,10.1,91,18.25
"		156",堡林,2021-10-24,9.5,86.4,15.96
"		156",堡林,2021-10-25,9.8,89.1,17.03
"		156",堡林,2021-10-26,9.6,87.3,16.37
"		156",堡林,2021-10-27,9.9,90.8,15.61
"		156",堡林,2021-10-28,9.9,90.8,17.39
"		156",堡林,2021-10-29,8.5,78.7,14.71
"		156",堡林,2021-10-30,1.8,16.7,6.63
"		156",堡林,2021-10-31,9.7,89.8,15.7
"		156",堡林,2021-11-01,8.3,76.9,13.22
"		156",堡林,2021-11-02,6.1,57,12.29
"		156",堡林,2021-11-03,8,74.8,14.77
"		156",堡林,2021-11-04,9.4,87.9,14.78
"		156",堡林,2021-11-05,4.9,46.2,10.83
"		156",堡林,2021-11-06,8.8,83,14.78
"		156",堡林,2021-11-07,8,75.5,14.6
"		156",堡林,2021-11-08,1,9.5,4.73
"		156",堡林,2021-11-09,0.8,7.6,5.36
"		156",堡林,2021-11-10,1.3,12.4,4.73
"		156",堡林,2021-11-11,1.5,14.4,5.4
"		156",堡林,2021-11-12,4.7,45.2,9.13
"		156",堡林,2021-11-13,5.5,52.9,11.1
"		156",堡林,2021-11-14,6.7,64.4,10.63
"		156",堡林,2021-11-15,8.6,83.5,12.34
"		156",堡林,2021-11-16,8.9,86.4,12.26
"		156",堡林,2021-11-17,8.8,85.4,13.58
"		156",堡林,2021-11-18,9,87.4,12.86
"		156",堡林,2021-11-19,8.3,81.4,12.1
"		156",堡林,2021-11-20,5.5,53.9,10.44
"		156",堡林,2021-11-21,0.4,3.9,5.23
"		156",堡林,2021-11-22,1.9,18.6,6.92
"		156",堡林,2021-11-23,0.6,5.9,4.52
"		156",堡林,2021-11-24,5.6,55.4,9.21
"		156",堡林,2021-11-25,7.4,73.3,10.51
"		156",堡林,2021-11-26,9.1,90.1,13.54
"		156",堡林,2021-11-27,9.4,94,13.67
"		156",堡林,2021-11-28,9.2,92,13.06
"		156",堡林,2021-11-29,8.8,88,12.51
"		156",堡林,2021-11-30,0,0,1.73
"		156",堡林,2021-12-01,0.6,6,4.57
"		156",堡林,2021-12-02,6,60,10.64
"		156",堡林,2021-12-03,2.6,26.3,6.6
"		",,,,,
"	",,,,,
