,예보시각,예보
0,2016-01-01,구름조금
1,2016-01-02,구름많고 눈/비
2,2016-01-03,구름많음
3,2016-01-04,구름많음
4,2016-01-05,구름많음
5,2016-01-06,구름많고 비
6,2016-01-07,구름많음
7,2016-01-08,구름많고 눈
8,2016-01-09,구름많음
9,2016-01-10,구름많음
10,2016-01-11,구름많음
11,2016-01-12,구름많고 눈/비
12,2016-01-13,구름많음
13,2016-01-14,구름많음
14,2016-01-15,구름많음
15,2016-01-16,구름많음
16,2016-01-17,구름많음
17,2016-01-18,구름많고 눈
18,2016-01-19,구름많고 눈
19,2016-01-20,구름조금
20,2016-01-21,구름조금
21,2016-01-22,구름많음
22,2016-01-23,구름많고 눈
23,2016-01-24,구름많고 눈
24,2016-01-25,구름많고 눈
25,2016-01-26,구름많음
26,2016-01-27,구름많음
27,2016-01-28,흐리고 비/눈
28,2016-01-29,흐리고 비
29,2016-01-30,구름많음
30,2016-01-31,구름많음
31,2016-02-01,구름많음
32,2016-02-02,구름많음
33,2016-02-03,구름조금
34,2016-02-04,구름조금
35,2016-02-05,구름많음
36,2016-02-06,구름많음
37,2016-02-07,구름많음
38,2016-02-08,구름많음
39,2016-02-09,구름많음
40,2016-02-10,구름조금
41,2016-02-11,구름많고 비
42,2016-02-12,흐리고 비
43,2016-02-13,흐리고 비
44,2016-02-14,구름많음
45,2016-02-15,구름많음
46,2016-02-16,구름많음
47,2016-02-17,구름많음
48,2016-02-18,구름많음
49,2016-02-19,구름많음
50,2016-02-20,구름많음
51,2016-02-21,구름많음
52,2016-02-22,구름많음
53,2016-02-23,흐리고 비/눈
54,2016-02-24,구름많음
55,2016-02-25,구름많음
56,2016-02-26,구름많고 눈
57,2016-02-27,구름많음
58,2016-02-28,구름많고 눈/비
59,2016-02-29,구름많음
60,2016-03-01,구름많음
61,2016-03-02,구름많음
62,2016-03-03,구름많음
63,2016-03-04,구름많고 비
64,2016-03-05,흐리고 비
65,2016-03-06,구름많음
66,2016-03-07,구름많음
67,2016-03-08,구름많음
68,2016-03-09,구름많고 비
69,2016-03-10,구름많음
70,2016-03-11,구름많음
71,2016-03-12,구름조금
72,2016-03-13,구름많음
73,2016-03-14,구름많음
74,2016-03-15,구름많음
75,2016-03-16,구름많음
76,2016-03-17,흐리고 비
77,2016-03-18,흐리고 비
78,2016-03-19,구름많음
79,2016-03-20,구름많음
80,2016-03-21,구름많음
81,2016-03-22,구름많음
82,2016-03-23,구름많음
83,2016-03-24,구름조금
84,2016-03-25,구름조금
85,2016-03-26,구름많음
86,2016-03-27,구름많음
87,2016-03-28,구름조금
88,2016-03-29,구름많음
89,2016-03-30,구름많음
90,2016-03-31,흐리고 비
91,2016-04-01,구름많음
92,2016-04-02,구름많음
93,2016-04-03,구름많음
94,2016-04-04,구름많음
95,2016-04-05,구름많음
96,2016-04-06,구름많음
97,2016-04-07,흐리고 비
98,2016-04-08,구름조금
99,2016-04-09,구름많음
100,2016-04-10,구름많음
101,2016-04-11,구름많음
102,2016-04-12,구름많음
103,2016-04-13,흐리고 비
104,2016-04-14,구름많음
105,2016-04-15,구름많음
106,2016-04-16,흐리고 비
107,2016-04-17,흐리고 비
108,2016-04-18,구름많음
109,2016-04-19,구름많음
110,2016-04-20,구름많음
111,2016-04-21,흐리고 비
112,2016-04-22,구름많음
113,2016-04-23,구름많음
114,2016-04-24,구름조금
115,2016-04-25,구름조금
116,2016-04-26,구름많음
117,2016-04-27,구름많고 비
118,2016-04-28,구름많음
119,2016-04-29,구름많음
120,2016-04-30,구름많음
121,2016-05-01,구름많음
122,2016-05-02,흐리고 비
123,2016-05-03,흐리고 비
124,2016-05-04,구름많음
125,2016-05-05,구름많음
126,2016-05-06,흐리고 비
127,2016-05-07,구름많음
128,2016-05-08,구름많음
129,2016-05-09,흐리고 비
130,2016-05-10,흐리고 비
131,2016-05-11,구름많음
132,2016-05-12,구름많음
133,2016-05-13,구름많음
134,2016-05-14,구름많음
135,2016-05-15,흐리고 비
136,2016-05-16,흐리고 비
137,2016-05-17,구름많음
138,2016-05-18,구름조금
139,2016-05-19,구름많음
140,2016-05-20,구름많음
141,2016-05-21,구름많음
142,2016-05-22,구름많음
143,2016-05-23,구름많음
144,2016-05-24,흐리고 비
145,2016-05-25,구름많음
146,2016-05-26,구름많음
147,2016-05-27,구름많음
148,2016-05-28,구름많음
149,2016-05-29,구름많음
150,2016-05-30,구름조금
151,2016-05-31,구름많음
152,2016-06-01,구름많음
153,2016-06-02,구름조금
154,2016-06-03,구름많음
155,2016-06-04,구름많음
156,2016-06-05,구름많음
157,2016-06-06,구름많음
158,2016-06-07,구름많음
159,2016-06-08,흐리고 비
160,2016-06-09,구름많음
161,2016-06-10,구름많음
162,2016-06-11,구름많음
163,2016-06-12,흐리고 비
164,2016-06-13,흐림
165,2016-06-14,구름많음
166,2016-06-15,구름많고 비
167,2016-06-16,흐리고 비
168,2016-06-17,구름많음
169,2016-06-18,구름많음
170,2016-06-19,구름많음
171,2016-06-20,구름많음
172,2016-06-21,흐리고 비
173,2016-06-22,흐리고 비
174,2016-06-23,흐리고 비
175,2016-06-24,흐리고 비
176,2016-06-25,흐리고 비
177,2016-06-26,구름많음
178,2016-06-27,구름많음
179,2016-06-28,구름많음
180,2016-06-29,구름많음
181,2016-06-30,구름많음
182,2016-07-01,구름많음
183,2016-07-02,흐리고 비
184,2016-07-03,흐리고 비
185,2016-07-04,흐리고 비
186,2016-07-05,흐리고 비
187,2016-07-06,흐리고 비
188,2016-07-07,흐리고 비
189,2016-07-08,구름많음
190,2016-07-09,구름많음
191,2016-07-10,구름많음
192,2016-07-11,구름많음
193,2016-07-12,흐리고 비
194,2016-07-13,흐리고 비
195,2016-07-14,구름많음
196,2016-07-15,흐리고 비
197,2016-07-16,흐리고 비
198,2016-07-17,구름많음
199,2016-07-18,구름많음
200,2016-07-19,구름많음
201,2016-07-20,흐리고 비
202,2016-07-21,흐리고 비
203,2016-07-22,흐리고 비
204,2016-07-23,흐리고 비
205,2016-07-24,흐리고 비
206,2016-07-25,구름많음
207,2016-07-26,구름많음
208,2016-07-27,흐리고 비
209,2016-07-28,구름많고 비
210,2016-07-29,구름많고 비
211,2016-07-30,구름많음
212,2016-07-31,구름많음
213,2016-08-01,구름많음
214,2016-08-02,구름많음
215,2016-08-03,구름많음
216,2016-08-04,구름많음
217,2016-08-05,구름많음
218,2016-08-06,구름많음
219,2016-08-07,구름많음
220,2016-08-08,구름많음
221,2016-08-09,구름많음
222,2016-08-10,구름많음
223,2016-08-11,구름많음
224,2016-08-12,구름많음
225,2016-08-13,구름많음
226,2016-08-14,구름많음
227,2016-08-15,구름많음
228,2016-08-16,구름많음
229,2016-08-17,구름많음
230,2016-08-18,구름많음
231,2016-08-19,구름많음
232,2016-08-20,구름많음
233,2016-08-21,흐림
234,2016-08-22,구름많음
235,2016-08-23,구름많음
236,2016-08-24,구름많음
237,2016-08-25,구름많음
238,2016-08-26,구름많고 비
239,2016-08-27,구름많음
240,2016-08-28,구름많음
241,2016-08-29,구름많음
242,2016-08-30,구름많음
243,2016-08-31,흐리고 비
244,2016-09-01,흐림
245,2016-09-02,흐리고 비
246,2016-09-03,흐림
247,2016-09-04,구름많음
248,2016-09-05,구름많음
249,2016-09-06,구름많음
250,2016-09-07,구름많음
251,2016-09-08,구름많음
252,2016-09-09,구름많음
253,2016-09-10,구름많음
254,2016-09-11,구름조금
255,2016-09-12,구름조금
256,2016-09-13,구름많음
257,2016-09-14,구름많음
258,2016-09-15,구름많음
259,2016-09-16,구름많음
260,2016-09-17,흐림
261,2016-09-18,흐리고 비
262,2016-09-19,구름많음
263,2016-09-20,구름많음
264,2016-09-21,구름많음
265,2016-09-22,구름많음
266,2016-09-23,구름많음
267,2016-09-24,구름많음
268,2016-09-25,구름많음
269,2016-09-26,구름많음
270,2016-09-27,흐리고 비
271,2016-09-28,흐리고 비
272,2016-09-29,구름많음
273,2016-09-30,흐림
274,2016-10-01,흐리고 비
275,2016-10-02,흐리고 비
276,2016-10-03,흐리고 비
277,2016-10-04,구름많음
278,2016-10-05,구름많음
279,2016-10-06,구름조금
280,2016-10-07,구름많음
281,2016-10-08,흐리고 비
282,2016-10-09,구름많음
283,2016-10-10,구름많음
284,2016-10-11,구름많음
285,2016-10-12,구름많음
286,2016-10-13,구름많음
287,2016-10-14,구름조금
288,2016-10-15,구름많음
289,2016-10-16,흐리고 비
290,2016-10-17,흐림
291,2016-10-18,구름조금
292,2016-10-19,구름조금
293,2016-10-20,구름조금
294,2016-10-21,구름많음
295,2016-10-22,구름많음
296,2016-10-23,구름많음
297,2016-10-24,구름조금
298,2016-10-25,흐리고 비
299,2016-10-26,흐리고 비
300,2016-10-27,구름많음
301,2016-10-28,흐리고 비
302,2016-10-29,구름많음
303,2016-10-30,구름조금
304,2016-10-31,구름많음
305,2016-11-01,구름많음
306,2016-11-02,구름많음
307,2016-11-03,구름많음
308,2016-11-04,구름많음
309,2016-11-05,구름많음
310,2016-11-06,구름많음
311,2016-11-07,흐리고 비
312,2016-11-08,흐리고 비
313,2016-11-09,구름조금
314,2016-11-10,구름많음
315,2016-11-11,흐리고 비
316,2016-11-12,구름많음
317,2016-11-13,구름많음
318,2016-11-14,구름많음
319,2016-11-15,구름많음
320,2016-11-16,구름많음
321,2016-11-17,구름많음
322,2016-11-18,흐리고 비
323,2016-11-19,흐리고 비
324,2016-11-20,구름많음
325,2016-11-21,구름많음
326,2016-11-22,구름많음
327,2016-11-23,구름많음
328,2016-11-24,구름많음
329,2016-11-25,구름조금
330,2016-11-26,흐리고 비
331,2016-11-27,구름많음
332,2016-11-28,구름조금
333,2016-11-29,구름조금
334,2016-11-30,흐리고 비
335,2016-12-01,구름많음
336,2016-12-02,구름많음
337,2016-12-03,구름조금
338,2016-12-04,흐리고 비
339,2016-12-05,흐리고 비
340,2016-12-06,구름조금
341,2016-12-07,흐리고 비
342,2016-12-08,구름많음
343,2016-12-09,흐리고 비/눈
344,2016-12-10,구름조금
345,2016-12-11,구름조금
346,2016-12-12,흐리고 비/눈
347,2016-12-13,구름많음
348,2016-12-14,구름조금
349,2016-12-15,구름많음
350,2016-12-16,구름많음
351,2016-12-17,구름많음
352,2016-12-18,구름많음
353,2016-12-19,흐리고 비
354,2016-12-20,구름많음
355,2016-12-21,흐리고 비
356,2016-12-22,흐리고 비
357,2016-12-23,구름많고 눈/비
358,2016-12-24,구름조금
359,2016-12-25,구름많음
360,2016-12-26,흐리고 비/눈
361,2016-12-27,흐리고 비/눈
362,2016-12-28,구름조금
363,2016-12-29,구름많음
364,2016-12-30,구름조금
365,2016-12-31,구름많음
366,2017-01-01,구름많음
367,2017-01-02,구름많음
368,2017-01-03,구름조금
369,2017-01-04,구름조금
370,2017-01-05,구름조금
371,2017-01-06,구름많음
372,2017-01-07,구름많음
373,2017-01-08,흐리고 비
374,2017-01-09,구름많음
375,2017-01-10,구름조금
376,2017-01-11,구름조금
377,2017-01-12,구름많음
378,2017-01-13,구름많고 눈
379,2017-01-14,구름많음
380,2017-01-15,구름많음
381,2017-01-16,구름조금
382,2017-01-17,구름많음
383,2017-01-18,구름조금
384,2017-01-19,구름많고 눈
385,2017-01-20,구름많고 눈
386,2017-01-21,구름많고 눈
387,2017-01-22,구름많고 눈
388,2017-01-23,구름많음
389,2017-01-24,구름많음
390,2017-01-25,구름많음
391,2017-01-26,구름많음
392,2017-01-27,구름많고 눈/비
393,2017-01-28,구름많음
394,2017-01-29,흐리고 비/눈
395,2017-01-30,구름많고 눈/비
396,2017-01-31,구름많음
397,2017-02-01,구름많음
398,2017-02-02,구름많음
399,2017-02-03,구름많음
400,2017-02-04,흐리고 비/눈
401,2017-02-05,흐리고 비/눈
402,2017-02-06,구름많음
403,2017-02-07,구름조금
404,2017-02-08,구름많음
405,2017-02-09,구름많음
406,2017-02-10,구름많고 눈
407,2017-02-11,구름많고 눈
408,2017-02-12,구름조금
409,2017-02-13,구름조금
410,2017-02-14,구름조금
411,2017-02-15,구름조금
412,2017-02-16,흐리고 비
413,2017-02-17,흐리고 비
414,2017-02-18,구름많음
415,2017-02-19,흐리고 비
416,2017-02-20,흐리고 비/눈
417,2017-02-21,구름조금
418,2017-02-22,흐리고 비/눈
419,2017-02-23,구름많고 눈/비
420,2017-02-24,구름많음
421,2017-02-25,구름많음
422,2017-02-26,구름조금
423,2017-02-27,구름조금
424,2017-02-28,구름많음
425,2017-03-01,흐리고 비/눈
426,2017-03-02,흐리고 비/눈
427,2017-03-03,구름조금
428,2017-03-04,구름조금
429,2017-03-05,구름많음
430,2017-03-06,구름많음
431,2017-03-07,구름많고 눈/비
432,2017-03-08,구름많음
433,2017-03-09,구름조금
434,2017-03-10,구름조금
435,2017-03-11,구름조금
436,2017-03-12,구름많음
437,2017-03-13,구름조금
438,2017-03-14,구름조금
439,2017-03-15,구름조금
440,2017-03-16,구름조금
441,2017-03-17,구름조금
442,2017-03-18,구름많음
443,2017-03-19,구름많음
444,2017-03-20,구름많음
445,2017-03-21,구름많음
446,2017-03-22,구름많음
447,2017-03-23,구름많음
448,2017-03-24,구름많음
449,2017-03-25,흐리고 비
450,2017-03-26,구름많음
451,2017-03-27,흐리고 비
452,2017-03-28,구름많음
453,2017-03-29,흐리고 비
454,2017-03-30,구름많음
455,2017-03-31,구름많음
456,2017-04-01,흐리고 비
457,2017-04-02,구름조금
458,2017-04-03,구름많음
459,2017-04-04,구름많음
460,2017-04-05,구름많고 비
461,2017-04-06,흐리고 비
462,2017-04-07,흐리고 비
463,2017-04-08,구름많음
464,2017-04-09,구름많음
465,2017-04-10,구름조금
466,2017-04-11,구름많음
467,2017-04-12,구름많음
468,2017-04-13,구름많고 비
469,2017-04-14,구름많고 비
470,2017-04-15,구름많고 비
471,2017-04-16,구름많음
472,2017-04-17,흐리고 비
473,2017-04-18,흐리고 비
474,2017-04-19,구름많음
475,2017-04-20,구름많고 비
476,2017-04-21,구름많음
477,2017-04-22,구름많음
478,2017-04-23,구름많음
479,2017-04-24,구름많음
480,2017-04-25,구름많고 비
481,2017-04-26,흐리고 비
482,2017-04-27,구름조금
483,2017-04-28,구름많고 비
484,2017-04-29,구름조금
485,2017-04-30,구름많음
486,2017-05-01,구름많음
487,2017-05-02,구름많음
488,2017-05-03,구름많음
489,2017-05-04,구름많고 비
490,2017-05-05,흐리고 비
491,2017-05-06,구름많음
492,2017-05-07,구름많음
493,2017-05-08,구름많음
494,2017-05-09,흐리고 비
495,2017-05-10,구름많음
496,2017-05-11,흐리고 비
497,2017-05-12,구름많음
498,2017-05-13,구름많음
499,2017-05-14,구름많고 비
500,2017-05-15,구름많음
501,2017-05-16,구름많음
502,2017-05-17,구름많음
503,2017-05-18,구름조금
504,2017-05-19,맑음
505,2017-05-20,구름많음
506,2017-05-21,구름많고 비
507,2017-05-22,구름많음
508,2017-05-23,흐리고 비
509,2017-05-24,흐리고 비
510,2017-05-25,구름많음
511,2017-05-26,구름많음
512,2017-05-27,구름조금
513,2017-05-28,구름조금
514,2017-05-29,구름조금
515,2017-05-30,구름조금
516,2017-05-31,구름많고 비
517,2017-06-01,구름많음
518,2017-06-02,흐리고 비
519,2017-06-03,구름많음
520,2017-06-04,구름많음
521,2017-06-05,구름많음
522,2017-06-06,흐리고 비
523,2017-06-07,흐리고 비
524,2017-06-08,구름많음
525,2017-06-09,구름많음
526,2017-06-10,흐리고 비
527,2017-06-11,구름많고 비
528,2017-06-12,구름많음
529,2017-06-13,구름많음
530,2017-06-14,구름많음
531,2017-06-15,구름조금
532,2017-06-16,구름조금
533,2017-06-17,구름조금
534,2017-06-18,구름많음
535,2017-06-19,구름많음
536,2017-06-20,구름조금
537,2017-06-21,구름많음
538,2017-06-22,구름조금
539,2017-06-23,구름많음
540,2017-06-24,구름많고 비
541,2017-06-25,흐리고 비
542,2017-06-26,구름많음
543,2017-06-27,구름많음
544,2017-06-28,구름많음
545,2017-06-29,구름많음
546,2017-06-30,구름많음
547,2017-07-01,구름많음
548,2017-07-02,흐리고 비
549,2017-07-03,흐리고 비
550,2017-07-04,흐리고 비
551,2017-07-05,흐리고 비
552,2017-07-06,구름많음
553,2017-07-07,흐리고 비
554,2017-07-08,흐리고 비
555,2017-07-09,흐리고 비
556,2017-07-10,흐리고 비
557,2017-07-11,흐리고 비
558,2017-07-12,흐리고 비
559,2017-07-13,구름많음
560,2017-07-14,구름많고 비
561,2017-07-15,구름많고 비
562,2017-07-16,구름많고 비
563,2017-07-17,구름많음
564,2017-07-18,구름많음
565,2017-07-19,구름많고 비
566,2017-07-20,구름많고 비
567,2017-07-21,구름많고 비
568,2017-07-22,구름많음
569,2017-07-23,흐리고 비
570,2017-07-24,흐리고 비
571,2017-07-25,구름많고 비
572,2017-07-26,구름많음
573,2017-07-27,구름많음
574,2017-07-28,구름많고 비
575,2017-07-29,흐리고 비
576,2017-07-30,흐리고 비
577,2017-07-31,흐리고 비
578,2017-08-01,구름많고 비
579,2017-08-02,구름많음
580,2017-08-03,구름조금
581,2017-08-04,구름많음
582,2017-08-05,구름많음
583,2017-08-06,구름많고 비
584,2017-08-07,흐리고 비
585,2017-08-08,구름많음
586,2017-08-09,구름많음
587,2017-08-10,구름많음
588,2017-08-11,구름많음
589,2017-08-12,구름많음
590,2017-08-13,구름많음
591,2017-08-14,흐리고 비
592,2017-08-15,흐리고 비
593,2017-08-16,구름많음
594,2017-08-17,흐리고 비
595,2017-08-18,흐리고 비
596,2017-08-19,구름많고 비
597,2017-08-20,구름많고 비
598,2017-08-21,흐리고 비
599,2017-08-22,구름많고 비
600,2017-08-23,구름많고 비
601,2017-08-24,흐리고 비
602,2017-08-25,구름많고 비
603,2017-08-26,구름많음
604,2017-08-27,구름많음
605,2017-08-28,구름많고 비
606,2017-08-29,구름많고 비
607,2017-08-30,구름많음
608,2017-08-31,구름많음
609,2017-09-01,구름조금
610,2017-09-02,구름조금
611,2017-09-03,구름조금
612,2017-09-04,구름조금
613,2017-09-05,흐리고 비
614,2017-09-06,흐리고 비
615,2017-09-07,구름많음
616,2017-09-08,구름조금
617,2017-09-09,구름많음
618,2017-09-10,흐림
619,2017-09-11,흐리고 비
620,2017-09-12,구름많음
621,2017-09-13,구름조금
622,2017-09-14,구름조금
623,2017-09-15,구름많음
624,2017-09-16,구름많음
625,2017-09-17,구름많음
626,2017-09-18,구름많음
627,2017-09-19,구름많고 비
628,2017-09-20,구름많음
629,2017-09-21,구름많음
630,2017-09-22,구름많음
631,2017-09-23,구름조금
632,2017-09-24,구름많음
633,2017-09-25,구름많음
634,2017-09-26,흐리고 비
635,2017-09-27,구름많고 비
636,2017-09-28,구름조금
637,2017-09-29,구름많음
638,2017-09-30,구름많음
639,2017-10-01,구름많고 비
640,2017-10-02,흐리고 비
641,2017-10-03,구름많고 비
642,2017-10-04,구름많음
643,2017-10-05,구름많음
644,2017-10-06,구름많고 비
645,2017-10-07,구름많음
646,2017-10-08,구름많음
647,2017-10-09,구름많음
648,2017-10-10,구름많고 비
649,2017-10-11,구름많고 비
650,2017-10-12,구름많음
651,2017-10-13,구름많음
652,2017-10-14,구름조금
653,2017-10-15,구름많음
654,2017-10-16,구름많음
655,2017-10-17,구름조금
656,2017-10-18,구름많음
657,2017-10-19,구름많음
658,2017-10-20,구름많음
659,2017-10-21,구름조금
660,2017-10-22,구름많음
661,2017-10-23,구름많음
662,2017-10-24,구름많음
663,2017-10-25,구름조금
664,2017-10-26,구름조금
665,2017-10-27,구름많음
666,2017-10-28,구름많음
667,2017-10-29,구름조금
668,2017-10-30,구름많음
669,2017-10-31,구름조금
670,2017-11-01,구름많음
671,2017-11-02,구름많고 비
672,2017-11-03,구름많고 비
673,2017-11-04,구름조금
674,2017-11-05,구름조금
675,2017-11-06,구름많음
676,2017-11-07,구름많고 비
677,2017-11-08,구름많고 비
678,2017-11-09,구름많음
679,2017-11-10,구름많고 비
680,2017-11-11,구름조금
681,2017-11-12,구름조금
682,2017-11-13,구름많고 비
683,2017-11-14,구름많고 비
684,2017-11-15,구름많음
685,2017-11-16,구름많음
686,2017-11-17,흐리고 비
687,2017-11-18,구름많고 비
688,2017-11-19,구름많음
689,2017-11-20,구름많음
690,2017-11-21,구름조금
691,2017-11-22,구름많고 비
692,2017-11-23,구름많고 눈/비
693,2017-11-24,구름많고 눈/비
694,2017-11-25,구름많고 비
695,2017-11-26,구름많고 눈/비
696,2017-11-27,구름많음
697,2017-11-28,구름많음
698,2017-11-29,구름많음
699,2017-11-30,구름많음
700,2017-12-01,구름많음
701,2017-12-02,구름많음
702,2017-12-03,구름많고 비
703,2017-12-04,구름많고 눈/비
704,2017-12-05,구름많고 눈
705,2017-12-06,구름많고 눈
706,2017-12-07,구름많고 눈
707,2017-12-08,구름많고 눈/비
708,2017-12-09,구름많고 눈/비
709,2017-12-10,구름많고 눈/비
710,2017-12-11,구름많고 눈
711,2017-12-12,구름많음
712,2017-12-13,구름많음
713,2017-12-14,구름많음
714,2017-12-15,구름많고 눈
715,2017-12-16,구름많고 눈
716,2017-12-17,구름많음
717,2017-12-18,구름많고 눈
718,2017-12-19,구름많음
719,2017-12-20,구름많음
720,2017-12-21,구름많고 눈
721,2017-12-22,구름많음
722,2017-12-23,구름많고 눈/비
723,2017-12-24,구름많고 눈/비
724,2017-12-25,구름많음
725,2017-12-26,구름조금
726,2017-12-27,구름많음
727,2017-12-28,구름많음
728,2017-12-29,구름많음
729,2017-12-30,흐리고 비/눈
730,2017-12-31,구름많고 눈
731,2018-01-01,구름많음
732,2018-01-02,구름많음
733,2018-01-03,구름많음
734,2018-01-04,구름많음
735,2018-01-05,구름많음
736,2018-01-06,구름많음
737,2018-01-07,구름많음
738,2018-01-08,구름많고 눈/비
739,2018-01-09,구름많고 눈
740,2018-01-10,구름많고 눈
741,2018-01-11,구름많음
742,2018-01-12,구름조금
743,2018-01-13,구름많음
744,2018-01-14,구름많음
745,2018-01-15,구름많음
746,2018-01-16,흐리고 비
747,2018-01-17,흐리고 비
748,2018-01-18,구름많음
749,2018-01-19,구름많음
750,2018-01-20,구름조금
751,2018-01-21,구름많음
752,2018-01-22,흐리고 눈
753,2018-01-23,구름많음
754,2018-01-24,구름많음
755,2018-01-25,구름많음
756,2018-01-26,구름조금
757,2018-01-27,구름조금
758,2018-01-28,구름많음
759,2018-01-29,구름많음
760,2018-01-30,구름많음
761,2018-01-31,구름많음
762,2018-02-01,구름조금
763,2018-02-02,구름많음
764,2018-02-03,구름많고 눈
765,2018-02-04,구름많음
766,2018-02-05,구름조금
767,2018-02-06,구름많음
768,2018-02-07,구름많음
769,2018-02-08,구름많음
770,2018-02-09,구름많음
771,2018-02-10,구름많음
772,2018-02-11,구름많고 눈
773,2018-02-12,구름많고 눈
774,2018-02-13,구름많음
775,2018-02-14,구름많음
776,2018-02-15,구름많음
777,2018-02-16,구름조금
778,2018-02-17,구름많음
779,2018-02-18,구름많음
780,2018-02-19,구름많음
781,2018-02-20,구름조금
782,2018-02-21,구름많음
783,2018-02-22,구름많고 눈/비
784,2018-02-23,구름많고 눈
785,2018-02-24,구름많음
786,2018-02-25,구름많음
787,2018-02-26,구름많음
788,2018-02-27,구름많음
789,2018-02-28,흐리고 비
790,2018-03-01,구름많음
791,2018-03-02,구름많음
792,2018-03-03,구름많음
793,2018-03-04,흐리고 비
794,2018-03-05,흐리고 비
795,2018-03-06,구름조금
796,2018-03-07,구름조금
797,2018-03-08,흐리고 비/눈
798,2018-03-09,구름많음
799,2018-03-10,구름조금
800,2018-03-11,구름많음
801,2018-03-12,구름많음
802,2018-03-13,구름많음
803,2018-03-14,구름많음
804,2018-03-15,흐리고 비
805,2018-03-16,흐리고 비
806,2018-03-17,구름조금
807,2018-03-18,구름조금
808,2018-03-19,흐리고 비
809,2018-03-20,구름많음
810,2018-03-21,흐리고 비/눈
811,2018-03-22,구름많음
812,2018-03-23,구름많음
813,2018-03-24,구름조금
814,2018-03-25,구름조금
815,2018-03-26,구름많음
816,2018-03-27,구름많음
817,2018-03-28,구름많음
818,2018-03-29,구름많음
819,2018-03-30,구름많음
820,2018-03-31,구름많음
821,2018-04-01,구름많고 비
822,2018-04-02,구름많고 비
823,2018-04-03,구름많음
824,2018-04-04,흐리고 비
825,2018-04-05,흐리고 비
826,2018-04-06,구름많고 비
827,2018-04-07,구름많음
828,2018-04-08,구름조금
829,2018-04-09,구름많음
830,2018-04-10,구름많음
831,2018-04-11,흐리고 비
832,2018-04-12,구름조금
833,2018-04-13,구름많음
834,2018-04-14,흐리고 비
835,2018-04-15,구름많음
836,2018-04-16,구름조금
837,2018-04-17,구름조금
838,2018-04-18,구름많음
839,2018-04-19,구름많음
840,2018-04-20,구름조금
841,2018-04-21,구름많음
842,2018-04-22,흐리고 비
843,2018-04-23,흐리고 비
844,2018-04-24,구름많고 비
845,2018-04-25,구름조금
846,2018-04-26,구름많음
847,2018-04-27,구름많음
848,2018-04-28,구름조금
849,2018-04-29,구름조금
850,2018-04-30,구름많음
851,2018-05-01,구름많음
852,2018-05-02,흐리고 비
853,2018-05-03,구름많음
854,2018-05-04,구름조금
855,2018-05-05,구름조금
856,2018-05-06,구름많고 비
857,2018-05-07,구름많음
858,2018-05-08,구름많음
859,2018-05-09,구름많음
860,2018-05-10,구름조금
861,2018-05-11,구름많음
862,2018-05-12,흐리고 비
863,2018-05-13,흐리고 비
864,2018-05-14,구름많음
865,2018-05-15,구름많음
866,2018-05-16,흐리고 비
867,2018-05-17,흐리고 비
868,2018-05-18,흐리고 비
869,2018-05-19,구름많음
870,2018-05-20,구름조금
871,2018-05-21,구름많음
872,2018-05-22,구름많음
873,2018-05-23,구름많고 비
874,2018-05-24,구름많음
875,2018-05-25,구름조금
876,2018-05-26,구름많음
877,2018-05-27,구름조금
878,2018-05-28,구름많음
879,2018-05-29,구름조금
880,2018-05-30,구름많음
881,2018-05-31,구름조금
882,2018-06-01,구름조금
883,2018-06-02,구름많음
884,2018-06-03,구름많음
885,2018-06-04,구름조금
886,2018-06-05,구름많음
887,2018-06-06,구름많음
888,2018-06-07,구름많음
889,2018-06-08,구름많음
890,2018-06-09,구름많음
891,2018-06-10,흐리고 비
892,2018-06-11,구름많음
893,2018-06-12,구름조금
894,2018-06-13,구름조금
895,2018-06-14,구름많음
896,2018-06-15,구름많음
897,2018-06-16,구름많음
898,2018-06-17,구름많음
899,2018-06-18,구름조금
900,2018-06-19,구름조금
901,2018-06-20,구름조금
902,2018-06-21,구름조금
903,2018-06-22,구름많음
904,2018-06-23,구름많음
905,2018-06-24,구름많음
906,2018-06-25,구름많음
907,2018-06-26,흐리고 비
908,2018-06-27,흐리고 비
909,2018-06-28,구름많음
910,2018-06-29,구름많음
911,2018-06-30,흐리고 비
912,2018-07-01,흐리고 비
913,2018-07-02,흐리고 비
914,2018-07-03,흐리고 비
915,2018-07-04,흐리고 비
916,2018-07-05,흐리고 비
917,2018-07-06,구름많음
918,2018-07-07,구름많음
919,2018-07-08,구름많음
920,2018-07-09,흐리고 비
921,2018-07-10,구름많음
922,2018-07-11,구름많음
923,2018-07-12,구름많음
924,2018-07-13,구름많음
925,2018-07-14,구름많음
926,2018-07-15,구름많음
927,2018-07-16,구름많음
928,2018-07-17,구름많음
929,2018-07-18,구름많음
930,2018-07-19,구름많음
931,2018-07-20,구름많음
932,2018-07-21,구름조금
933,2018-07-22,구름조금
934,2018-07-23,구름조금
935,2018-07-24,구름조금
936,2018-07-25,구름조금
937,2018-07-26,구름많음
938,2018-07-27,구름조금
939,2018-07-28,구름조금
940,2018-07-29,구름조금
941,2018-07-30,구름조금
942,2018-07-31,구름조금
943,2018-08-01,구름조금
944,2018-08-02,구름조금
945,2018-08-03,구름조금
946,2018-08-04,구름조금
947,2018-08-05,구름조금
948,2018-08-06,구름많음
949,2018-08-07,구름많음
950,2018-08-08,구름조금
951,2018-08-09,구름많음
952,2018-08-10,구름많음
953,2018-08-11,구름조금
954,2018-08-12,구름조금
955,2018-08-13,구름많음
956,2018-08-14,구름많음
957,2018-08-15,구름많음
958,2018-08-16,구름조금
959,2018-08-17,구름조금
960,2018-08-18,구름조금
961,2018-08-19,구름조금
962,2018-08-20,구름조금
963,2018-08-21,구름많음
964,2018-08-22,구름많음
965,2018-08-23,흐리고 비
966,2018-08-24,흐리고 비
967,2018-08-25,구름많음
968,2018-08-26,구름많음
969,2018-08-27,흐리고 비
970,2018-08-28,흐리고 비
971,2018-08-29,구름많고 비
972,2018-08-30,구름많고 비
973,2018-08-31,구름많고 비
974,2018-09-01,구름많음
975,2018-09-02,구름조금
976,2018-09-03,흐리고 비
977,2018-09-04,구름많고 비
978,2018-09-05,구름많음
979,2018-09-06,구름조금
980,2018-09-07,흐리고 비
981,2018-09-08,구름많음
982,2018-09-09,구름조금
983,2018-09-10,구름조금
984,2018-09-11,구름많음
985,2018-09-12,구름많음
986,2018-09-13,구름많음
987,2018-09-14,흐리고 비
988,2018-09-15,흐리고 비
989,2018-09-16,구름많음
990,2018-09-17,구름조금
991,2018-09-18,구름조금
992,2018-09-19,구름많음
993,2018-09-20,흐리고 비
994,2018-09-21,흐리고 비
995,2018-09-22,구름조금
996,2018-09-23,구름많음
997,2018-09-24,구름많음
998,2018-09-25,구름조금
999,2018-09-26,구름조금
1000,2018-09-27,구름조금
1001,2018-09-28,구름많음
1002,2018-09-29,구름조금
1003,2018-09-30,구름많음
1004,2018-10-01,구름많음
1005,2018-10-02,구름많음
1006,2018-10-03,구름많음
1007,2018-10-04,구름조금
1008,2018-10-05,흐리고 비
1009,2018-10-06,흐리고 비
1010,2018-10-07,구름많음
1011,2018-10-08,구름조금
1012,2018-10-09,구름조금
1013,2018-10-10,구름많음
1014,2018-10-11,구름조금
1015,2018-10-12,구름조금
1016,2018-10-13,구름조금
1017,2018-10-14,구름조금
1018,2018-10-15,구름조금
1019,2018-10-16,구름조금
1020,2018-10-17,구름조금
1021,2018-10-18,구름조금
1022,2018-10-19,구름조금
1023,2018-10-20,구름조금
1024,2018-10-21,구름조금
1025,2018-10-22,구름조금
1026,2018-10-23,구름많고 비
1027,2018-10-24,구름조금
1028,2018-10-25,구름조금
1029,2018-10-26,흐리고 비
1030,2018-10-27,구름조금
1031,2018-10-28,구름많고 비
1032,2018-10-29,구름많고 비
1033,2018-10-30,구름많음
1034,2018-10-31,구름많음
1035,2018-11-01,구름조금
1036,2018-11-02,구름조금
1037,2018-11-03,구름조금
1038,2018-11-04,구름조금
1039,2018-11-05,구름조금
1040,2018-11-06,구름많음
1041,2018-11-07,구름많음
1042,2018-11-08,흐리고 비
1043,2018-11-09,구름많음
1044,2018-11-10,구름조금
1045,2018-11-11,구름많음
1046,2018-11-12,구름조금
1047,2018-11-13,구름조금
1048,2018-11-14,구름많음
1049,2018-11-15,구름조금
1050,2018-11-16,구름많음
1051,2018-11-17,구름많음
1052,2018-11-18,구름많음
1053,2018-11-19,구름조금
1054,2018-11-20,구름조금
1055,2018-11-21,구름많고 비
1056,2018-11-22,구름많음
1057,2018-11-23,구름조금
1058,2018-11-24,구름많고 비
1059,2018-11-25,구름많음
1060,2018-11-26,구름조금
1061,2018-11-27,구름많음
1062,2018-11-28,구름많음
1063,2018-11-29,구름많음
1064,2018-11-30,구름많음
1065,2018-12-01,구름조금
1066,2018-12-02,구름많음
1067,2018-12-03,흐리고 비
1068,2018-12-04,흐리고 비
1069,2018-12-05,구름조금
1070,2018-12-06,구름많음
1071,2018-12-07,구름많고 눈
1072,2018-12-08,구름많음
1073,2018-12-09,구름많음
1074,2018-12-10,구름조금
1075,2018-12-11,구름많고 눈
1076,2018-12-12,구름많음
1077,2018-12-13,구름많음
1078,2018-12-14,구름조금
1079,2018-12-15,구름많음
1080,2018-12-16,구름많고 눈/비
1081,2018-12-17,구름많음
1082,2018-12-18,구름많음
1083,2018-12-19,구름조금
1084,2018-12-20,구름많고 비
1085,2018-12-21,구름많음
1086,2018-12-22,구름많음
1087,2018-12-23,구름많음
1088,2018-12-24,구름많음
1089,2018-12-25,구름많음
1090,2018-12-26,구름많음
1091,2018-12-27,구름많음
1092,2018-12-28,구름많음
1093,2018-12-29,구름조금
1094,2018-12-30,구름조금
1095,2018-12-31,구름조금
1096,2019-01-01,구름많음
1097,2019-01-02,구름많음
1098,2019-01-03,구름조금
1099,2019-01-04,구름조금
1100,2019-01-05,구름많음
1101,2019-01-06,구름많음
1102,2019-01-07,구름조금
1103,2019-01-08,구름많음
1104,2019-01-09,구름조금
1105,2019-01-10,구름많음
1106,2019-01-11,구름많음
1107,2019-01-12,구름많음
1108,2019-01-13,구름조금
1109,2019-01-14,구름많음
1110,2019-01-15,구름많음
1111,2019-01-16,구름조금
1112,2019-01-17,구름많음
1113,2019-01-18,구름조금
1114,2019-01-19,구름많음
1115,2019-01-20,구름많음
1116,2019-01-21,구름많음
1117,2019-01-22,구름조금
1118,2019-01-23,구름조금
1119,2019-01-24,구름조금
1120,2019-01-25,구름많음
1121,2019-01-26,구름많음
1122,2019-01-27,구름조금
1123,2019-01-28,구름많음
1124,2019-01-29,구름조금
1125,2019-01-30,구름많음
1126,2019-01-31,구름많고 눈
1127,2019-02-01,구름조금
1128,2019-02-02,구름많음
1129,2019-02-03,흐리고 비
1130,2019-02-04,구름조금
1131,2019-02-05,구름조금
1132,2019-02-06,구름많음
1133,2019-02-07,구름많음
1134,2019-02-08,구름많음
1135,2019-02-09,구름많음
1136,2019-02-10,구름조금
1137,2019-02-11,구름조금
1138,2019-02-12,구름조금
1139,2019-02-13,구름많음
1140,2019-02-14,구름많음
1141,2019-02-15,흐리고 비/눈
1142,2019-02-16,구름많음
1143,2019-02-17,구름조금
1144,2019-02-18,구름많음
1145,2019-02-19,흐리고 비
1146,2019-02-20,구름많음
1147,2019-02-21,구름조금
1148,2019-02-22,구름조금
1149,2019-02-23,구름많음
1150,2019-02-24,구름조금
1151,2019-02-25,구름조금
1152,2019-02-26,구름많음
1153,2019-02-27,구름많음
1154,2019-02-28,구름많고 비
1155,2019-03-01,구름많음
1156,2019-03-02,흐리고 비
1157,2019-03-03,흐리고 비
1158,2019-03-04,구름많음
1159,2019-03-05,맑음
1160,2019-03-06,구름많음
1161,2019-03-07,구름많음
1162,2019-03-08,맑음
1163,2019-03-09,구름많음
1164,2019-03-10,흐리고 비
1165,2019-03-11,구름많음
1166,2019-03-12,구름많음
1167,2019-03-13,구름많음
1168,2019-03-14,흐리고 비
1169,2019-03-15,흐리고 비
1170,2019-03-16,맑음
1171,2019-03-17,맑음
1172,2019-03-18,구름많음
1173,2019-03-19,구름많음
1174,2019-03-20,흐리고 비
1175,2019-03-21,흐리고 비
1176,2019-03-22,맑음
1177,2019-03-23,구름많고 눈/비
1178,2019-03-24,구름많음
1179,2019-03-25,맑음
1180,2019-03-26,구름많음
1181,2019-03-27,구름많음
1182,2019-03-28,구름많음
1183,2019-03-29,구름많음
1184,2019-03-30,흐리고 비
1185,2019-03-31,구름많음
1186,2019-04-01,구름많음
1187,2019-04-02,맑음
1188,2019-04-03,맑음
1189,2019-04-04,구름많음
1190,2019-04-05,구름많음
1191,2019-04-06,구름많음
1192,2019-04-07,흐리고 비
1193,2019-04-08,구름많음
1194,2019-04-09,구름많음
1195,2019-04-10,흐리고 비
1196,2019-04-11,구름많음
1197,2019-04-12,맑음
1198,2019-04-13,맑음
1199,2019-04-14,흐리고 비
1200,2019-04-15,구름많고 비
1201,2019-04-16,구름많음
1202,2019-04-17,구름많음
1203,2019-04-18,구름많음
1204,2019-04-19,맑음
1205,2019-04-20,구름많음
1206,2019-04-21,구름많음
1207,2019-04-22,구름많음
1208,2019-04-23,흐리고 비
1209,2019-04-24,흐리고 비
1210,2019-04-25,구름많고 비
1211,2019-04-26,흐리고 비
1212,2019-04-27,맑음
1213,2019-04-28,구름많음
1214,2019-04-29,흐리고 비
1215,2019-04-30,구름많음
1216,2019-05-01,구름많고 비
1217,2019-05-02,구름많음
1218,2019-05-03,맑음
1219,2019-05-04,맑음
1220,2019-05-05,구름많음
1221,2019-05-06,구름많음
1222,2019-05-07,구름많음
1223,2019-05-08,맑음
1224,2019-05-09,구름많음
1225,2019-05-10,구름많음
1226,2019-05-11,맑음
1227,2019-05-12,구름많음
1228,2019-05-13,구름많음
1229,2019-05-14,구름많음
1230,2019-05-15,구름많음
1231,2019-05-16,구름많음
1232,2019-05-17,맑음
1233,2019-05-18,구름많음
1234,2019-05-19,구름많음
1235,2019-05-20,흐리고 비
1236,2019-05-21,맑음
1237,2019-05-22,구름많음
1238,2019-05-23,맑음
1239,2019-05-24,맑음
1240,2019-05-25,맑음
1241,2019-05-26,구름많음
1242,2019-05-27,흐리고 비
1243,2019-05-28,구름많음
1244,2019-05-29,맑음
1245,2019-05-30,맑음
1246,2019-05-31,구름많음
1247,2019-06-01,구름많음
1248,2019-06-02,맑음
1249,2019-06-03,맑음
1250,2019-06-04,맑음
1251,2019-06-05,구름많음
1252,2019-06-06,구름많음
1253,2019-06-07,흐리고 비
1254,2019-06-08,맑음
1255,2019-06-09,구름많음
1256,2019-06-10,흐리고 비
1257,2019-06-11,구름많음
1258,2019-06-12,맑음
1259,2019-06-13,구름많음
1260,2019-06-14,구름많음
1261,2019-06-15,구름많음
1262,2019-06-16,맑음
1263,2019-06-17,구름많음
1264,2019-06-18,흐리고 비
1265,2019-06-19,흐리고 비
1266,2019-06-20,맑음
1267,2019-06-21,구름많음
1268,2019-06-22,구름많고 비
1269,2019-06-23,구름많고 비
1270,2019-06-24,구름많음
1271,2019-06-25,맑음
1272,2019-06-26,구름많음
1273,2019-06-27,흐림
1274,2019-06-28,구름많음
1275,2019-06-29,흐리고 비
1276,2019-06-30,구름많음
1277,2019-07-01,구름많음
1278,2019-07-02,구름많음
1279,2019-07-03,구름많음
1280,2019-07-04,구름많음
1281,2019-07-05,구름많음
1282,2019-07-06,구름많음
1283,2019-07-07,구름많음
1284,2019-07-08,맑음
1285,2019-07-09,구름많음
1286,2019-07-10,구름많고 비
1287,2019-07-11,흐리고 비
1288,2019-07-12,구름많음
1289,2019-07-13,구름많고 비
1290,2019-07-14,구름많음
1291,2019-07-15,구름많음
1292,2019-07-16,구름많음
1293,2019-07-17,구름많음
1294,2019-07-18,흐리고 비
1295,2019-07-19,흐리고 비
1296,2019-07-20,구름많음
1297,2019-07-21,흐리고 비
1298,2019-07-22,흐리고 비
1299,2019-07-23,구름많음
1300,2019-07-24,흐리고 비
1301,2019-07-25,흐리고 비
1302,2019-07-26,흐리고 비
1303,2019-07-27,흐리고 비
1304,2019-07-28,흐리고 비
1305,2019-07-29,구름많음
1306,2019-07-30,구름많음
1307,2019-07-31,구름많음
1308,2019-08-01,구름많음
1309,2019-08-02,구름많음
1310,2019-08-03,구름많음
1311,2019-08-04,구름많음
1312,2019-08-05,맑음
1313,2019-08-06,구름많음
1314,2019-08-07,흐리고 비
1315,2019-08-08,흐리고 비
1316,2019-08-09,구름많음
1317,2019-08-10,구름많음
1318,2019-08-11,구름많음
1319,2019-08-12,흐리고 비
1320,2019-08-13,구름많고 비
1321,2019-08-14,구름많음
1322,2019-08-15,구름많음
1323,2019-08-16,구름많고 비
1324,2019-08-17,구름많고 비
1325,2019-08-18,구름많음
1326,2019-08-19,맑음
1327,2019-08-20,맑음
1328,2019-08-21,흐리고 비
1329,2019-08-22,구름많고 비
1330,2019-08-23,구름많음
1331,2019-08-24,구름많음
1332,2019-08-25,구름많음
1333,2019-08-26,구름많음
1334,2019-08-27,흐리고 비
1335,2019-08-28,흐리고 비
1336,2019-08-29,구름많음
1337,2019-08-30,구름많음
1338,2019-08-31,구름많음
1339,2019-09-01,구름많음
1340,2019-09-02,흐리고 비
1341,2019-09-03,흐리고 비
1342,2019-09-04,흐리고 비
1343,2019-09-05,흐리고 비
1344,2019-09-06,흐리고 비
1345,2019-09-07,흐리고 비
1346,2019-09-08,흐리고 비
1347,2019-09-09,흐리고 비
1348,2019-09-10,흐리고 비
1349,2019-09-11,구름많음
1350,2019-09-12,구름많음
1351,2019-09-13,맑음
1352,2019-09-14,구름많음
1353,2019-09-15,구름많음
1354,2019-09-16,구름많음
1355,2019-09-17,구름많음
1356,2019-09-18,구름많음
1357,2019-09-19,구름많음
1358,2019-09-20,맑음
1359,2019-09-21,구름많음
1360,2019-09-22,흐리고 비
1361,2019-09-23,흐리고 비
1362,2019-09-24,구름많음
1363,2019-09-25,구름많음
1364,2019-09-26,구름많음
1365,2019-09-27,흐리고 비
1366,2019-09-28,흐리고 비
1367,2019-09-29,구름많음
1368,2019-09-30,맑음
1369,2019-10-01,구름많음
1370,2019-10-02,흐리고 비
1371,2019-10-03,흐리고 비
1372,2019-10-04,구름많음
1373,2019-10-05,구름많음
1374,2019-10-06,구름많음
1375,2019-10-07,구름많음
1376,2019-10-08,구름많음
1377,2019-10-09,맑음
1378,2019-10-10,맑음
1379,2019-10-11,맑음
1380,2019-10-12,구름많음
1381,2019-10-13,구름많음
1382,2019-10-14,구름많음
1383,2019-10-15,구름많음
1384,2019-10-16,맑음
1385,2019-10-17,구름많음
1386,2019-10-18,구름많음
1387,2019-10-19,구름많음
1388,2019-10-20,맑음
1389,2019-10-21,구름많음
1390,2019-10-22,구름많음
1391,2019-10-23,구름많음
1392,2019-10-24,구름많음
1393,2019-10-25,구름많음
1394,2019-10-26,구름많음
1395,2019-10-27,맑음
1396,2019-10-28,구름많음
1397,2019-10-29,구름많고 비
1398,2019-10-30,맑음
1399,2019-10-31,구름많음
1400,2019-11-01,맑음
1401,2019-11-02,구름많음
1402,2019-11-03,구름많음
1403,2019-11-04,구름많음
1404,2019-11-05,맑음
1405,2019-11-06,맑음
1406,2019-11-07,구름많음
1407,2019-11-08,구름많음
1408,2019-11-09,맑음
1409,2019-11-10,흐리고 비
1410,2019-11-11,흐리고 비
1411,2019-11-12,맑음
1412,2019-11-13,흐리고 비
1413,2019-11-14,구름많고 눈/비
1414,2019-11-15,구름많고 비
1415,2019-11-16,구름많고 비
1416,2019-11-17,흐리고 비
1417,2019-11-18,흐리고 비
1418,2019-11-19,구름많고 눈/비
1419,2019-11-20,맑음
1420,2019-11-21,맑음
1421,2019-11-22,구름많음
1422,2019-11-23,구름많음
1423,2019-11-24,구름많고 비
1424,2019-11-25,구름많음
1425,2019-11-26,구름많음
1426,2019-11-27,구름많음
1427,2019-11-28,구름많음
1428,2019-11-29,구름많음
1429,2019-11-30,구름많음
1430,2019-12-01,흐리고 비
1431,2019-12-02,구름많음
1432,2019-12-03,구름많고 눈/비
1433,2019-12-04,구름많음
1434,2019-12-05,맑음
1435,2019-12-06,맑음
1436,2019-12-07,구름많고 눈/비
1437,2019-12-08,맑음
1438,2019-12-09,구름많음
1439,2019-12-10,구름많고 비
1440,2019-12-11,구름많고 눈/비
1441,2019-12-12,구름많음
1442,2019-12-13,구름많음
1443,2019-12-14,구름많고 눈/비
1444,2019-12-15,구름많음
1445,2019-12-16,흐리고 비
1446,2019-12-17,흐리고 비
1447,2019-12-18,구름많음
1448,2019-12-19,맑음
1449,2019-12-20,구름많음
1450,2019-12-21,구름많음
1451,2019-12-22,구름많음
1452,2019-12-23,구름많고 비
1453,2019-12-24,구름많음
1454,2019-12-25,흐리고 비
1455,2019-12-26,흐리고 비/눈
1456,2019-12-27,맑음
1457,2019-12-28,맑음
1458,2019-12-29,흐리고 비
1459,2019-12-30,흐리고 비
1460,2019-12-31,구름많음
1461,2020-01-01,구름많음
1462,2020-01-02,구름많음
1463,2020-01-03,구름많음
1464,2020-01-04,구름많음
1465,2020-01-05,구름많음
1466,2020-01-06,흐리고 비
1467,2020-01-07,흐리고 비/눈
1468,2020-01-08,흐리고 비
1469,2020-01-09,흐림
1470,2020-01-10,흐림
1471,2020-01-11,흐리고 비/눈
1472,2020-01-12,흐리고 비/눈
1473,2020-01-13,흐림
1474,2020-01-14,흐림
1475,2020-01-15,흐림
1476,2020-01-16,흐림
1477,2020-01-17,흐림
1478,2020-01-18,흐림
1479,2020-01-19,흐리고 비/눈
1480,2020-01-20,흐림
1481,2020-01-21,흐림
1482,2020-01-22,흐리고 눈
1483,2020-01-23,흐리고 비
1484,2020-01-24,흐림
1485,2020-01-25,흐림
1486,2020-01-26,흐림
1487,2020-01-27,흐리고 비
1488,2020-01-28,흐리고 비
1489,2020-01-29,흐리고 비
1490,2020-01-30,흐리고 비/눈
1491,2020-01-31,흐리고 비/눈
1492,2020-02-01,구름많음
1493,2020-02-02,구름많음
1494,2020-02-03,구름많고 눈
1495,2020-02-04,구름많음
1496,2020-02-05,구름많음
1497,2020-02-06,구름많음
1498,2020-02-07,구름많음
1499,2020-02-08,구름많음
1500,2020-02-09,구름많음
1501,2020-02-10,구름많음
1502,2020-02-11,흐리고 비
1503,2020-02-12,흐리고 비
1504,2020-02-13,흐리고 비
1505,2020-02-14,흐림
1506,2020-02-15,흐리고 비
1507,2020-02-16,흐리고 눈
1508,2020-02-17,흐리고 눈
1509,2020-02-18,맑음
1510,2020-02-19,구름많음
1511,2020-02-20,구름많음
1512,2020-02-21,흐리고 비
1513,2020-02-22,흐리고 비
1514,2020-02-23,맑음
1515,2020-02-24,흐리고 비
1516,2020-02-25,흐리고 비
1517,2020-02-26,흐리고 비
1518,2020-02-27,구름많음
1519,2020-02-28,흐리고 비
1520,2020-02-29,흐리고 비
1521,2020-03-01,흐림
1522,2020-03-02,구름많음
1523,2020-03-03,구름많음
1524,2020-03-04,흐리고 비
1525,2020-03-05,맑음
1526,2020-03-06,구름많음
1527,2020-03-07,흐리고 비
1528,2020-03-08,흐림
1529,2020-03-09,흐리고 비
1530,2020-03-10,흐리고 비/눈
1531,2020-03-11,맑음
1532,2020-03-12,구름많음
1533,2020-03-13,흐리고 비
1534,2020-03-14,구름많음
1535,2020-03-15,구름많고 눈
1536,2020-03-16,맑음
1537,2020-03-17,흐리고 비
1538,2020-03-18,흐리고 비
1539,2020-03-19,구름많고 비
1540,2020-03-20,맑음
1541,2020-03-21,구름많음
1542,2020-03-22,흐림
1543,2020-03-23,흐림
1544,2020-03-24,구름많음
1545,2020-03-25,흐리고 비
1546,2020-03-26,흐리고 비
1547,2020-03-27,흐리고 비
1548,2020-03-28,흐리고 비
1549,2020-03-29,흐리고 비
1550,2020-03-30,흐림
1551,2020-03-31,흐림
1552,2020-04-01,흐리고 비
1553,2020-04-02,구름많음
1554,2020-04-03,맑음
1555,2020-04-04,구름많음
1556,2020-04-05,구름많음
1557,2020-04-06,구름많음
1558,2020-04-07,흐림
1559,2020-04-08,흐림
1560,2020-04-09,구름많음
1561,2020-04-10,구름많고 비
1562,2020-04-11,흐림
1563,2020-04-12,흐리고 비
1564,2020-04-13,구름많음
1565,2020-04-14,구름많음
1566,2020-04-15,구름많음
1567,2020-04-16,흐리고 비
1568,2020-04-17,흐리고 비
1569,2020-04-18,구름많고 비
1570,2020-04-19,흐리고 비
1571,2020-04-20,흐리고 비
1572,2020-04-21,구름많음
1573,2020-04-22,구름많음
1574,2020-04-23,구름많음
1575,2020-04-24,맑음
1576,2020-04-25,맑음
1577,2020-04-26,맑음
1578,2020-04-27,맑음
1579,2020-04-28,맑음
1580,2020-04-29,맑음
1581,2020-04-30,구름많음
1582,2020-05-01,맑음
1583,2020-05-02,흐림
1584,2020-05-03,흐리고 비
1585,2020-05-04,흐리고 비
1586,2020-05-05,흐리고 비
1587,2020-05-06,흐리고 비
1588,2020-05-07,흐리고 비
1589,2020-05-08,흐리고 비
1590,2020-05-09,흐리고 비
1591,2020-05-10,흐리고 비
1592,2020-05-11,맑음
1593,2020-05-12,구름많음
1594,2020-05-13,맑음
1595,2020-05-14,구름많음
1596,2020-05-15,흐리고 비
1597,2020-05-16,흐리고 비
1598,2020-05-17,구름많고 비
1599,2020-05-18,흐리고 비
1600,2020-05-19,흐리고 비
1601,2020-05-20,흐림
1602,2020-05-21,구름많음
1603,2020-05-22,흐림
1604,2020-05-23,흐림
1605,2020-05-24,흐리고 비
1606,2020-05-25,흐림
1607,2020-05-26,구름많음
1608,2020-05-27,구름많음
1609,2020-05-28,구름많음
1610,2020-05-29,구름많음
1611,2020-05-30,구름많음
1612,2020-05-31,흐림
1613,2020-06-01,흐림
1614,2020-06-02,구름많고 비
1615,2020-06-03,흐림
1616,2020-06-04,구름많고 비
1617,2020-06-05,구름많음
1618,2020-06-06,구름많음
1619,2020-06-07,구름많음
1620,2020-06-08,구름많음
1621,2020-06-09,구름많음
1622,2020-06-10,흐리고 비
1623,2020-06-11,흐리고 비
1624,2020-06-12,흐리고 비
1625,2020-06-13,흐리고 비
1626,2020-06-14,흐리고 비
1627,2020-06-15,흐림
1628,2020-06-16,구름많음
1629,2020-06-17,흐림
1630,2020-06-18,흐림
1631,2020-06-19,구름많음
1632,2020-06-20,맑음
1633,2020-06-21,맑음
1634,2020-06-22,구름많음
1635,2020-06-23,구름많음
1636,2020-06-24,흐리고 비
1637,2020-06-25,흐리고 비
1638,2020-06-26,흐리고 비
1639,2020-06-27,흐림
1640,2020-06-28,흐리고 비
1641,2020-06-29,흐리고 비
1642,2020-06-30,흐리고 비
1643,2020-07-01,흐리고 비
1644,2020-07-02,흐림
1645,2020-07-03,흐리고 비
1646,2020-07-04,흐리고 비
1647,2020-07-05,흐리고 비
1648,2020-07-06,흐리고 비
1649,2020-07-07,흐리고 비
1650,2020-07-08,흐리고 비
1651,2020-07-09,흐리고 비
1652,2020-07-10,흐리고 비
1653,2020-07-11,흐리고 비
1654,2020-07-12,흐리고 비
1655,2020-07-13,흐리고 비
1656,2020-07-14,흐리고 비
1657,2020-07-15,흐리고 비
1658,2020-07-16,흐리고 비
1659,2020-07-17,흐림
1660,2020-07-18,흐리고 비
1661,2020-07-19,흐리고 비
1662,2020-07-20,흐리고 비
1663,2020-07-21,흐리고 비
1664,2020-07-22,흐리고 비
1665,2020-07-23,흐리고 비
1666,2020-07-24,흐리고 비
1667,2020-07-25,흐리고 비
1668,2020-07-26,흐리고 비
1669,2020-07-27,흐리고 비
1670,2020-07-28,흐리고 비
1671,2020-07-29,흐리고 비
1672,2020-07-30,흐리고 비
1673,2020-07-31,흐리고 비
1674,2020-08-01,흐리고 비
1675,2020-08-02,흐리고 비
1676,2020-08-03,흐림
1677,2020-08-04,흐림
1678,2020-08-05,흐리고 비
1679,2020-08-06,흐리고 비
1680,2020-08-07,흐리고 비
1681,2020-08-08,흐리고 비
1682,2020-08-09,흐리고 비
1683,2020-08-10,흐리고 비
1684,2020-08-11,흐리고 비
1685,2020-08-12,흐림
1686,2020-08-13,흐림
1687,2020-08-14,흐리고 비
1688,2020-08-15,흐리고 비
1689,2020-08-16,흐림
1690,2020-08-17,흐림
1691,2020-08-18,흐림
1692,2020-08-19,구름많음
1693,2020-08-20,구름많음
1694,2020-08-21,구름많음
1695,2020-08-22,구름많고 비
1696,2020-08-23,흐림
1697,2020-08-24,흐림
1698,2020-08-25,흐림
1699,2020-08-26,흐리고 비
1700,2020-08-27,흐리고 비
1701,2020-08-28,흐리고 비
1702,2020-08-29,흐리고 비
1703,2020-08-30,흐리고 비
1704,2020-08-31,구름많음
1705,2020-09-01,흐림
1706,2020-09-02,흐리고 비
1707,2020-09-03,흐리고 비
1708,2020-09-04,흐림
1709,2020-09-05,흐림
1710,2020-09-06,흐리고 비
1711,2020-09-07,흐리고 비
1712,2020-09-08,흐리고 비
1713,2020-09-09,흐리고 비
1714,2020-09-10,흐리고 비
1715,2020-09-11,구름많음
1716,2020-09-12,흐림
1717,2020-09-13,구름많음
1718,2020-09-14,구름많음
1719,2020-09-15,흐림
1720,2020-09-16,흐리고 비
1721,2020-09-17,흐리고 비
1722,2020-09-18,흐림
1723,2020-09-19,흐림
1724,2020-09-20,구름많음
1725,2020-09-21,구름많음
1726,2020-09-22,구름많음
1727,2020-09-23,흐림
1728,2020-09-24,흐림
1729,2020-09-25,구름많음
1730,2020-09-26,구름많음
1731,2020-09-27,맑음
1732,2020-09-28,구름많음
1733,2020-09-29,구름많음
1734,2020-09-30,구름많음
1735,2020-10-01,구름많음
1736,2020-10-02,흐림
1737,2020-10-03,흐리고 비
1738,2020-10-04,흐림
1739,2020-10-05,구름많음
1740,2020-10-06,구름많음
1741,2020-10-07,구름많음
1742,2020-10-08,구름많음
1743,2020-10-09,구름많음
1744,2020-10-10,구름많음
1745,2020-10-11,흐림
1746,2020-10-12,흐림
1747,2020-10-13,구름많음
1748,2020-10-14,구름많음
1749,2020-10-15,구름많음
1750,2020-10-16,구름많음
1751,2020-10-17,구름많음
1752,2020-10-18,구름많음
1753,2020-10-19,구름많음
1754,2020-10-20,구름많음
1755,2020-10-21,흐림
1756,2020-10-22,구름많음
1757,2020-10-23,맑음
1758,2020-10-24,맑음
1759,2020-10-25,구름많음
1760,2020-10-26,구름많음
1761,2020-10-27,구름많음
1762,2020-10-28,구름많음
1763,2020-10-29,구름많음
1764,2020-10-30,맑음
1765,2020-10-31,구름많음
1766,2020-11-01,흐리고 비
1767,2020-11-02,흐리고 비
1768,2020-11-03,구름많음
1769,2020-11-04,구름많음
1770,2020-11-05,구름많음
1771,2020-11-06,흐리고 비
1772,2020-11-07,구름많고 비
1773,2020-11-08,맑음
1774,2020-11-09,맑음
1775,2020-11-10,맑음
1776,2020-11-11,맑음
1777,2020-11-12,맑음
1778,2020-11-13,구름많음
1779,2020-11-14,구름많음
1780,2020-11-15,맑음
1781,2020-11-16,구름많음
1782,2020-11-17,구름많음
1783,2020-11-18,흐리고 비
1784,2020-11-19,흐리고 비
1785,2020-11-20,흐리고 비
1786,2020-11-21,구름많음
1787,2020-11-22,흐리고 비
1788,2020-11-23,흐림
1789,2020-11-24,흐림
1790,2020-11-25,흐림
1791,2020-11-26,구름많음
1792,2020-11-27,흐리고 비
1793,2020-11-28,구름많음
1794,2020-11-29,구름많음
1795,2020-11-30,구름많음
1796,2020-12-01,구름많음
1797,2020-12-02,흐림
1798,2020-12-03,구름많음
1799,2020-12-04,구름많음
1800,2020-12-05,구름많음
1801,2020-12-06,구름많음
1802,2020-12-07,흐림
1803,2020-12-08,구름많음
1804,2020-12-09,구름많음
1805,2020-12-10,흐림
1806,2020-12-11,구름많음
1807,2020-12-12,구름많음
1808,2020-12-13,흐리고 비/눈
1809,2020-12-14,구름많고 눈
1810,2020-12-15,구름많고 눈
1811,2020-12-16,구름많음
1812,2020-12-17,구름많음
1813,2020-12-18,흐림
1814,2020-12-19,구름많음
1815,2020-12-20,흐림
1816,2020-12-21,구름많음
1817,2020-12-22,구름많음
1818,2020-12-23,흐림
1819,2020-12-24,흐리고 비/눈
1820,2020-12-25,흐림
1821,2020-12-26,구름많음
1822,2020-12-27,흐리고 비
1823,2020-12-28,구름많음
1824,2020-12-29,흐리고 눈
1825,2020-12-30,흐리고 눈
1826,2020-12-31,흐리고 눈
1827,2021-01-01,흐리고 눈
1828,2021-01-02,흐림
1829,2021-01-03,구름많음
1830,2021-01-04,흐림
1831,2021-01-05,구름많고 눈
1832,2021-01-06,구름많고 눈
1833,2021-01-07,흐리고 눈
1834,2021-01-08,흐리고 눈
1835,2021-01-09,구름많음
1836,2021-01-10,흐림
1837,2021-01-11,흐림
1838,2021-01-12,구름많음
1839,2021-01-13,구름많음
1840,2021-01-14,구름많음
1841,2021-01-15,흐리고 비/눈
1842,2021-01-16,흐리고 눈
1843,2021-01-17,구름많고 눈
1844,2021-01-18,흐리고 눈
1845,2021-01-19,맑음
1846,2021-01-20,구름많음
1847,2021-01-21,흐리고 비/눈
1848,2021-01-22,흐리고 비/눈
1849,2021-01-23,흐리고 비/눈
1850,2021-01-24,흐리고 비/눈
1851,2021-01-25,구름많음
1852,2021-01-26,흐림
1853,2021-01-27,흐림
1854,2021-01-28,흐리고 눈
1855,2021-01-29,흐림
1856,2021-01-30,구름많음
1857,2021-01-31,구름많음
1858,2021-02-01,흐리고 비
1859,2021-02-02,흐림
1860,2021-02-03,구름많고 눈
1861,2021-02-04,구름많고 눈
1862,2021-02-05,구름많음
1863,2021-02-06,구름많음
1864,2021-02-07,구름많음
1865,2021-02-08,구름많음
1866,2021-02-09,흐림
1867,2021-02-10,흐림
1868,2021-02-11,흐림
1869,2021-02-12,흐림
1870,2021-02-13,흐림
1871,2021-02-14,흐림
1872,2021-02-15,흐리고 비
1873,2021-02-16,구름많고 눈
1874,2021-02-17,흐림
1875,2021-02-18,구름많음
1876,2021-02-19,맑음
1877,2021-02-20,맑음
1878,2021-02-21,맑음
1879,2021-02-22,구름많음
1880,2021-02-23,구름많음
1881,2021-02-24,구름많음
1882,2021-02-25,흐리고 비/눈
1883,2021-02-26,흐리고 비
1884,2021-02-27,흐리고 비
1885,2021-02-28,흐림
1886,2021-03-01,흐리고 비/눈
1887,2021-03-02,흐리고 비/눈
1888,2021-03-03,구름많음
1889,2021-03-04,흐림
1890,2021-03-05,흐리고 비
1891,2021-03-06,흐림
1892,2021-03-07,구름많음
1893,2021-03-08,구름많음
1894,2021-03-09,흐림
1895,2021-03-10,맑음
1896,2021-03-11,흐림
1897,2021-03-12,흐리고 비
1898,2021-03-13,구름많음
1899,2021-03-14,구름많음
1900,2021-03-15,흐림
1901,2021-03-16,흐리고 비
1902,2021-03-17,흐림
1903,2021-03-18,흐림
1904,2021-03-19,흐림
1905,2021-03-20,흐리고 비
1906,2021-03-21,흐림
1907,2021-03-22,맑음
1908,2021-03-23,맑음
1909,2021-03-24,구름많음
1910,2021-03-25,흐림
1911,2021-03-26,구름많음
1912,2021-03-27,흐리고 비
1913,2021-03-28,흐리고 비
1914,2021-03-29,구름많고 비
1915,2021-03-30,흐림
1916,2021-03-31,흐림
1917,2021-04-01,흐림
1918,2021-04-02,흐리고 비
1919,2021-04-03,흐리고 비
1920,2021-04-04,흐리고 비
1921,2021-04-05,구름많음
1922,2021-04-06,흐림
1923,2021-04-07,흐림
1924,2021-04-08,맑음
1925,2021-04-09,구름많음
1926,2021-04-10,구름많음
1927,2021-04-11,흐림
1928,2021-04-12,흐리고 비
1929,2021-04-13,흐리고 비
1930,2021-04-14,맑음
1931,2021-04-15,구름많음
1932,2021-04-16,흐리고 비
1933,2021-04-17,구름많음
1934,2021-04-18,맑음
1935,2021-04-19,맑음
1936,2021-04-20,구름많음
1937,2021-04-21,구름많음
1938,2021-04-22,구름많음
1939,2021-04-23,흐림
1940,2021-04-24,구름많음
1941,2021-04-25,구름많음
1942,2021-04-26,흐림
1943,2021-04-27,흐림
1944,2021-04-28,흐리고 비
1945,2021-04-29,흐림
1946,2021-04-30,구름많고 비
1947,2021-05-01,구름많고 비
1948,2021-05-02,구름많고 비
1949,2021-05-03,흐림
1950,2021-05-04,흐리고 비
1951,2021-05-05,흐리고 비
1952,2021-05-06,구름많음
1953,2021-05-07,흐림
1954,2021-05-08,흐림
1955,2021-05-09,맑음
1956,2021-05-10,흐림
1957,2021-05-11,흐림
1958,2021-05-12,흐리고 비
1959,2021-05-13,구름많음
1960,2021-05-14,구름많음
1961,2021-05-15,흐리고 비
1962,2021-05-16,흐리고 비
1963,2021-05-17,흐리고 비
1964,2021-05-18,흐림
1965,2021-05-19,흐림
1966,2021-05-20,흐리고 비
1967,2021-05-21,흐리고 비
1968,2021-05-22,구름많음
1969,2021-05-23,구름많음
1970,2021-05-24,흐림
1971,2021-05-25,구름많음
1972,2021-05-26,구름많음
1973,2021-05-27,흐리고 비
1974,2021-05-28,구름많고 비
1975,2021-05-29,흐림
1976,2021-05-30,맑음
1977,2021-05-31,구름많음
1978,2021-06-01,구름많음
1979,2021-06-02,흐림
1980,2021-06-03,흐리고 비
1981,2021-06-04,구름많고 비
1982,2021-06-05,맑음
1983,2021-06-06,맑음
1984,2021-06-07,구름많음
1985,2021-06-08,구름많음
1986,2021-06-09,흐림
1987,2021-06-10,흐림
1988,2021-06-11,흐리고 비
1989,2021-06-12,흐리고 비
1990,2021-06-13,흐림
1991,2021-06-14,흐림
1992,2021-06-15,흐림
1993,2021-06-16,흐림
1994,2021-06-17,흐리고 비
1995,2021-06-18,흐리고 비
1996,2021-06-19,구름많음
1997,2021-06-20,구름많음
1998,2021-06-21,구름많음
1999,2021-06-22,구름많고 비
2000,2021-06-23,구름많고 비
2001,2021-06-24,구름많고 비
2002,2021-06-25,흐리고 비
2003,2021-06-26,흐리고 비
2004,2021-06-27,흐림
2005,2021-06-28,구름많고 비
2006,2021-06-29,구름많음
2007,2021-06-30,흐림
2008,2021-07-01,흐림
2009,2021-07-02,흐림
2010,2021-07-03,흐리고 비
2011,2021-07-04,흐리고 비
2012,2021-07-05,흐리고 비
2013,2021-07-06,흐리고 비
2014,2021-07-07,흐리고 비
2015,2021-07-08,흐리고 비
2016,2021-07-09,흐리고 비
2017,2021-07-10,흐리고 비
2018,2021-07-11,흐리고 비
2019,2021-07-12,흐리고 비
2020,2021-07-13,흐림
2021,2021-07-14,흐림
2022,2021-07-15,흐리고 비
2023,2021-07-16,구름많고 비
2024,2021-07-17,구름많고 비
2025,2021-07-18,흐리고 비
2026,2021-07-19,흐리고 비
2027,2021-07-20,흐림
2028,2021-07-21,흐림
2029,2021-07-22,흐림
2030,2021-07-23,구름많음
2031,2021-07-24,구름많음
2032,2021-07-25,구름많음
2033,2021-07-26,구름많음
2034,2021-07-27,흐림
2035,2021-07-28,구름많음
2036,2021-07-29,흐림
2037,2021-07-30,흐림
2038,2021-07-31,구름많고 비
2039,2021-08-01,흐리고 비
2040,2021-08-02,흐리고 비
2041,2021-08-03,구름많고 비
2042,2021-08-04,구름많고 비
2043,2021-08-05,구름많고 비
2044,2021-08-06,흐리고 비
2045,2021-08-07,흐리고 비
2046,2021-08-08,흐림
2047,2021-08-09,구름많고 비
2048,2021-08-10,흐리고 비
2049,2021-08-11,구름많고 비
2050,2021-08-12,흐림
2051,2021-08-13,흐림
2052,2021-08-14,흐리고 비
2053,2021-08-15,흐림
2054,2021-08-16,흐림
2055,2021-08-17,흐림
2056,2021-08-18,구름많고 비
2057,2021-08-19,흐림
2058,2021-08-20,흐리고 비
2059,2021-08-21,흐리고 비
2060,2021-08-22,흐리고 비
2061,2021-08-23,흐리고 비
2062,2021-08-24,흐리고 비
2063,2021-08-25,흐리고 비
2064,2021-08-26,흐리고 비
2065,2021-08-27,흐리고 비
2066,2021-08-28,흐리고 비
2067,2021-08-29,흐리고 비
2068,2021-08-30,흐리고 비
2069,2021-08-31,흐리고 비
2070,2021-09-01,흐리고 비
2071,2021-09-02,흐리고 비
2072,2021-09-03,흐림
2073,2021-09-04,흐림
2074,2021-09-05,흐림
2075,2021-09-06,흐림
2076,2021-09-07,흐리고 비
2077,2021-09-08,흐리고 비
2078,2021-09-09,구름많음
2079,2021-09-10,흐림
2080,2021-09-11,구름많음
2081,2021-09-12,구름많음
2082,2021-09-13,구름많음
2083,2021-09-14,흐림
2084,2021-09-15,흐림
2085,2021-09-16,흐리고 비
2086,2021-09-17,흐리고 비
2087,2021-09-18,흐림
2088,2021-09-19,흐림
2089,2021-09-20,흐리고 비
2090,2021-09-21,흐리고 비
2091,2021-09-22,구름많고 비
2092,2021-09-23,구름많음
2093,2021-09-24,구름많음
2094,2021-09-25,구름많음
2095,2021-09-26,흐림
2096,2021-09-27,흐림
2097,2021-09-28,흐리고 비
2098,2021-09-29,흐리고 비
2099,2021-09-30,흐리고 비
2100,2021-10-01,흐림
2101,2021-10-02,구름많음
2102,2021-10-03,구름많음
2103,2021-10-04,구름많음
2104,2021-10-05,흐림
2105,2021-10-06,흐리고 비
2106,2021-10-07,흐림
2107,2021-10-08,흐림
2108,2021-10-09,흐림
2109,2021-10-10,구름많고 비
2110,2021-10-11,흐리고 비
2111,2021-10-12,흐리고 비
2112,2021-10-13,맑음
2113,2021-10-14,구름많음
2114,2021-10-15,흐리고 비
2115,2021-10-16,흐리고 비
2116,2021-10-17,맑음
2117,2021-10-18,구름많음
2118,2021-10-19,흐리고 비
2119,2021-10-20,흐림
2120,2021-10-21,구름많음
2121,2021-10-22,구름많음
2122,2021-10-23,구름많음
2123,2021-10-24,구름많음
2124,2021-10-25,구름많음
2125,2021-10-26,구름많음
2126,2021-10-27,흐림
2127,2021-10-28,맑음
2128,2021-10-29,구름많음
2129,2021-10-30,구름많음
2130,2021-10-31,구름많음
2131,2021-11-01,구름많음
2132,2021-11-02,구름많음
2133,2021-11-03,구름많음
2134,2021-11-04,흐림
2135,2021-11-05,구름많음
2136,2021-11-06,흐림
2137,2021-11-07,흐리고 비
2138,2021-11-08,흐리고 비
2139,2021-11-09,흐리고 비
2140,2021-11-10,흐리고 비
2141,2021-11-11,흐리고 비
2142,2021-11-12,흐림
2143,2021-11-13,구름많음
2144,2021-11-14,구름많음
2145,2021-11-15,구름많음
2146,2021-11-16,구름많음
2147,2021-11-17,구름많음
2148,2021-11-18,구름많음
2149,2021-11-19,구름많음
2150,2021-11-20,구름많음
2151,2021-11-21,흐리고 비
2152,2021-11-22,흐리고 비/눈
2153,2021-11-23,흐리고 눈
2154,2021-11-24,흐리고 눈
2155,2021-11-25,구름많고 비
2156,2021-11-26,구름많음
2157,2021-11-27,
