"		지점번호",지점명,일시,평균기온(℃),최고기온(℃),"	최고기온시각",최저기온(℃),최저기온시각,일교차
"		133",대전,2016-06-01,22.9,28.4,15:10,18.5,5:31,9.9
"		133",대전,2016-06-02,22.5,29.3,15:02,15.1,5:42,14.2
"		133",대전,2016-06-03,22.7,29,15:37,17.1,5:46,11.9
"		133",대전,2016-06-04,19.9,22,14:14,17.1,23:55,4.9
"		133",대전,2016-06-05,22.9,30.3,15:58,14.6,5:14,15.7
"		133",대전,2016-06-06,20.8,24.5,13:55,18.4,5:44,6.1
"		133",대전,2016-06-07,21.9,26.7,15:45,18.4,5:13,8.3
"		133",대전,2016-06-08,22.4,27.1,15:44,19.1,4:18,8
"		133",대전,2016-06-09,24,30.2,16:23,17.5,5:54,12.7
"		133",대전,2016-06-10,25.3,31.2,15:33,19.6,5:29,11.6
"		133",대전,2016-06-11,25.6,29.8,15:18,20.9,5:37,8.9
"		133",대전,2016-06-12,24.9,27.4,16:33,23.1,5:19,4.3
"		133",대전,2016-06-13,24.6,29.6,15:07,20.8,5:24,8.8
"		133",대전,2016-06-14,24.2,30.3,15:48,19.4,4:50,10.9
"		133",대전,2016-06-15,22.3,26.1,14:44,20.3,5:36,5.8
"		133",대전,2016-06-16,21.7,25.8,16:50,19.1,23:49,6.7
"		133",대전,2016-06-17,23.3,29.3,15:17,16.4,5:29,12.9
"		133",대전,2016-06-18,25.1,31,14:15,18.5,5:36,12.5
"		133",대전,2016-06-19,25.7,30.1,14:01,21.7,4:51,8.4
"		133",대전,2016-06-20,24.2,29.5,15:40,20,4:41,9.5
"		133",대전,2016-06-21,26.1,32,14:41,19.7,5:36,12.3
"		133",대전,2016-06-22,25.4,31.1,14:19,23.2,23:59,7.9
"		133",대전,2016-06-23,26.2,31.7,15:45,20.9,5:27,10.8
"		133",대전,2016-06-24,22.2,24.8,16:31,19.4,24:00:00,5.4
"		133",대전,2016-06-25,22.9,27.7,16:55,18.8,1:10,8.9
"		133",대전,2016-06-26,23.9,30,15:16,18.7,4:54,11.3
"		133",대전,2016-06-27,23.3,28.3,15:26,18.8,5:09,9.5
"		133",대전,2016-06-28,24,30.1,15:48,18,5:29,12.1
"		133",대전,2016-06-29,24.8,28.2,16:12,21.2,5:40,7
"		133",대전,2016-06-30,25.5,29.2,16:46,23.1,1:12,6.1
"		133",대전,2016-07-01,25,29.8,11:03,23.3,23:17,6.5
"		133",대전,2016-07-02,24.5,28,15:07,22.2,6:55,5.8
"		133",대전,2016-07-03,22.7,24.4,9:48,20.4,21:55,4
"		133",대전,2016-07-04,22.1,24.6,14:02,20,4:42,4.6
"		133",대전,2016-07-05,25.8,30.4,13:37,22.1,0:01,8.3
"		133",대전,2016-07-06,24.3,27.1,14:55,22.8,10:06,4.3
"		133",대전,2016-07-07,25.7,30.3,16:23,22.6,23:10,7.7
"		133",대전,2016-07-08,26.9,32.6,15:20,21.6,5:46,11
"		133",대전,2016-07-09,27.5,33.1,14:42,22.7,5:31,10.4
"		133",대전,2016-07-10,27.2,32,14:13,22.2,5:20,9.8
"		133",대전,2016-07-11,27.1,32.9,13:47,23.9,5:25,9
"		133",대전,2016-07-12,25.7,28.4,12:12,23.2,5:23,5.2
"		133",대전,2016-07-13,26.3,30.4,14:09,23.1,5:18,7.3
"		133",대전,2016-07-14,26.1,31,14:50,22.1,3:38,8.9
"		133",대전,2016-07-15,25.9,30,13:31,22.7,5:43,7.3
"		133",대전,2016-07-16,22.1,24.5,16:16,20.3,5:26,4.2
"		133",대전,2016-07-17,23.3,26.4,15:43,21.1,5:36,5.3
"		133",대전,2016-07-18,24.3,28.9,16:18,20.9,5:33,8
"		133",대전,2016-07-19,26.7,32.4,14:57,20.3,5:39,12.1
"		133",대전,2016-07-20,27.3,31.8,15:02,23.8,5:39,8
"		133",대전,2016-07-21,27,31.6,15:28,22.2,5:39,9.4
"		133",대전,2016-07-22,28.4,33.2,16:16,23.6,6:47,9.6
"		133",대전,2016-07-23,29.5,33.6,15:39,24.8,5:48,8.8
"		133",대전,2016-07-24,29.6,32.9,14:59,26.4,5:49,6.5
"		133",대전,2016-07-25,29.2,32.5,16:20,26.9,5:32,5.6
"		133",대전,2016-07-26,29,33.3,15:02,24.2,5:27,9.1
"		133",대전,2016-07-27,28.7,31.8,15:34,25.9,6:07,5.9
"		133",대전,2016-07-28,28.9,32.3,16:05,25.1,23:55,7.2
"		133",대전,2016-07-29,28.2,32.5,12:06,24.1,1:40,8.4
"		133",대전,2016-07-30,29.1,34,14:50,26.3,4:32,7.7
"		133",대전,2016-07-31,29.9,34.7,15:06,26.2,5:37,8.5
"		133",대전,2016-08-01,28.7,32.9,12:16,25.3,5:22,7.6
"		133",대전,2016-08-02,27.3,30.3,15:17,23.9,23:49,6.4
"		133",대전,2016-08-03,28.3,34,15:06,23.2,5:36,10.8
"		133",대전,2016-08-04,29.9,35.5,15:15,24.5,5:46,11
"		133",대전,2016-08-05,30.7,35.8,15:34,25.5,5:52,10.3
"		133",대전,2016-08-06,29.6,35.4,12:35,25.6,23:55,9.8
"		133",대전,2016-08-07,28.8,34.9,13:32,24.3,5:39,10.6
"		133",대전,2016-08-08,29.7,34.8,16:22,24.5,5:34,10.3
"		133",대전,2016-08-09,28.4,34.3,15:06,25.4,22:34,8.9
"		133",대전,2016-08-10,29.3,34.6,14:44,25.2,5:44,9.4
"		133",대전,2016-08-11,29.9,35.6,16:13,24.4,5:41,11.2
"		133",대전,2016-08-12,30.3,36.5,15:50,24.9,5:46,11.6
"		133",대전,2016-08-13,30.2,36,15:37,25.2,5:49,10.8
"		133",대전,2016-08-14,29.9,35,14:12,26.1,5:59,8.9
"		133",대전,2016-08-15,30,35.5,14:04,26.5,5:09,9
"		133",대전,2016-08-16,29.9,35.5,16:29,26.1,6:09,9.4
"		133",대전,2016-08-17,29.8,35.1,14:24,24.7,5:54,10.4
"		133",대전,2016-08-18,29.7,34.8,13:15,25.3,5:56,9.5
"		133",대전,2016-08-19,30.3,37.3,15:27,25,5:28,12.3
"		133",대전,2016-08-20,31.2,37.6,15:05,26.2,6:04,11.4
"		133",대전,2016-08-21,29.7,34.9,13:37,25.2,6:02,9.7
"		133",대전,2016-08-22,30.3,36.7,14:56,24,6:07,12.7
"		133",대전,2016-08-23,28.8,33.4,14:39,25.4,24:00:00,8
"		133",대전,2016-08-24,28.9,34.5,15:01,23.7,6:24,10.8
"		133",대전,2016-08-25,28.5,33.9,14:12,23.8,5:56,10.1
"		133",대전,2016-08-26,22,27.4,0:01,19.1,23:31,8.3
"		133",대전,2016-08-27,22.6,27.9,13:18,18,5:33,9.9
"		133",대전,2016-08-28,20,24.5,12:55,17.8,24:00:00,6.7
"		133",대전,2016-08-29,20.5,27.2,15:19,15.8,6:12,11.4
"		133",대전,2016-08-30,19.6,22.6,13:44,16.6,4:35,6
"		133",대전,2016-08-31,21.8,24.8,15:39,17.6,5:33,7.2
"		133",대전,2016-09-01,26.6,31.5,14:44,22.9,1:09,8.6
"		133",대전,2016-09-02,22.7,24.9,10:10,21.2,7:22,3.7
"		133",대전,2016-09-03,25,30.3,15:37,20.8,0:42,9.5
"		133",대전,2016-09-04,26.2,30.4,13:46,22.3,6:20,8.1
"		133",대전,2016-09-05,26.2,30.5,13:33,24,23:14,6.5
"		133",대전,2016-09-06,24.4,28.1,13:17,21.5,5:35,6.6
"		133",대전,2016-09-07,23.7,27.8,14:36,19.8,5:55,8
"		133",대전,2016-09-08,23.3,28.9,14:10,19.7,6:16,9.2
"		133",대전,2016-09-09,23.9,28.8,15:06,20.2,7:10,8.6
"		133",대전,2016-09-10,23.2,28.7,14:05,19.1,5:33,9.6
"		133",대전,2016-09-11,23.9,28.5,14:58,19.6,5:45,8.9
"		133",대전,2016-09-12,23.5,27.8,15:42,21,5:18,6.8
"		133",대전,2016-09-13,24.1,29.5,16:14,18.7,6:09,10.8
"		133",대전,2016-09-14,24.2,29.1,15:16,20.5,3:51,8.6
"		133",대전,2016-09-15,23.5,28.7,14:06,18.4,6:15,10.3
"		133",대전,2016-09-16,22.4,25.4,12:22,20.7,6:36,4.7
"		133",대전,2016-09-17,20.2,21.3,0:01,19.6,10:19,1.7
"		133",대전,2016-09-18,19.1,20.7,13:33,18.1,18:19,2.6
"		133",대전,2016-09-19,20,23.6,14:10,17.4,6:37,6.2
"		133",대전,2016-09-20,19.2,24.7,14:58,13.7,6:19,11
"		133",대전,2016-09-21,19.1,23.6,11:41,12.8,6:13,10.8
"		133",대전,2016-09-22,20.6,25.9,13:19,17.1,6:34,8.8
"		133",대전,2016-09-23,20.8,27,16:03,15.4,6:42,11.6
"		133",대전,2016-09-24,21.7,28.1,14:31,16.4,6:26,11.7
"		133",대전,2016-09-25,20.8,24.7,16:20,17.2,6:09,7.5
"		133",대전,2016-09-26,22.1,26.8,16:12,18.3,6:01,8.5
"		133",대전,2016-09-27,22.4,25.8,15:08,20.3,23:51,5.5
"		133",대전,2016-09-28,21.8,26,13:08,18.1,6:29,7.9
"		133",대전,2016-09-29,20.1,22,14:56,18,23:44,4
"		133",대전,2016-09-30,17.6,18.5,14:36,16.2,23:56,2.3
"		133",대전,2016-10-01,18.6,21.7,15:13,15.7,2:37,6
"		133",대전,2016-10-02,20.7,23.4,15:47,17.6,6:50,5.8
"		133",대전,2016-10-03,23.4,26.8,15:16,19.6,23:59,7.2
"		133",대전,2016-10-04,22.1,27.9,14:24,17.7,3:57,10.2
"		133",대전,2016-10-05,19.6,24.3,16:10,17.7,7:49,6.6
"		133",대전,2016-10-06,18.2,23.9,14:43,14.4,6:51,9.5
"		133",대전,2016-10-07,18.5,24.3,12:00,14.2,2:40,10.1
"		133",대전,2016-10-08,17.2,21.8,15:38,14.2,23:56,7.6
"		133",대전,2016-10-09,11.8,16.7,14:31,7.6,7:00,9.1
"		133",대전,2016-10-10,12.7,18.5,14:08,8.4,6:59,10.1
"		133",대전,2016-10-11,14.3,20.5,14:39,10.3,3:58,10.2
"		133",대전,2016-10-12,14.9,21,15:19,11,3:17,10
"		133",대전,2016-10-13,14.1,20.1,15:37,10.4,6:37,9.7
"		133",대전,2016-10-14,15.2,22.9,15:08,8.6,6:19,14.3
"		133",대전,2016-10-15,17.3,25.2,15:25,10.7,6:40,14.5
"		133",대전,2016-10-16,16.9,20.3,12:46,15.2,7:10,5.1
"		133",대전,2016-10-17,17.6,23.2,14:37,14.5,23:56,8.7
"		133",대전,2016-10-18,16.1,21.5,16:06,13,6:12,8.5
"		133",대전,2016-10-19,17.2,23.6,14:18,12.8,6:20,10.8
"		133",대전,2016-10-20,16.7,22.7,14:04,11.2,5:43,11.5
"		133",대전,2016-10-21,16.8,18.8,14:17,15.7,22:51,3.1
"		133",대전,2016-10-22,17.5,22.1,14:33,14.3,5:59,7.8
"		133",대전,2016-10-23,15,17.9,11:02,11.4,22:36,6.5
"		133",대전,2016-10-24,15.5,20.4,14:51,9.8,7:01,10.6
"		133",대전,2016-10-25,14.7,20,14:19,12.3,23:43,7.7
"		133",대전,2016-10-26,13.4,16.8,14:24,10.8,4:29,6
"		133",대전,2016-10-27,14.2,18,14:30,10.2,3:05,7.8
"		133",대전,2016-10-28,13.5,15.7,0:01,11.1,23:47,4.6
"		133",대전,2016-10-29,9.2,13.5,14:22,6.1,23:51,7.4
"		133",대전,2016-10-30,7.1,14.5,15:04,1.2,7:10,13.3
"		133",대전,2016-10-31,7.8,10.4,15:23,4.9,0:01,5.5
"		133",대전,2016-11-01,3.4,9.4,14:56,-0.7,7:11,10.1
"		133",대전,2016-11-02,5.1,11.7,14:54,-2.4,6:51,14.1
"		133",대전,2016-11-03,8.1,14.8,14:27,3.7,7:09,11.1
"		133",대전,2016-11-04,9.9,17.4,13:28,2.7,6:53,14.7
"		133",대전,2016-11-05,13.3,19.2,12:21,8.7,3:01,10.5
"		133",대전,2016-11-06,13.3,18.2,13:59,9.8,5:26,8.4
"		133",대전,2016-11-07,14.3,18.8,14:28,10.8,6:47,8
"		133",대전,2016-11-08,6.9,12.3,0:01,0.9,23:39,11.4
"		133",대전,2016-11-09,3.1,9.8,15:25,-3.1,6:38,12.9
"		133",대전,2016-11-10,6.8,12,13:12,2.4,4:20,9.6
"		133",대전,2016-11-11,9.3,14.8,14:26,5.8,23:54,9
"		133",대전,2016-11-12,9.7,18.6,14:23,2.7,6:58,15.9
"		133",대전,2016-11-13,12.1,18.1,14:59,6.6,6:08,11.5
"		133",대전,2016-11-14,15.3,21.9,13:44,9.5,7:24,12.4
"		133",대전,2016-11-15,8.3,14.6,0:01,2.7,23:51,11.9
"		133",대전,2016-11-16,5.7,12.9,14:19,-0.5,6:45,13.4
"		133",대전,2016-11-17,8.1,15.4,15:16,3.3,7:03,12.1
"		133",대전,2016-11-18,9,13.8,13:01,3,7:06,10.8
"		133",대전,2016-11-19,12.6,14.3,15:19,10.4,0:38,3.9
"		133",대전,2016-11-20,11.5,16.4,13:54,6.7,23:59,9.7
"		133",대전,2016-11-21,8.7,11.6,13:36,5.5,3:36,6.1
"		133",대전,2016-11-22,4.9,9.5,0:01,0.7,22:00,8.8
"		133",대전,2016-11-23,0.8,6.2,14:18,-3.3,7:21,9.5
"		133",대전,2016-11-24,-0.2,5.2,14:43,-4.9,7:34,10.1
"		133",대전,2016-11-25,1.4,7.8,13:49,-3.2,3:38,11
"		133",대전,2016-11-26,0.2,3.3,13:21,-2.9,5:31,6.2
"		133",대전,2016-11-27,3,7.1,15:01,1,2:28,6.1
"		133",대전,2016-11-28,2.8,8.4,14:54,-0.4,23:39,8.8
"		133",대전,2016-11-29,1.9,8.8,14:42,-3.4,7:22,12.2
"		133",대전,2016-11-30,5.5,11.5,14:18,-0.7,0:03,12.2
"		133",대전,2016-12-01,5.6,10.1,12:28,0.1,23:58,10
"		133",대전,2016-12-02,1.8,8.5,15:44,-4.1,7:32,12.6
"		133",대전,2016-12-03,3.2,10.8,14:26,-2.8,7:18,13.6
"		133",대전,2016-12-04,4.1,8.8,16:04,-0.2,7:05,9
"		133",대전,2016-12-05,8.9,14.2,14:14,4.7,23:59,9.5
"		133",대전,2016-12-06,1.2,6.6,14:39,-2.6,23:46,9.2
"		133",대전,2016-12-07,2.2,8.7,15:35,-4.4,2:51,13.1
"		133",대전,2016-12-08,4.1,9.8,13:06,-1.8,6:18,11.6
"		133",대전,2016-12-09,4.1,7.9,14:30,-1,23:57,8.9
"		133",대전,2016-12-10,-0.1,6.4,15:06,-4.4,7:45,10.8
"		133",대전,2016-12-11,-0.6,6.9,15:52,-6.2,7:44,13.1
"		133",대전,2016-12-12,4.3,11,14:50,-3.2,1:47,14.2
"		133",대전,2016-12-13,4.5,9.6,14:09,1,23:56,8.6
"		133",대전,2016-12-14,0,2.7,13:46,-2.9,7:19,5.6
"		133",대전,2016-12-15,-1.4,3,15:01,-5.9,23:50,8.9
"		133",대전,2016-12-16,-2.4,2.8,15:21,-8.3,7:50,11.1
"		133",대전,2016-12-17,4,10.5,13:46,-0.3,6:14,10.8
"		133",대전,2016-12-18,3.8,9.5,14:56,-1.8,6:25,11.3
"		133",대전,2016-12-19,7.8,10.6,15:26,5.1,3:04,5.5
"		133",대전,2016-12-20,8.2,13.3,15:45,4.3,23:47,9
"		133",대전,2016-12-21,8.2,12.6,12:27,1.8,7:02,10.8
"		133",대전,2016-12-22,7.8,14.8,3:07,3.8,23:51,11
"		133",대전,2016-12-23,0.8,3.9,0:01,-1.3,23:57,5.2
"		133",대전,2016-12-24,-1.1,1.3,13:02,-2.5,7:44,3.8
"		133",대전,2016-12-25,1.3,7.3,15:25,-4.5,7:45,11.8
"		133",대전,2016-12-26,3.1,4.3,11:28,2.3,15:58,2
"		133",대전,2016-12-27,0.3,4,13:03,-5.1,23:59,9.1
"		133",대전,2016-12-28,-2.5,4.1,15:14,-7.5,7:42,11.6
"		133",대전,2016-12-29,-2.3,1.4,14:51,-4.5,23:53,5.9
"		133",대전,2016-12-30,-1.8,4.8,14:58,-8.1,7:37,12.9
"		133",대전,2016-12-31,1.4,5.2,14:31,-1.3,0:01,6.5
"		133",대전,2017-06-01,22,26.9,15:26,17,23:33,9.9
"		133",대전,2017-06-02,20.3,27.4,15:39,13,5:33,14.4
"		133",대전,2017-06-03,20.4,26.1,15:35,16.1,5:42,10
"		133",대전,2017-06-04,20.8,28.4,15:50,12,5:41,16.4
"		133",대전,2017-06-05,22.6,29.8,15:44,13.9,5:25,15.9
"		133",대전,2017-06-06,18.3,22.5,12:48,15.7,19:05,6.8
"		133",대전,2017-06-07,17.9,19.7,14:58,16,23:33,3.7
"		133",대전,2017-06-08,20.1,26.4,15:03,15.6,5:45,10.8
"		133",대전,2017-06-09,22,27.9,14:46,16.2,4:13,11.7
"		133",대전,2017-06-10,22.6,26.6,14:04,19.9,23:57,6.7
"		133",대전,2017-06-11,22.8,29.6,15:07,15.9,5:56,13.7
"		133",대전,2017-06-12,22.1,27.4,15:02,16.7,5:29,10.7
"		133",대전,2017-06-13,21.7,27.6,16:36,17.3,5:31,10.3
"		133",대전,2017-06-14,22,28.4,15:03,15.1,5:28,13.3
"		133",대전,2017-06-15,23.1,29.6,16:11,16.8,5:35,12.8
"		133",대전,2017-06-16,25.3,32.8,14:41,18.1,5:29,14.7
"		133",대전,2017-06-17,24.7,32.3,16:23,16.8,5:43,15.5
"		133",대전,2017-06-18,25.3,33.8,16:09,17.1,5:44,16.7
"		133",대전,2017-06-19,26.1,33.4,15:34,18.3,5:19,15.1
"		133",대전,2017-06-20,25.4,31.3,13:58,19.6,5:46,11.7
"		133",대전,2017-06-21,24.8,30.4,14:20,20.2,5:26,10.2
"		133",대전,2017-06-22,25.3,32.9,15:45,18.6,5:36,14.3
"		133",대전,2017-06-23,27.4,34.8,13:20,20.1,5:42,14.7
"		133",대전,2017-06-24,24.5,33.5,13:08,20.4,23:59,13.1
"		133",대전,2017-06-25,25,29.9,16:38,20,1:02,9.9
"		133",대전,2017-06-26,23.9,29.2,12:46,20.7,5:22,8.5
"		133",대전,2017-06-27,24.6,29.2,15:42,20.7,1:36,8.5
"		133",대전,2017-06-28,25.3,31.6,15:40,21,3:08,10.6
"		133",대전,2017-06-29,26.1,31.1,14:12,21.6,5:14,9.5
"		133",대전,2017-06-30,26.9,32.2,14:49,22.8,3:27,9.4
"		133",대전,2017-07-01,24.1,25.1,0:01,22.6,5:14,2.5
"		133",대전,2017-07-02,25.7,27.6,13:33,24.2,4:40,3.4
"		133",대전,2017-07-03,25.3,27.9,15:21,24.4,5:55,3.5
"		133",대전,2017-07-04,25.9,28.4,14:33,24.1,10:10,4.3
"		133",대전,2017-07-05,27.8,32.6,16:44,23.7,5:32,8.9
"		133",대전,2017-07-06,26,31.8,14:02,23.5,21:18,8.3
"		133",대전,2017-07-07,26.7,29.5,15:46,23.5,0:52,6
"		133",대전,2017-07-08,26.1,29.1,16:23,22.6,8:11,6.5
"		133",대전,2017-07-09,26.7,32.4,13:48,22.5,19:44,9.9
"		133",대전,2017-07-10,25.8,28.7,14:52,23.3,0:01,5.4
"		133",대전,2017-07-11,26.5,31,15:34,23.2,6:24,7.8
"		133",대전,2017-07-12,27.9,32.4,17:09,24.2,5:12,8.2
"		133",대전,2017-07-13,27.9,32.9,16:25,22.8,5:43,10.1
"		133",대전,2017-07-14,27.6,34,12:45,24.4,2:35,9.6
"		133",대전,2017-07-15,25.2,26.7,11:53,23.1,7:06,3.6
"		133",대전,2017-07-16,27.4,29.8,14:21,25.3,0:23,4.5
"		133",대전,2017-07-17,25.6,29.1,10:44,23,21:20,6.1
"		133",대전,2017-07-18,25.7,28.7,15:25,22.9,4:08,5.8
"		133",대전,2017-07-19,28,32.8,16:34,24.5,5:35,8.3
"		133",대전,2017-07-20,29.5,33.9,16:17,25.3,5:52,8.6
"		133",대전,2017-07-21,30.1,33.7,15:44,26.8,6:04,6.9
"		133",대전,2017-07-22,29.7,32.8,15:44,27.6,5:47,5.2
"		133",대전,2017-07-23,27.9,29.7,17:21,26.4,11:08,3.3
"		133",대전,2017-07-24,28.8,30.7,11:43,27.5,5:00,3.2
"		133",대전,2017-07-25,28.5,33.1,15:01,25.3,23:47,7.8
"		133",대전,2017-07-26,27.6,31.8,13:43,23.6,5:14,8.2
"		133",대전,2017-07-27,28,33.1,15:02,22.3,5:55,10.8
"		133",대전,2017-07-28,28.5,31.9,14:36,25.7,6:04,6.2
"		133",대전,2017-07-29,27.2,31.3,13:26,24.8,23:56,6.5
"		133",대전,2017-07-30,27.9,31.8,16:08,24,4:44,7.8
"		133",대전,2017-07-31,25.1,27.3,0:01,23.5,22:27,3.8
"		133",대전,2017-08-01,26.7,31.9,15:26,22.3,8:08,9.6
"		133",대전,2017-08-02,29.4,34.1,14:25,25.1,5:20,9
"		133",대전,2017-08-03,28.6,32.5,15:06,24.3,6:19,8.2
"		133",대전,2017-08-04,29.9,34.4,15:28,24.5,5:38,9.9
"		133",대전,2017-08-05,31.8,35.9,15:00,27.1,5:21,8.8
"		133",대전,2017-08-06,31.1,35.6,15:23,27.8,23:49,7.8
"		133",대전,2017-08-07,29.4,34.2,15:01,25.6,5:29,8.6
"		133",대전,2017-08-08,28.1,31.9,14:32,25,3:54,6.9
"		133",대전,2017-08-09,24.3,27.4,0:01,22.3,8:16,5.1
"		133",대전,2017-08-10,26.4,31.2,16:15,24.2,2:18,7
"		133",대전,2017-08-11,27.1,32.5,13:02,24.1,5:32,8.4
"		133",대전,2017-08-12,27.2,31.5,14:11,23.1,4:54,8.4
"		133",대전,2017-08-13,24.6,26.5,13:40,22.8,23:50,3.7
"		133",대전,2017-08-14,22.4,25.3,14:01,21,9:35,4.3
"		133",대전,2017-08-15,22.9,24,18:43,21.3,4:30,2.7
"		133",대전,2017-08-16,25,29.1,15:54,22.7,6:25,6.4
"		133",대전,2017-08-17,25.7,30.1,16:22,22.9,5:59,7.2
"		133",대전,2017-08-18,26.1,30.4,16:31,23,4:34,7.4
"		133",대전,2017-08-19,25.1,30.4,12:23,23,4:41,7.4
"		133",대전,2017-08-20,25.9,29.7,13:48,23.3,6:03,6.4
"		133",대전,2017-08-21,24.7,27.5,12:56,23.1,4:45,4.4
"		133",대전,2017-08-22,27.4,31.1,14:53,24,1:20,7.1
"		133",대전,2017-08-23,28.9,32.2,14:47,25.7,5:08,6.5
"		133",대전,2017-08-24,27.5,29.8,10:13,25.1,19:21,4.7
"		133",대전,2017-08-25,26.1,31.3,15:14,21.8,23:57,9.5
"		133",대전,2017-08-26,23.3,29.4,14:44,18.8,6:00,10.6
"		133",대전,2017-08-27,24,30.4,14:50,18,5:05,12.4
"		133",대전,2017-08-28,24.8,28.6,12:32,19.7,6:09,8.9
"		133",대전,2017-08-29,21,26.3,13:44,18,23:43,8.3
"		133",대전,2017-08-30,18.1,20.6,17:14,16,6:10,4.6
"		133",대전,2017-08-31,21.5,27.3,15:28,16,5:07,11.3
"		133",대전,2017-09-01,22.1,28,15:18,16.6,6:09,11.4
"		133",대전,2017-09-02,21.4,26.2,12:32,16.7,6:02,9.5
"		133",대전,2017-09-03,22.2,28.6,15:02,16,5:56,12.6
"		133",대전,2017-09-04,22.4,28,14:03,17.3,4:08,10.7
"		133",대전,2017-09-05,21.2,23.3,12:37,19.2,6:03,4.1
"		133",대전,2017-09-06,20.9,23.1,13:41,18.4,23:54,4.7
"		133",대전,2017-09-07,21.9,27.1,14:21,18.3,0:10,8.8
"		133",대전,2017-09-08,22.7,28.3,16:27,18.5,4:38,9.8
"		133",대전,2017-09-09,22.4,27.8,14:49,17.7,5:00,10.1
"		133",대전,2017-09-10,22.7,26.5,13:13,18.5,5:50,8
"		133",대전,2017-09-11,20.4,22.8,0:01,18.1,4:44,4.7
"		133",대전,2017-09-12,21.9,28.2,14:19,17.6,6:15,10.6
"		133",대전,2017-09-13,20.1,27.4,15:25,14.3,6:15,13.1
"		133",대전,2017-09-14,20.9,27.5,14:47,13.9,5:23,13.6
"		133",대전,2017-09-15,21.7,26.1,12:40,18.6,6:36,7.5
"		133",대전,2017-09-16,21.2,24.3,15:58,18.6,6:53,5.7
"		133",대전,2017-09-17,21.5,27.7,14:52,16.7,5:21,11
"		133",대전,2017-09-18,21.3,26.7,14:56,16.3,6:27,10.4
"		133",대전,2017-09-19,22.8,27.2,15:08,17.9,6:01,9.3
"		133",대전,2017-09-20,20,25,15:34,15.4,23:45,9.6
"		133",대전,2017-09-21,18.7,25.9,15:27,12.1,6:33,13.8
"		133",대전,2017-09-22,20.2,26.6,16:09,14.4,6:40,12.2
"		133",대전,2017-09-23,20.4,26.4,15:42,15.5,5:29,10.9
"		133",대전,2017-09-24,22.4,27.2,13:51,18.7,3:22,8.5
"		133",대전,2017-09-25,23.1,28.8,14:36,19,4:30,9.8
"		133",대전,2017-09-26,23.5,29.2,13:57,17.3,6:48,11.9
"		133",대전,2017-09-27,19.3,23.2,0:01,16.7,7:29,6.5
"		133",대전,2017-09-28,20.1,24.8,13:34,15.8,23:47,9
"		133",대전,2017-09-29,15.8,21.6,15:06,10.5,6:26,11.1
"		133",대전,2017-09-30,17.5,25.9,15:09,9.8,5:57,16.1
"		133",대전,2017-10-01,15.6,18.2,13:44,13.5,5:40,4.7
"		133",대전,2017-10-02,19.1,23.4,16:01,15.9,0:01,7.5
"		133",대전,2017-10-03,18,22.9,14:19,14.6,7:01,8.3
"		133",대전,2017-10-04,17.5,23.3,14:37,11.8,6:03,11.5
"		133",대전,2017-10-05,18,21.3,11:39,15.5,4:15,5.8
"		133",대전,2017-10-06,16.9,18.6,15:02,15,4:37,3.6
"		133",대전,2017-10-07,19.9,24.8,16:04,16.9,6:39,7.9
"		133",대전,2017-10-08,20.8,27,13:57,16.5,5:24,10.5
"		133",대전,2017-10-09,21.6,26.1,16:36,17.6,3:23,8.5
"		133",대전,2017-10-10,22.3,26.1,16:38,17.9,6:33,8.2
"		133",대전,2017-10-11,17.5,22.1,0:01,13.4,23:54,8.7
"		133",대전,2017-10-12,12.1,13.4,0:01,9.4,24:00:00,4
"		133",대전,2017-10-13,11.6,18.2,14:22,5.8,6:53,12.4
"		133",대전,2017-10-14,13.5,18.9,13:53,8.4,6:54,10.5
"		133",대전,2017-10-15,15,19.9,14:14,9.7,6:35,10.2
"		133",대전,2017-10-16,16,21,14:04,12.6,23:54,8.4
"		133",대전,2017-10-17,15.7,22.6,14:49,9.2,6:51,13.4
"		133",대전,2017-10-18,16.3,19.5,11:41,14.8,7:06,4.7
"		133",대전,2017-10-19,16.1,21.4,12:49,11.4,7:04,10
"		133",대전,2017-10-20,16.1,22.8,15:10,11.1,6:35,11.7
"		133",대전,2017-10-21,15.7,22.6,14:21,9.8,7:00,12.8
"		133",대전,2017-10-22,15.7,22.5,14:08,10,6:36,12.5
"		133",대전,2017-10-23,13,18.7,15:37,9.1,7:16,9.6
"		133",대전,2017-10-24,12.4,19.3,14:55,6.9,6:23,12.4
"		133",대전,2017-10-25,12.4,19.7,14:51,6.6,5:59,13.1
"		133",대전,2017-10-26,12.8,18.7,15:06,7.8,7:20,10.9
"		133",대전,2017-10-27,14.3,19.5,14:09,11.2,23:54,8.3
"		133",대전,2017-10-28,15.5,23.1,13:58,9.2,6:37,13.9
"		133",대전,2017-10-29,11.6,18.2,13:58,5.6,23:50,12.6
"		133",대전,2017-10-30,7,13.8,14:38,1.4,6:48,12.4
"		133",대전,2017-10-31,8.8,17.2,15:30,0.4,7:10,16.8
"		133",대전,2017-11-01,13.1,19,14:31,7.3,4:49,11.7
"		133",대전,2017-11-02,13.9,19.1,14:59,10.9,6:48,8.2
"		133",대전,2017-11-03,11.3,17.6,15:16,7.6,23:58,10
"		133",대전,2017-11-04,7.7,13.9,15:16,3.2,7:15,10.7
"		133",대전,2017-11-05,7.3,14.7,15:13,0.9,7:20,13.8
"		133",대전,2017-11-06,9.2,17.1,15:04,1.7,7:18,15.4
"		133",대전,2017-11-07,13.5,20.8,15:05,5.6,5:50,15.2
"		133",대전,2017-11-08,13.8,18.9,14:15,7,23:59,11.9
"		133",대전,2017-11-09,8.7,16.8,14:55,2.4,6:41,14.4
"		133",대전,2017-11-10,9.9,18.9,13:33,3.4,7:12,15.5
"		133",대전,2017-11-11,6,12.1,14:25,2,23:52,10.1
"		133",대전,2017-11-12,5.4,13.4,15:25,-0.9,7:07,14.3
"		133",대전,2017-11-13,7.3,12.2,15:41,0.7,3:40,11.5
"		133",대전,2017-11-14,8.8,13.9,13:48,4.3,23:58,9.6
"		133",대전,2017-11-15,5.7,10.3,12:31,2.5,23:53,7.8
"		133",대전,2017-11-16,2.6,8.9,15:10,-2.3,6:03,11.2
"		133",대전,2017-11-17,4.7,9.4,22:32,-2.5,6:59,11.9
"		133",대전,2017-11-18,0.9,7.4,0:01,-3.7,23:34,11.1
"		133",대전,2017-11-19,-0.4,3.7,15:23,-5.8,7:18,9.5
"		133",대전,2017-11-20,3.7,9.1,14:12,-2,7:27,11.1
"		133",대전,2017-11-21,2.5,9.9,14:16,-2.8,7:34,12.7
"		133",대전,2017-11-22,4.7,10.1,15:31,-0.7,1:21,10.8
"		133",대전,2017-11-23,1.1,6,14:28,-2.4,6:55,8.4
"		133",대전,2017-11-24,0.9,3.7,13:12,-1.2,22:40,4.9
"		133",대전,2017-11-25,6.1,11.2,15:23,-1.6,4:07,12.8
"		133",대전,2017-11-26,7.1,11.1,14:32,1.1,23:53,10
"		133",대전,2017-11-27,3.1,10.4,15:30,-2.4,7:07,12.8
"		133",대전,2017-11-28,5.8,12.8,14:20,0.2,7:05,12.6
"		133",대전,2017-11-29,6.4,10.7,12:04,1.7,23:52,9
"		133",대전,2017-11-30,-0.3,5,15:18,-3.8,22:40,8.8
"		133",대전,2017-12-01,-0.6,4.4,14:51,-6.5,7:36,10.9
"		133",대전,2017-12-02,2,7.6,14:46,-2.5,7:21,10.1
"		133",대전,2017-12-03,5.6,12.8,13:05,-1.1,2:48,13.9
"		133",대전,2017-12-04,2.3,5.9,0:01,-2.5,22:55,8.4
"		133",대전,2017-12-05,-3.2,1.8,14:03,-7.6,7:07,9.4
"		133",대전,2017-12-06,1.5,7,14:41,-4.7,0:04,11.7
"		133",대전,2017-12-07,3.2,7.5,14:09,-0.5,23:58,8
"		133",대전,2017-12-08,-1.7,2.6,14:43,-4.1,5:13,6.7
"		133",대전,2017-12-09,1.2,4.8,12:16,-1.6,0:01,6.4
"		133",대전,2017-12-10,3.1,8.1,15:24,-1,1:30,9.1
"		133",대전,2017-12-11,-4.2,0,0:01,-8.2,23:56,8.2
"		133",대전,2017-12-12,-6.9,-2,14:07,-11.4,6:55,9.4
"		133",대전,2017-12-13,-5.9,0.5,14:31,-9.9,5:15,10.4
"		133",대전,2017-12-14,-4.9,0.8,14:53,-11,7:26,11.8
"		133",대전,2017-12-15,-1.3,3.6,14:49,-8.1,6:49,11.7
"		133",대전,2017-12-16,-2.1,2.1,0:01,-5.7,23:55,7.8
"		133",대전,2017-12-17,-5.1,0.4,15:26,-9.4,7:54,9.8
"		133",대전,2017-12-18,1,7,15:14,-6.4,0:40,13.4
"		133",대전,2017-12-19,-2.1,3.6,0:14,-5.7,22:59,9.3
"		133",대전,2017-12-20,-1.3,5.6,14:07,-8.3,7:06,13.9
"		133",대전,2017-12-21,-0.6,4.5,15:26,-3.9,7:56,8.4
"		133",대전,2017-12-22,1.9,9.1,14:39,-3.9,1:53,13
"		133",대전,2017-12-23,3.9,11.5,14:59,-1.1,5:21,12.6
"		133",대전,2017-12-24,3.2,6,13:41,0.7,23:37,5.3
"		133",대전,2017-12-25,-0.2,3.2,14:02,-2.8,7:39,6
"		133",대전,2017-12-26,-1.1,3.4,14:04,-5.1,23:50,8.5
"		133",대전,2017-12-27,-5.1,0.5,16:07,-9,7:23,9.5
"		133",대전,2017-12-28,-1.6,3,14:10,-6.9,0:18,9.9
"		133",대전,2017-12-29,2.9,6.2,15:35,-0.5,0:01,6.7
"		133",대전,2017-12-30,3.5,7.6,12:54,0.1,2:25,7.5
"		133",대전,2017-12-31,1.3,5.6,13:58,-2.2,23:52,7.8
"		133",대전,2018-06-01,23.4,31.1,15:26,15.9,5:19,15.2
"		133",대전,2018-06-02,23.4,31.5,15:02,15.8,5:24,15.7
"		133",대전,2018-06-03,23.6,31.1,15:48,15.8,5:33,15.3
"		133",대전,2018-06-04,23.5,29.3,15:01,18.1,5:58,11.2
"		133",대전,2018-06-05,23.9,28.7,15:07,19.3,5:32,9.4
"		133",대전,2018-06-06,24.6,30.7,15:32,18.7,5:24,12
"		133",대전,2018-06-07,24.6,30.6,16:47,20.5,2:08,10.1
"		133",대전,2018-06-08,22.5,27.7,15:58,19.5,5:09,8.2
"		133",대전,2018-06-09,23.1,29,14:54,17.6,5:46,11.4
"		133",대전,2018-06-10,21.6,25.8,12:46,18.5,4:05,7.3
"		133",대전,2018-06-11,20.4,23.7,13:07,18.1,5:39,5.6
"		133",대전,2018-06-12,21.2,25.2,13:50,18.3,6:32,6.9
"		133",대전,2018-06-13,22.8,28.7,15:27,16.5,5:32,12.2
"		133",대전,2018-06-14,22.6,27.9,15:08,19.1,5:20,8.8
"		133",대전,2018-06-15,21.5,26.4,16:02,17,4:44,9.4
"		133",대전,2018-06-16,22.3,28.3,16:09,15.9,5:04,12.4
"		133",대전,2018-06-17,23.5,29.9,16:08,17.4,5:11,12.5
"		133",대전,2018-06-18,25.7,32.2,15:32,20.3,4:37,11.9
"		133",대전,2018-06-19,21.3,24.7,10:28,19.1,23:54,5.6
"		133",대전,2018-06-20,23.4,29.3,16:41,18.6,1:03,10.7
"		133",대전,2018-06-21,23.7,30.1,15:51,18.9,4:42,11.2
"		133",대전,2018-06-22,25,32.3,14:27,17.2,5:12,15.1
"		133",대전,2018-06-23,24.5,30.4,15:22,20.1,6:01,10.3
"		133",대전,2018-06-24,26.2,33.8,14:56,19.4,5:29,14.4
"		133",대전,2018-06-25,26.6,32.9,14:55,19.3,5:18,13.6
"		133",대전,2018-06-26,24,26.9,18:43,21.3,8:43,5.6
"		133",대전,2018-06-27,25.4,29.9,16:05,22.9,5:55,7
"		133",대전,2018-06-28,24.4,26.4,15:51,23.3,3:02,3.1
"		133",대전,2018-06-29,25.5,30.8,15:28,19.8,1:54,11
"		133",대전,2018-06-30,24.9,28.6,12:23,22.5,23:42,6.1
"		133",대전,2018-07-01,22,25.4,12:26,20.5,5:42,4.9
"		133",대전,2018-07-02,22.8,24.4,12:36,21,5:51,3.4
"		133",대전,2018-07-03,25.5,28.6,11:48,22.4,4:21,6.2
"		133",대전,2018-07-04,26.6,30.6,13:44,23.4,5:43,7.2
"		133",대전,2018-07-05,25.5,30.7,14:26,23.2,23:47,7.5
"		133",대전,2018-07-06,22.2,24.5,16:18,20.6,24:00:00,3.9
"		133",대전,2018-07-07,23,27.6,15:39,18.9,3:53,8.7
"		133",대전,2018-07-08,22.3,26,14:33,17.5,5:28,8.5
"		133",대전,2018-07-09,20.5,21.8,0:01,19.3,9:52,2.5
"		133",대전,2018-07-10,26.2,31.6,16:50,20.5,5:21,11.1
"		133",대전,2018-07-11,28.4,32.9,16:25,24.4,5:19,8.5
"		133",대전,2018-07-12,29,32.9,16:00,25.8,5:45,7.1
"		133",대전,2018-07-13,28.8,32.5,16:25,26.1,5:13,6.4
"		133",대전,2018-07-14,28.7,32.9,17:27,25.4,5:54,7.5
"		133",대전,2018-07-15,29.4,34.4,16:04,24.7,5:46,9.7
"		133",대전,2018-07-16,29.7,34.3,15:26,25.7,5:09,8.6
"		133",대전,2018-07-17,29,33.5,15:49,25.4,6:13,8.1
"		133",대전,2018-07-18,29,33,14:50,24.8,5:38,8.2
"		133",대전,2018-07-19,29.2,34.7,15:46,24.8,5:08,9.9
"		133",대전,2018-07-20,29.9,35.3,15:02,23.7,5:53,11.6
"		133",대전,2018-07-21,30.8,36.3,14:27,25.6,5:40,10.7
"		133",대전,2018-07-22,30.9,36.5,15:36,25.6,5:38,10.9
"		133",대전,2018-07-23,30.8,35.3,16:35,26.5,5:36,8.8
"		133",대전,2018-07-24,31.3,36.3,13:36,26.2,5:11,10.1
"		133",대전,2018-07-25,30.6,34.4,15:20,27.5,5:33,6.9
"		133",대전,2018-07-26,30.7,35.5,15:16,26.2,5:35,9.3
"		133",대전,2018-07-27,31.2,37.3,16:16,26.2,5:21,11.1
"		133",대전,2018-07-28,29.5,37.3,15:28,26.4,23:31,10.9
"		133",대전,2018-07-29,30.1,35.4,16:05,25.5,5:47,9.9
"		133",대전,2018-07-30,30.5,35.8,15:42,26,4:44,9.8
"		133",대전,2018-07-31,31.4,37.2,14:42,25.4,5:59,11.8
"		133",대전,2018-08-01,32.9,38.9,16:02,26.3,5:49,12.6
"		133",대전,2018-08-02,33.4,38.6,14:06,27.6,6:10,11
"		133",대전,2018-08-03,32.8,37.8,14:54,27.5,5:30,10.3
"		133",대전,2018-08-04,31.3,35.7,14:50,28,5:59,7.7
"		133",대전,2018-08-05,30.6,35,16:24,26.8,3:10,8.2
"		133",대전,2018-08-06,30.8,35.7,13:58,27,6:00,8.7
"		133",대전,2018-08-07,31.5,36.7,14:43,27.6,5:39,9.1
"		133",대전,2018-08-08,31.2,36.4,15:08,27.9,5:29,8.5
"		133",대전,2018-08-09,30.4,35.7,16:06,26.6,5:11,9.1
"		133",대전,2018-08-10,30.9,36.3,15:10,27.5,6:29,8.8
"		133",대전,2018-08-11,30,34.7,12:53,26.9,5:33,7.8
"		133",대전,2018-08-12,30.1,35.3,14:40,25.9,4:48,9.4
"		133",대전,2018-08-13,31.2,38,15:56,26.2,5:30,11.8
"		133",대전,2018-08-14,32.3,38.1,16:27,27.4,6:03,10.7
"		133",대전,2018-08-15,32.9,39.4,15:36,26.8,5:59,12.6
"		133",대전,2018-08-16,30,36.8,13:38,25.8,24:00:00,11
"		133",대전,2018-08-17,27,32.5,14:21,23.2,5:59,9.3
"		133",대전,2018-08-18,26.7,32.5,14:52,20.4,6:12,12.1
"		133",대전,2018-08-19,28.2,34.7,16:45,21.4,6:16,13.3
"		133",대전,2018-08-20,29.4,35.3,13:34,24.2,5:30,11.1
"		133",대전,2018-08-21,27.7,30.7,12:01,25.8,23:47,4.9
"		133",대전,2018-08-22,30.8,38.7,14:29,23.7,5:24,15
"		133",대전,2018-08-23,28.8,32,13:37,26.4,23:56,5.6
"		133",대전,2018-08-24,25.2,26.7,15:21,23.7,24:00:00,3
"		133",대전,2018-08-25,25.1,27.8,13:57,23.4,5:34,4.4
"		133",대전,2018-08-26,21.3,24.4,10:23,20.1,22:34,4.3
"		133",대전,2018-08-27,23.6,25.6,15:29,20.4,0:01,5.2
"		133",대전,2018-08-28,26.1,29.3,17:20,23.9,6:01,5.4
"		133",대전,2018-08-29,27.7,32.2,14:52,23.9,5:58,8.3
"		133",대전,2018-08-30,25.9,28.8,13:40,24.4,23:33,4.4
"		133",대전,2018-08-31,22.2,25.7,17:08,19.5,6:26,6.2
"		133",대전,2018-09-01,24.4,29.5,15:34,20.6,6:01,8.9
"		133",대전,2018-09-02,24,29,14:23,19.2,6:23,9.8
"		133",대전,2018-09-03,24.4,29.8,13:17,22.6,5:21,7.2
"		133",대전,2018-09-04,23.9,28.2,15:10,21,23:48,7.2
"		133",대전,2018-09-05,23.9,28.6,14:27,19.2,6:14,9.4
"		133",대전,2018-09-06,23.7,27,13:15,20.8,5:17,6.2
"		133",대전,2018-09-07,22,25.7,14:06,18.9,23:56,6.8
"		133",대전,2018-09-08,20.8,26.7,15:13,14.6,6:36,12.1
"		133",대전,2018-09-09,21.9,28.2,16:23,15.8,6:04,12.4
"		133",대전,2018-09-10,22.1,27.5,15:18,17.6,6:21,9.9
"		133",대전,2018-09-11,20.7,24.9,12:16,15.9,5:59,9
"		133",대전,2018-09-12,22.3,28,13:54,15.5,6:15,12.5
"		133",대전,2018-09-13,21.6,24.4,16:21,20.3,5:58,4.1
"		133",대전,2018-09-14,21.9,23.1,14:22,20.1,3:53,3
"		133",대전,2018-09-15,22.6,24.2,13:14,21.1,7:46,3.1
"		133",대전,2018-09-16,22.6,25.5,12:09,20.8,23:10,4.7
"		133",대전,2018-09-17,22.7,27.7,14:46,19.3,23:43,8.4
"		133",대전,2018-09-18,21.8,28.1,15:14,16.5,6:20,11.6
"		133",대전,2018-09-19,21.4,25.3,14:40,17.1,5:02,8.2
"		133",대전,2018-09-20,21,22,11:59,19.1,8:24,2.9
"		133",대전,2018-09-21,19.7,20.8,16:14,18.9,5:09,1.9
"		133",대전,2018-09-22,20.9,26.1,15:13,16.3,23:54,9.8
"		133",대전,2018-09-23,18.9,25.3,15:38,14.9,3:16,10.4
"		133",대전,2018-09-24,16.9,22.7,14:59,13,23:50,9.7
"		133",대전,2018-09-25,17.4,24.1,14:58,9.9,6:22,14.2
"		133",대전,2018-09-26,18.7,23.5,14:56,15.4,6:06,8.1
"		133",대전,2018-09-27,18.6,24.7,15:10,12.6,6:28,12.1
"		133",대전,2018-09-28,17.6,21,14:41,13,6:22,8
"		133",대전,2018-09-29,20,25.8,14:26,13.7,6:17,12.1
"		133",대전,2018-09-30,18.6,24.8,13:05,14.6,23:17,10.2
"		133",대전,2018-10-01,15.5,19.6,14:47,12,6:27,7.6
"		133",대전,2018-10-02,15.8,22.1,14:41,10.6,6:24,11.5
"		133",대전,2018-10-03,16,22.9,15:03,10.1,6:02,12.8
"		133",대전,2018-10-04,19.1,25.6,15:25,11.8,6:26,13.8
"		133",대전,2018-10-05,17.8,19.7,0:01,16.4,6:14,3.3
"		133",대전,2018-10-06,17.9,20.5,14:21,17.1,2:50,3.4
"		133",대전,2018-10-07,17.2,23.2,14:38,12.3,23:54,10.9
"		133",대전,2018-10-08,13.8,20.4,14:05,9,6:40,11.4
"		133",대전,2018-10-09,14.8,19.6,15:44,10.2,0:08,9.4
"		133",대전,2018-10-10,13.9,17.6,13:41,8.4,23:57,9.2
"		133",대전,2018-10-11,10.7,15.9,14:38,5.8,6:47,10.1
"		133",대전,2018-10-12,10.8,17.5,15:03,5.2,6:45,12.3
"		133",대전,2018-10-13,11.7,19.6,15:02,4.9,6:42,14.7
"		133",대전,2018-10-14,13.2,19.7,15:01,6.9,6:34,12.8
"		133",대전,2018-10-15,14.2,20.7,14:39,8.1,6:41,12.6
"		133",대전,2018-10-16,13,17.4,15:57,10.3,5:16,7.1
"		133",대전,2018-10-17,12.5,19.6,14:18,7.7,6:40,11.9
"		133",대전,2018-10-18,11.6,18.3,14:04,5.5,6:35,12.8
"		133",대전,2018-10-19,12.2,18.6,15:01,7.5,6:57,11.1
"		133",대전,2018-10-20,12.1,20.7,15:39,5.6,6:57,15.1
"		133",대전,2018-10-21,12.1,21,15:12,5.4,6:34,15.6
"		133",대전,2018-10-22,13.4,21,15:08,8.1,2:56,12.9
"		133",대전,2018-10-23,12.7,19.6,15:06,8.4,6:27,11.2
"		133",대전,2018-10-24,12.6,19.3,15:10,7.6,7:04,11.7
"		133",대전,2018-10-25,12.8,21.5,15:15,6.7,5:27,14.8
"		133",대전,2018-10-26,11.6,13.4,16:01,10.2,6:21,3.2
"		133",대전,2018-10-27,10.3,14.2,14:58,6.1,23:51,8.1
"		133",대전,2018-10-28,9.4,16.3,13:37,6,5:58,10.3
"		133",대전,2018-10-29,9.1,14,15:21,6.3,2:29,7.7
"		133",대전,2018-10-30,6.8,12.8,14:59,1.5,7:08,11.3
"		133",대전,2018-10-31,8.1,14.5,14:47,3.8,1:23,10.7
"		133",대전,2018-11-01,7.7,15.9,14:52,1.4,6:44,14.5
"		133",대전,2018-11-02,9.2,18.5,15:00,1.8,7:00,16.7
"		133",대전,2018-11-03,10,19.1,14:35,3,6:54,16.1
"		133",대전,2018-11-04,10.2,18.8,15:18,3.7,6:42,15.1
"		133",대전,2018-11-05,10.5,17.8,13:59,4,7:16,13.8
"		133",대전,2018-11-06,11.5,19.4,14:58,5.2,7:04,14.2
"		133",대전,2018-11-07,12.6,14,14:51,11,5:38,3
"		133",대전,2018-11-08,14,16.5,19:25,12.5,2:52,4
"		133",대전,2018-11-09,11.6,14.9,14:30,7.9,23:52,7
"		133",대전,2018-11-10,11.1,17.4,13:06,6.3,6:32,11.1
"		133",대전,2018-11-11,9.5,11.6,16:10,6.7,3:15,4.9
"		133",대전,2018-11-12,8.8,14.7,14:11,4.6,7:07,10.1
"		133",대전,2018-11-13,8.3,15.5,15:40,3,5:24,12.5
"		133",대전,2018-11-14,9,16.8,15:34,3.3,7:03,13.5
"		133",대전,2018-11-15,9.1,16.6,15:34,3.3,6:49,13.3
"		133",대전,2018-11-16,9.7,14.2,14:34,6.2,5:51,8
"		133",대전,2018-11-17,6.8,13,14:29,2.2,7:43,10.8
"		133",대전,2018-11-18,5.5,11.3,15:15,0.8,7:11,10.5
"		133",대전,2018-11-19,8.6,14.7,14:56,2.8,7:46,11.9
"		133",대전,2018-11-20,6.2,14,14:12,0.5,7:45,13.5
"		133",대전,2018-11-21,4.6,11.1,13:00,1.8,2:35,9.3
"		133",대전,2018-11-22,3.8,9.3,14:31,-0.9,7:28,10.2
"		133",대전,2018-11-23,2.4,8.2,13:31,-2.3,7:18,10.5
"		133",대전,2018-11-24,3.9,6.7,15:44,0,0:19,6.7
"		133",대전,2018-11-25,6.9,11.4,14:01,3.7,23:49,7.7
"		133",대전,2018-11-26,6.1,14.4,15:05,1.2,5:11,13.2
"		133",대전,2018-11-27,7.7,14.2,13:09,0.4,7:41,13.8
"		133",대전,2018-11-28,5.2,10.7,15:52,1.5,24:00:00,9.2
"		133",대전,2018-11-29,4.7,9.4,15:50,-0.7,6:50,10.1
"		133",대전,2018-11-30,5.7,11.6,15:37,1.4,7:54,10.2
"		133",대전,2018-12-01,5.2,12.1,14:32,1,5:34,11.1
"		133",대전,2018-12-02,8,15,15:49,0.6,6:52,14.4
"		133",대전,2018-12-03,12.6,15,17:41,9.3,4:56,5.7
"		133",대전,2018-12-04,9.5,14.6,0:01,3.3,24:00:00,11.3
"		133",대전,2018-12-05,1.5,5.3,13:44,-2.7,7:03,8
"		133",대전,2018-12-06,2.7,5.7,15:15,0.5,6:38,5.2
"		133",대전,2018-12-07,-3.7,2.4,0:31,-7.1,23:51,9.5
"		133",대전,2018-12-08,-6.6,-2.3,15:46,-9.9,7:32,7.6
"		133",대전,2018-12-09,-5.8,-0.5,14:34,-11,7:38,10.5
"		133",대전,2018-12-10,-2.8,4.1,15:28,-8.7,7:13,12.8
"		133",대전,2018-12-11,-0.8,0.4,16:05,-2.8,1:40,3.2
"		133",대전,2018-12-12,-1.2,4,15:15,-4.5,7:33,8.5
"		133",대전,2018-12-13,-0.8,6.1,13:05,-5.6,2:56,11.7
"		133",대전,2018-12-14,-2.7,2.6,14:48,-6.5,7:02,9.1
"		133",대전,2018-12-15,-2.5,4.3,14:37,-8.2,7:34,12.5
"		133",대전,2018-12-16,0.7,6.3,14:16,-3.6,5:06,9.9
"		133",대전,2018-12-17,3.6,7.8,14:19,0.5,2:45,7.3
"		133",대전,2018-12-18,2.9,8.9,14:16,-2.3,6:49,11.2
"		133",대전,2018-12-19,6.7,12.2,13:56,1.6,1:30,10.6
"		133",대전,2018-12-20,4.2,10,15:07,0,24:00:00,10
"		133",대전,2018-12-21,4.6,10,16:10,-2.6,6:50,12.6
"		133",대전,2018-12-22,6.6,13.8,14:25,0.8,7:55,13
"		133",대전,2018-12-23,5.4,10.6,14:10,-0.7,23:56,11.3
"		133",대전,2018-12-24,-0.9,4.2,14:51,-4.9,7:48,9.1
"		133",대전,2018-12-25,-0.3,4.7,16:10,-5.7,6:14,10.4
"		133",대전,2018-12-26,1.7,5.9,14:10,-1.5,23:49,7.4
"		133",대전,2018-12-27,-5.9,-1.5,0:01,-8.4,22:36,6.9
"		133",대전,2018-12-28,-8.6,-4,15:44,-11.1,5:36,7.1
"		133",대전,2018-12-29,-6.1,-0.7,15:19,-10.7,3:31,10
"		133",대전,2018-12-30,-5.4,0.2,15:44,-10.4,7:48,10.6
"		133",대전,2018-12-31,-4.7,2.5,14:53,-10.7,7:54,13.2
"		133",대전,2019-06-01,19.1,24.5,16:42,12.9,5:41,11.6
"		133",대전,2019-06-02,21.5,28.6,16:52,14.6,5:28,14
"		133",대전,2019-06-03,23.4,30.9,16:16,14.6,5:29,16.3
"		133",대전,2019-06-04,24.3,31.7,16:05,17.5,5:45,14.2
"		133",대전,2019-06-05,24.3,30.9,16:04,18.1,5:24,12.8
"		133",대전,2019-06-06,22,28.2,13:38,16.9,23:24,11.3
"		133",대전,2019-06-07,18.8,20.5,17:48,16.6,1:03,3.9
"		133",대전,2019-06-08,21.3,27.2,15:36,16.1,4:50,11.1
"		133",대전,2019-06-09,22.1,28.1,14:08,17.9,23:59,10.2
"		133",대전,2019-06-10,18.9,23.9,15:29,15.1,5:26,8.8
"		133",대전,2019-06-11,21.1,26.2,16:32,16.1,5:32,10.1
"		133",대전,2019-06-12,21.4,27.9,16:08,15.7,5:33,12.2
"		133",대전,2019-06-13,23.4,30.1,15:26,16.5,5:14,13.6
"		133",대전,2019-06-14,21.9,25.1,12:55,19.3,5:22,5.8
"		133",대전,2019-06-15,21.9,27.4,14:16,16.7,5:47,10.7
"		133",대전,2019-06-16,21.9,28.2,15:18,15.9,5:28,12.3
"		133",대전,2019-06-17,22.2,27.6,15:45,17.9,4:55,9.7
"		133",대전,2019-06-18,21.7,25.8,13:32,17.5,5:28,8.3
"		133",대전,2019-06-19,22.7,27,14:07,19.9,3:11,7.1
"		133",대전,2019-06-20,23.9,29.1,16:17,19.2,5:23,9.9
"		133",대전,2019-06-21,23.8,29,15:27,19.8,4:47,9.2
"		133",대전,2019-06-22,23.9,29.7,15:30,19.2,5:35,10.5
"		133",대전,2019-06-23,24.2,29.6,15:27,18.5,5:38,11.1
"		133",대전,2019-06-24,24.9,30.6,14:28,19.1,5:01,11.5
"		133",대전,2019-06-25,26.4,33.2,16:03,19,5:38,14.2
"		133",대전,2019-06-26,22.1,24.8,0:01,20.8,5:42,4
"		133",대전,2019-06-27,24.7,29.2,16:26,21.3,2:09,7.9
"		133",대전,2019-06-28,25.4,29.9,15:12,22.1,5:43,7.8
"		133",대전,2019-06-29,22.2,24,11:06,21.4,5:22,2.6
"		133",대전,2019-06-30,24,28.1,14:23,21.1,4:28,7
"		133",대전,2019-07-01,23.7,27.3,15:37,20.7,23:53,6.6
"		133",대전,2019-07-02,23.8,29.9,16:04,17.2,5:24,12.7
"		133",대전,2019-07-03,24.4,28.8,16:00,20.2,5:53,8.6
"		133",대전,2019-07-04,25.6,32,16:08,19.2,5:33,12.8
"		133",대전,2019-07-05,27.7,35.1,15:05,20,5:46,15.1
"		133",대전,2019-07-06,27.5,33.3,15:10,20.7,5:02,12.6
"		133",대전,2019-07-07,25.3,30.2,15:24,21.1,5:34,9.1
"		133",대전,2019-07-08,24.5,30.5,15:21,19.6,4:03,10.9
"		133",대전,2019-07-09,24.4,29.3,15:46,19.6,5:37,9.7
"		133",대전,2019-07-10,21.6,24,10:17,19.5,22:54,4.5
"		133",대전,2019-07-11,21.3,23.2,13:45,19.5,0:01,3.7
"		133",대전,2019-07-12,23.5,28.1,15:02,19.9,3:05,8.2
"		133",대전,2019-07-13,24.4,28.8,13:50,21.4,1:35,7.4
"		133",대전,2019-07-14,25.9,31,14:26,21.4,5:58,9.6
"		133",대전,2019-07-15,23.8,28.3,12:46,21.5,24:00:00,6.8
"		133",대전,2019-07-16,24.8,30.6,15:08,20.2,5:53,10.4
"		133",대전,2019-07-17,26,30,13:59,22.2,5:59,7.8
"		133",대전,2019-07-18,25.6,28.7,15:51,22.8,5:55,5.9
"		133",대전,2019-07-19,26.6,30,14:09,23.5,5:21,6.5
"		133",대전,2019-07-20,25.6,28.5,13:00,23.8,5:41,4.7
"		133",대전,2019-07-21,24.8,27.3,16:56,22.3,3:58,5
"		133",대전,2019-07-22,27.9,32,15:30,25.4,5:00,6.6
"		133",대전,2019-07-23,29,33.1,14:52,26.2,5:26,6.9
"		133",대전,2019-07-24,27.7,29.7,14:21,25.5,4:35,4.2
"		133",대전,2019-07-25,26.4,27.8,16:02,25.6,4:59,2.2
"		133",대전,2019-07-26,27,29.8,12:30,25.7,5:49,4.1
"		133",대전,2019-07-27,27.9,31.4,14:04,25.1,5:41,6.3
"		133",대전,2019-07-28,26.7,28.8,10:51,25.5,13:28,3.3
"		133",대전,2019-07-29,28.5,32.8,14:35,24.5,5:23,8.3
"		133",대전,2019-07-30,29.4,33.3,15:46,26.4,2:23,6.9
"		133",대전,2019-07-31,29.6,33,14:16,27.4,5:45,5.6
"		133",대전,2019-08-01,29.5,33.9,17:35,26.2,5:10,7.7
"		133",대전,2019-08-02,30,34.2,15:13,25.9,5:51,8.3
"		133",대전,2019-08-03,29.9,35.6,12:52,26,5:57,9.6
"		133",대전,2019-08-04,29.8,35.6,15:26,25.7,6:05,9.9
"		133",대전,2019-08-05,30.7,36,14:13,25.7,5:10,10.3
"		133",대전,2019-08-06,29.7,32.7,14:22,26.7,6:16,6
"		133",대전,2019-08-07,28.6,33.3,15:10,24.3,3:30,9
"		133",대전,2019-08-08,28.5,33.8,15:03,26,21:18,7.8
"		133",대전,2019-08-09,29.5,34,14:59,25.6,2:41,8.4
"		133",대전,2019-08-10,30.2,34.5,14:53,26.3,5:52,8.2
"		133",대전,2019-08-11,29.7,33.9,13:14,26.4,6:02,7.5
"		133",대전,2019-08-12,29,32.5,14:09,26.2,7:40,6.3
"		133",대전,2019-08-13,29.8,34.3,12:49,25.7,5:55,8.6
"		133",대전,2019-08-14,30.1,34,14:03,26.5,6:00,7.5
"		133",대전,2019-08-15,25.8,29.3,0:01,24.7,7:11,4.6
"		133",대전,2019-08-16,26.9,30.7,15:52,24.8,23:57,5.9
"		133",대전,2019-08-17,26.3,29.8,14:08,23.5,23:46,6.3
"		133",대전,2019-08-18,25.6,30.9,15:30,20.5,5:36,10.4
"		133",대전,2019-08-19,26.5,31.9,14:25,21,5:57,10.9
"		133",대전,2019-08-20,27.8,32.2,14:02,23.5,6:13,8.7
"		133",대전,2019-08-21,27.3,32,14:06,23.4,6:24,8.6
"		133",대전,2019-08-22,26.5,29.7,15:08,23.5,23:59,6.2
"		133",대전,2019-08-23,25.2,29.9,15:26,22.1,23:54,7.8
"		133",대전,2019-08-24,23.6,27.1,14:58,20.6,6:03,6.5
"		133",대전,2019-08-25,24.6,29.9,15:38,20.1,6:12,9.8
"		133",대전,2019-08-26,25.9,31.5,14:51,19.3,6:11,12.2
"		133",대전,2019-08-27,22.4,26.1,0:01,20.1,8:38,6
"		133",대전,2019-08-28,24.2,28.4,14:26,21.6,1:14,6.8
"		133",대전,2019-08-29,23.2,26.9,11:36,20.7,15:54,6.2
"		133",대전,2019-08-30,23.2,27.8,15:01,19.4,5:01,8.4
"		133",대전,2019-08-31,23.3,28.3,15:39,18.3,6:19,10
"		133",대전,2019-09-01,23.5,28.3,14:18,18.9,6:18,9.4
"		133",대전,2019-09-02,22.6,26.7,13:49,20.5,6:18,6.2
"		133",대전,2019-09-03,22.3,23.9,13:54,20.3,6:18,3.6
"		133",대전,2019-09-04,24.5,28.2,14:28,22.2,7:18,6
"		133",대전,2019-09-05,24.4,28.2,13:02,22.8,5:33,5.4
"		133",대전,2019-09-06,25.6,27.6,12:45,22.6,5:50,5
"		133",대전,2019-09-07,26.2,29.9,11:57,23.9,20:22,6
"		133",대전,2019-09-08,25.3,29.1,14:17,23.3,6:03,5.8
"		133",대전,2019-09-09,24,25.3,16:01,22.3,8:04,3
"		133",대전,2019-09-10,27.2,31.5,15:00,23.4,3:43,8.1
"		133",대전,2019-09-11,25.3,28.7,15:14,23.7,23:55,5
"		133",대전,2019-09-12,20.8,23.7,0:01,19.5,23:57,4.2
"		133",대전,2019-09-13,22.9,28.2,15:00,17.2,5:01,11
"		133",대전,2019-09-14,23.4,28.2,13:42,19.2,5:31,9
"		133",대전,2019-09-15,25.3,30.5,15:05,21.4,6:29,9.1
"		133",대전,2019-09-16,24.5,29.1,14:53,21,6:10,8.1
"		133",대전,2019-09-17,23,28.5,14:01,17.2,6:22,11.3
"		133",대전,2019-09-18,21.9,28.7,14:21,15.6,23:56,13.1
"		133",대전,2019-09-19,20.2,26.9,14:39,13.2,5:56,13.7
"		133",대전,2019-09-20,20,23,11:53,17.4,6:21,5.6
"		133",대전,2019-09-21,17.8,20.1,9:48,15.9,22:55,4.2
"		133",대전,2019-09-22,16.4,17.4,15:43,15.6,2:16,1.8
"		133",대전,2019-09-23,17.8,21.7,13:57,14.6,23:56,7.1
"		133",대전,2019-09-24,18.3,25.2,15:28,12.3,6:15,12.9
"		133",대전,2019-09-25,18.8,24,14:01,13,5:59,11
"		133",대전,2019-09-26,20.9,25.3,15:01,17.5,6:49,7.8
"		133",대전,2019-09-27,22.7,28.5,16:03,17.1,6:48,11.4
"		133",대전,2019-09-28,24.2,29.2,13:53,20.3,6:58,8.9
"		133",대전,2019-09-29,22.7,28.5,14:59,18.7,23:33,9.8
"		133",대전,2019-09-30,22.1,29.1,15:40,15.9,6:33,13.2
"		133",대전,2019-10-01,22.1,25.8,13:48,18.6,5:46,7.2
"		133",대전,2019-10-02,21.1,22.2,5:56,20.3,23:47,1.9
"		133",대전,2019-10-03,22.2,26.9,15:32,19.5,4:44,7.4
"		133",대전,2019-10-04,22.5,27.5,15:18,19.7,3:28,7.8
"		133",대전,2019-10-05,19.2,21.1,0:01,16.5,23:36,4.6
"		133",대전,2019-10-06,18.4,22.6,15:04,15.6,6:25,7
"		133",대전,2019-10-07,15.7,16.9,0:01,14.5,7:40,2.4
"		133",대전,2019-10-08,15.6,21.8,14:16,9.9,24:00:00,11.9
"		133",대전,2019-10-09,13.2,20.2,14:52,6.5,6:38,13.7
"		133",대전,2019-10-10,14.1,19.7,14:55,9.6,3:56,10.1
"		133",대전,2019-10-11,17.4,24.6,14:50,11.8,4:50,12.8
"		133",대전,2019-10-12,18.3,24.2,15:01,14,5:47,10.2
"		133",대전,2019-10-13,16.7,22.9,14:21,10.6,6:30,12.3
"		133",대전,2019-10-14,14.6,21.1,13:54,9.8,23:57,11.3
"		133",대전,2019-10-15,14.2,20.3,13:19,8.2,2:56,12.1
"		133",대전,2019-10-16,14.5,20.9,15:15,9,6:43,11.9
"		133",대전,2019-10-17,15,20.5,15:30,11.3,4:47,9.2
"		133",대전,2019-10-18,15.8,20.8,15:51,11,4:45,9.8
"		133",대전,2019-10-19,16.7,22.9,15:45,13,6:53,9.9
"		133",대전,2019-10-20,15.4,22.4,14:49,10.8,6:59,11.6
"		133",대전,2019-10-21,15.5,23.3,15:18,9.5,5:39,13.8
"		133",대전,2019-10-22,16.9,23.5,14:51,11,6:39,12.5
"		133",대전,2019-10-23,16.5,18.6,13:10,12.9,4:10,5.7
"		133",대전,2019-10-24,18.9,23.6,14:26,15.4,7:18,8.2
"		133",대전,2019-10-25,17.3,23,13:10,12,6:10,11
"		133",대전,2019-10-26,12.7,17.4,14:37,8.3,23:53,9.1
"		133",대전,2019-10-27,10.8,17.4,14:23,5.4,6:54,12
"		133",대전,2019-10-28,11.9,18.5,14:15,4.6,6:55,13.9
"		133",대전,2019-10-29,14.1,18.4,14:38,9.9,23:56,8.5
"		133",대전,2019-10-30,11.6,18.3,15:08,5.8,7:07,12.5
"		133",대전,2019-10-31,13.3,20.2,13:52,6,6:55,14.2
"		133",대전,2019-11-01,14.6,22,14:28,10.1,23:58,11.9
"		133",대전,2019-11-02,13.2,19.2,15:18,7.1,6:59,12.1
"		133",대전,2019-11-03,14.4,20.2,15:04,10.2,7:14,10
"		133",대전,2019-11-04,13.6,20.8,13:26,9.1,7:11,11.7
"		133",대전,2019-11-05,12.1,19.6,13:41,6.4,7:09,13.2
"		133",대전,2019-11-06,11.8,18.5,13:50,5.9,7:17,12.6
"		133",대전,2019-11-07,10.8,17.8,14:47,5.3,23:58,12.5
"		133",대전,2019-11-08,6.8,14.6,14:47,1.2,6:49,13.4
"		133",대전,2019-11-09,8.1,17.2,14:52,0.6,7:04,16.6
"		133",대전,2019-11-10,9.1,16.6,15:49,3.3,6:51,13.3
"		133",대전,2019-11-11,11.7,16.3,14:22,8.8,2:12,7.5
"		133",대전,2019-11-12,9.6,16.1,14:42,5,6:45,11.1
"		133",대전,2019-11-13,8.2,13.2,15:26,4.4,4:59,8.8
"		133",대전,2019-11-14,2.9,7.7,0:01,-0.2,23:41,7.9
"		133",대전,2019-11-15,9.6,17.1,13:49,-1.3,2:51,18.4
"		133",대전,2019-11-16,13,18.9,13:20,8.3,23:53,10.6
"		133",대전,2019-11-17,9.8,12.9,23:33,6.3,6:02,6.6
"		133",대전,2019-11-18,7.7,13.8,1:24,3.1,21:51,10.7
"		133",대전,2019-11-19,2.6,5.8,13:42,-0.2,7:41,6
"		133",대전,2019-11-20,2,8.4,14:50,-2.4,7:20,10.8
"		133",대전,2019-11-21,4.3,11,14:24,-2.6,6:37,13.6
"		133",대전,2019-11-22,9.9,18.1,15:16,3,7:40,15.1
"		133",대전,2019-11-23,11.4,18.8,14:41,4.7,7:36,14.1
"		133",대전,2019-11-24,12.8,21.2,14:25,7.3,7:46,13.9
"		133",대전,2019-11-25,3.6,9.4,0:01,1.7,23:21,7.7
"		133",대전,2019-11-26,7.7,15.8,15:25,0.3,6:17,15.5
"		133",대전,2019-11-27,5.8,8.8,0:01,1.6,23:55,7.2
"		133",대전,2019-11-28,4.6,12.7,14:12,-1,6:19,13.7
"		133",대전,2019-11-29,2.9,9.7,15:25,-1.6,7:41,11.3
"		133",대전,2019-11-30,4.9,13,14:45,-2.5,7:00,15.5
"		133",대전,2019-12-01,6.4,8.2,11:33,4.7,7:25,3.5
"		133",대전,2019-12-02,2.7,7.1,13:59,-1.4,22:58,8.5
"		133",대전,2019-12-03,2.3,6.5,11:43,-2.5,7:10,9
"		133",대전,2019-12-04,5.7,10.5,15:18,1.4,0:28,9.1
"		133",대전,2019-12-05,-0.6,4,14:10,-5.5,23:59,9.5
"		133",대전,2019-12-06,-4.4,1.9,14:54,-9.6,7:09,11.5
"		133",대전,2019-12-07,-0.1,6.6,13:11,-7.2,4:27,13.8
"		133",대전,2019-12-08,1.2,7.7,14:56,-2.7,7:39,10.4
"		133",대전,2019-12-09,3.3,11.2,15:19,-3.8,7:03,15
"		133",대전,2019-12-10,7.8,13.9,15:20,3,4:57,10.9
"		133",대전,2019-12-11,7.9,12.6,10:14,2.5,23:51,10.1
"		133",대전,2019-12-12,1,6.5,14:41,-2.8,7:48,9.3
"		133",대전,2019-12-13,0.9,7.4,15:44,-4.8,7:21,12.2
"		133",대전,2019-12-14,4.4,8.9,14:56,1.5,0:01,7.4
"		133",대전,2019-12-15,5.4,13.5,14:25,-2.2,7:44,15.7
"		133",대전,2019-12-16,7.9,15.2,14:28,1.9,6:19,13.3
"		133",대전,2019-12-17,7.7,10.5,16:00,5.3,3:41,5.2
"		133",대전,2019-12-18,2.7,6.3,0:01,0.1,23:54,6.2
"		133",대전,2019-12-19,0.8,6.1,14:23,-2.7,8:12,8.8
"		133",대전,2019-12-20,0.9,5.5,14:44,-2.3,23:55,7.8
"		133",대전,2019-12-21,0.3,6.5,14:54,-4.5,6:20,11
"		133",대전,2019-12-22,3.2,10,15:39,-1.1,0:42,11.1
"		133",대전,2019-12-23,3.8,8.7,13:39,0,23:57,8.7
"		133",대전,2019-12-24,1.2,7.8,14:58,-2.4,8:00,10.2
"		133",대전,2019-12-25,2.2,8.9,14:46,-3.6,6:45,12.5
"		133",대전,2019-12-26,2.4,4,0:01,0.5,23:27,3.5
"		133",대전,2019-12-27,0.1,5.2,14:32,-3.1,8:05,8.3
"		133",대전,2019-12-28,0.6,8.2,15:09,-5,8:05,13.2
"		133",대전,2019-12-29,2,6.3,15:59,-2.3,4:27,8.6
"		133",대전,2019-12-30,4.2,9.4,13:11,-0.4,23:47,9.8
"		133",대전,2019-12-31,-4.7,-0.4,0:01,-7.5,23:51,7.1
"		133",대전,2020-06-01,21.1,26.5,14:15,16.3,23:59,10.2
"		133",대전,2020-06-02,20.1,23.2,15:09,15,5:35,8.2
"		133",대전,2020-06-03,23.3,28.8,16:18,19.3,5:32,9.5
"		133",대전,2020-06-04,25.3,30.9,15:24,21.9,0:01,9
"		133",대전,2020-06-05,25.4,30.8,16:10,22,3:28,8.8
"		133",대전,2020-06-06,24.7,31.3,14:14,20,5:31,11.3
"		133",대전,2020-06-07,24,30.1,16:11,20.3,6:00,9.8
"		133",대전,2020-06-08,26.2,32.7,15:24,19.4,5:28,13.3
"		133",대전,2020-06-09,27.3,34.3,15:40,20.3,4:41,14
"		133",대전,2020-06-10,26.1,34.2,13:57,21.6,5:19,12.6
"		133",대전,2020-06-11,25.4,30.8,17:15,20.9,4:04,9.9
"		133",대전,2020-06-12,24.4,26.6,9:28,22,5:32,4.6
"		133",대전,2020-06-13,24.4,29.9,14:25,21.1,3:36,8.8
"		133",대전,2020-06-14,24.4,28.3,14:55,21.3,23:57,7
"		133",대전,2020-06-15,23.3,29,15:17,18.7,5:01,10.3
"		133",대전,2020-06-16,24.2,29.5,16:00,18.7,5:01,10.8
"		133",대전,2020-06-17,23.5,27.8,15:16,20.5,5:11,7.3
"		133",대전,2020-06-18,20.9,22.2,11:18,19.9,5:50,2.3
"		133",대전,2020-06-19,24,29.2,15:53,18.8,6:31,10.4
"		133",대전,2020-06-20,24.8,29.4,14:56,20.2,5:36,9.2
"		133",대전,2020-06-21,26.2,32.2,15:58,20.4,5:35,11.8
"		133",대전,2020-06-22,27.2,33.8,15:04,20.7,5:49,13.1
"		133",대전,2020-06-23,27,31.6,12:37,21.8,5:45,9.8
"		133",대전,2020-06-24,23,26.2,0:01,21.3,19:45,4.9
"		133",대전,2020-06-25,21.8,22.8,8:21,20.2,21:53,2.6
"		133",대전,2020-06-26,23.2,27.6,16:02,19.7,3:25,7.9
"		133",대전,2020-06-27,24.6,30.3,15:03,20,4:45,10.3
"		133",대전,2020-06-28,24.8,30,17:13,19.7,5:32,10.3
"		133",대전,2020-06-29,22.4,27.6,12:48,20.3,19:30,7.3
"		133",대전,2020-06-30,20.3,21.5,15:14,18.3,23:35,3.2
"		133",대전,2020-07-01,20.9,24.3,15:20,17.3,5:26,7
"		133",대전,2020-07-02,23.5,28.8,14:49,17.7,5:21,11.1
"		133",대전,2020-07-03,22,24.6,13:06,19.1,23:23,5.5
"		133",대전,2020-07-04,21.7,26.6,14:39,18.8,4:33,7.8
"		133",대전,2020-07-05,23.5,27,16:25,20.2,0:22,6.8
"		133",대전,2020-07-06,24.3,29.5,13:50,19.9,5:30,9.6
"		133",대전,2020-07-07,24.7,28.7,15:46,22.5,5:48,6.2
"		133",대전,2020-07-08,25.2,30.2,15:41,20.2,5:27,10
"		133",대전,2020-07-09,26.6,31.6,14:54,21.3,5:19,10.3
"		133",대전,2020-07-10,25.4,29.2,16:15,22.1,6:40,7.1
"		133",대전,2020-07-11,26.2,29.4,13:29,23.5,5:29,5.9
"		133",대전,2020-07-12,22.2,25.7,0:01,18.9,23:24,6.8
"		133",대전,2020-07-13,18.8,19.7,18:04,17.7,7:06,2
"		133",대전,2020-07-14,19.9,21.6,13:36,18.9,2:39,2.7
"		133",대전,2020-07-15,21.1,25.1,16:21,19,4:16,6.1
"		133",대전,2020-07-16,23.2,28.2,16:33,19.2,2:36,9
"		133",대전,2020-07-17,25,30.9,16:43,19.9,5:36,11
"		133",대전,2020-07-18,25,29.1,16:26,21.8,5:49,7.3
"		133",대전,2020-07-19,25.6,29.9,13:46,21,6:11,8.9
"		133",대전,2020-07-20,24.5,29.3,2:04,22.5,23:46,6.8
"		133",대전,2020-07-21,25.9,30,16:28,22,5:01,8
"		133",대전,2020-07-22,23.5,25.2,12:14,21.8,22:49,3.4
"		133",대전,2020-07-23,21.7,22.9,10:54,20.8,21:38,2.1
"		133",대전,2020-07-24,21.6,24.2,16:59,20.1,6:27,4.1
"		133",대전,2020-07-25,22.7,25.3,11:08,20.9,6:24,4.4
"		133",대전,2020-07-26,24,27.4,13:30,22,0:20,5.4
"		133",대전,2020-07-27,24.4,27.2,14:48,22.3,24:00:00,4.9
"		133",대전,2020-07-28,24,26.9,13:18,21.7,1:15,5.2
"		133",대전,2020-07-29,24.7,26.2,17:03,22.5,9:32,3.7
"		133",대전,2020-07-30,25,27,17:31,23.2,11:03,3.8
"		133",대전,2020-07-31,25.9,30,15:28,23.7,20:35,6.3
"		133",대전,2020-08-01,25.8,30.4,12:06,23.7,22:05,6.7
"		133",대전,2020-08-02,27.7,30.6,13:39,23.8,0:01,6.8
"		133",대전,2020-08-03,27,30.6,11:15,25,18:06,5.6
"		133",대전,2020-08-04,27.5,32.3,15:44,25.2,4:32,7.1
"		133",대전,2020-08-05,26.4,29.8,10:29,25,5:01,4.8
"		133",대전,2020-08-06,25.5,27.1,16:39,23.4,23:59,3.7
"		133",대전,2020-08-07,23.5,24.2,9:32,23,6:05,1.2
"		133",대전,2020-08-08,23.8,25,16:24,22.8,5:16,2.2
"		133",대전,2020-08-09,26.2,30.1,15:47,23.8,6:45,6.3
"		133",대전,2020-08-10,26.2,29.7,12:28,24.5,1:43,5.2
"		133",대전,2020-08-11,26,27.9,15:02,24.7,20:57,3.2
"		133",대전,2020-08-12,27.3,29.6,16:09,24.8,0:11,4.8
"		133",대전,2020-08-13,28.7,32.2,16:32,25.4,5:08,6.8
"		133",대전,2020-08-14,28.5,31.2,14:21,25.7,5:34,5.5
"		133",대전,2020-08-15,29.2,32.6,15:20,26.3,5:50,6.3
"		133",대전,2020-08-16,28.7,33.3,15:22,24.9,6:24,8.4
"		133",대전,2020-08-17,28.6,33.6,16:30,25,5:38,8.6
"		133",대전,2020-08-18,29.1,33.6,15:41,25.4,6:28,8.2
"		133",대전,2020-08-19,28.9,34.2,15:02,25.3,6:06,8.9
"		133",대전,2020-08-20,29.1,34.6,15:48,24.8,4:58,9.8
"		133",대전,2020-08-21,29,33.7,14:53,25.1,5:26,8.6
"		133",대전,2020-08-22,25.8,31.1,12:54,23.7,21:08,7.4
"		133",대전,2020-08-23,27.1,32.1,16:22,23.1,6:19,9
"		133",대전,2020-08-24,28.5,33.2,14:14,23.1,6:02,10.1
"		133",대전,2020-08-25,29.9,35.4,13:26,24.8,6:11,10.6
"		133",대전,2020-08-26,29.3,33.8,13:18,25.6,23:41,8.2
"		133",대전,2020-08-27,29.5,32.7,16:39,25.3,0:19,7.4
"		133",대전,2020-08-28,29.3,35,14:16,25.1,20:32,9.9
"		133",대전,2020-08-29,27.2,32.8,14:15,25,4:12,7.8
"		133",대전,2020-08-30,27.9,31.8,12:50,25.6,5:15,6.2
"		133",대전,2020-08-31,26.7,31.1,13:31,24.2,6:05,6.9
"		133",대전,2020-09-01,26.9,31.4,14:28,22.4,6:02,9
"		133",대전,2020-09-02,24.6,26.5,14:02,22.9,23:54,3.6
"		133",대전,2020-09-03,23.1,26,13:33,20.9,6:40,5.1
"		133",대전,2020-09-04,24.3,28.8,14:17,20.6,4:15,8.2
"		133",대전,2020-09-05,22.2,25.3,13:48,20.3,5:53,5
"		133",대전,2020-09-06,21.1,25.2,13:02,17.9,23:53,7.3
"		133",대전,2020-09-07,19.3,22.3,22:03,16.3,6:02,6
"		133",대전,2020-09-08,24.3,28.2,15:00,21.9,23:43,6.3
"		133",대전,2020-09-09,22.2,26.5,16:27,18.7,6:38,7.8
"		133",대전,2020-09-10,23.2,28.2,16:41,20,4:47,8.2
"		133",대전,2020-09-11,21.7,24.7,12:08,19.4,23:35,5.3
"		133",대전,2020-09-12,19.3,20.6,12:21,17.8,6:42,2.8
"		133",대전,2020-09-13,21.6,27.1,15:10,18.3,6:13,8.8
"		133",대전,2020-09-14,21.9,27.5,14:44,16.8,6:12,10.7
"		133",대전,2020-09-15,23.4,29.4,15:39,18.5,6:20,10.9
"		133",대전,2020-09-16,21.6,23.7,14:44,20,4:59,3.7
"		133",대전,2020-09-17,21.7,23.8,13:49,19.9,23:53,3.9
"		133",대전,2020-09-18,21.2,25.2,14:20,18,23:51,7.2
"		133",대전,2020-09-19,20,26.6,13:11,15.7,23:36,10.9
"		133",대전,2020-09-20,18.9,25.6,15:02,14.2,5:33,11.4
"		133",대전,2020-09-21,18,24.4,14:50,12.3,6:08,12.1
"		133",대전,2020-09-22,19.1,24.5,14:34,14.9,5:11,9.6
"		133",대전,2020-09-23,19,23.6,13:48,14.4,4:17,9.2
"		133",대전,2020-09-24,20.8,26.4,15:36,15.7,6:44,10.7
"		133",대전,2020-09-25,20,25.9,15:59,14.8,5:54,11.1
"		133",대전,2020-09-26,19.4,25.5,15:16,15,6:20,10.5
"		133",대전,2020-09-27,19.8,26.6,14:49,14.3,6:06,12.3
"		133",대전,2020-09-28,18.9,25.8,15:16,13.4,6:26,12.4
"		133",대전,2020-09-29,18.5,24.6,13:24,12.7,6:03,11.9
"		133",대전,2020-09-30,19.5,26.4,15:19,14,7:06,12.4
"		133",대전,2020-10-01,20.4,25.5,15:20,15.7,6:25,9.8
"		133",대전,2020-10-02,21,25.4,14:09,17,6:39,8.4
"		133",대전,2020-10-03,20,23.6,13:55,17.5,6:51,6.1
"		133",대전,2020-10-04,18,21,15:57,12.8,23:57,8.2
"		133",대전,2020-10-05,13.6,20.3,14:56,7.6,6:46,12.7
"		133",대전,2020-10-06,14.2,20.8,15:08,8.6,6:50,12.2
"		133",대전,2020-10-07,16.8,22.9,13:57,11.1,5:28,11.8
"		133",대전,2020-10-08,17.4,23.2,14:15,12.6,7:00,10.6
"		133",대전,2020-10-09,18,23.4,14:41,12.6,2:05,10.8
"		133",대전,2020-10-10,17.5,23.7,14:44,12,7:00,11.7
"		133",대전,2020-10-11,17.3,22.3,12:17,12.1,6:54,10.2
"		133",대전,2020-10-12,17.1,23.2,14:04,13.5,23:53,9.7
"		133",대전,2020-10-13,12.9,18.2,14:48,8.6,6:35,9.6
"		133",대전,2020-10-14,12.2,19.8,14:59,8,3:41,11.8
"		133",대전,2020-10-15,11.4,18.2,15:36,5.6,6:43,12.6
"		133",대전,2020-10-16,11.4,15.9,15:11,6.8,4:27,9.1
"		133",대전,2020-10-17,12.6,19.4,14:41,7.9,6:01,11.5
"		133",대전,2020-10-18,12.2,20.2,15:13,5,6:28,15.2
"		133",대전,2020-10-19,13.4,21.6,14:30,7,6:20,14.6
"		133",대전,2020-10-20,14,22.8,14:38,7.3,6:34,15.5
"		133",대전,2020-10-21,13.2,16.3,12:27,9.9,2:59,6.4
"		133",대전,2020-10-22,13,19.3,13:14,9,23:53,10.3
"		133",대전,2020-10-23,10.2,15.7,14:49,6.5,6:11,9.2
"		133",대전,2020-10-24,9.3,15.6,13:58,3.9,7:02,11.7
"		133",대전,2020-10-25,11.7,19.5,14:37,4.7,6:54,14.8
"		133",대전,2020-10-26,11.8,19.8,15:20,5.7,6:30,14.1
"		133",대전,2020-10-27,13,21.4,15:05,6,6:23,15.4
"		133",대전,2020-10-28,13.6,20.7,13:48,8.1,23:49,12.6
"		133",대전,2020-10-29,10,17.4,15:50,3.8,6:50,13.6
"		133",대전,2020-10-30,10.9,19.9,14:37,3.4,7:02,16.5
"		133",대전,2020-10-31,12.6,20.3,13:29,5.7,6:51,14.6
"		133",대전,2020-11-01,12.6,13.3,15:27,11.9,7:27,1.4
"		133",대전,2020-11-02,11.3,17.9,14:54,5.8,23:41,12.1
"		133",대전,2020-11-03,6.5,11,14:13,2.2,23:08,8.8
"		133",대전,2020-11-04,4.9,12.2,15:13,-0.6,7:07,12.8
"		133",대전,2020-11-05,8.1,16.9,15:41,-0.4,6:07,17.3
"		133",대전,2020-11-06,11.7,14.9,13:26,8.7,6:55,6.2
"		133",대전,2020-11-07,13.4,20.5,13:21,9.3,7:07,11.2
"		133",대전,2020-11-08,9.6,15.6,12:52,4.7,23:55,10.9
"		133",대전,2020-11-09,7.2,12.5,13:50,0,7:10,12.5
"		133",대전,2020-11-10,8.4,14.9,14:55,3,7:09,11.9
"		133",대전,2020-11-11,8.7,17.7,15:03,1.6,6:28,16.1
"		133",대전,2020-11-12,9.6,19.1,14:15,2,6:50,17.1
"		133",대전,2020-11-13,10,18,14:18,3.3,6:54,14.7
"		133",대전,2020-11-14,11.3,20.1,15:20,5.1,5:46,15
"		133",대전,2020-11-15,11.6,19.8,14:04,5.1,7:08,14.7
"		133",대전,2020-11-16,11.3,18.6,15:11,6,7:00,12.6
"		133",대전,2020-11-17,15.4,20.2,12:18,10.4,0:30,9.8
"		133",대전,2020-11-18,15.4,18.5,13:29,12.3,7:14,6.2
"		133",대전,2020-11-19,16.1,22.1,8:13,10.8,23:52,11.3
"		133",대전,2020-11-20,6.6,10.8,0:01,4.6,23:30,6.2
"		133",대전,2020-11-21,8.3,15,14:20,0.9,7:32,14.1
"		133",대전,2020-11-22,7.9,10.1,0:01,4.2,23:54,5.9
"		133",대전,2020-11-23,3.9,8.8,14:16,0.8,23:54,8
"		133",대전,2020-11-24,4.7,10.3,13:56,0.7,0:02,9.6
"		133",대전,2020-11-25,5.3,12.1,14:57,-0.7,7:23,12.8
"		133",대전,2020-11-26,6.9,12.8,15:04,2.9,5:00,9.9
"		133",대전,2020-11-27,5.9,9.2,11:47,2.9,23:53,6.3
"		133",대전,2020-11-28,2.9,6.4,13:29,0.8,7:41,5.6
"		133",대전,2020-11-29,2,5,13:58,-0.4,5:21,5.4
"		133",대전,2020-11-30,1.2,7.4,14:10,-2.7,6:55,10.1
"		133",대전,2020-12-01,1.5,7.4,15:13,-3.5,7:18,10.9
"		133",대전,2020-12-02,3.4,9.5,15:15,-0.1,6:56,9.6
"		133",대전,2020-12-03,1.5,7.3,13:14,-1.5,6:27,8.8
"		133",대전,2020-12-04,0.4,6.3,15:18,-4,7:37,10.3
"		133",대전,2020-12-05,1.3,7.5,13:25,-2.9,6:26,10.4
"		133",대전,2020-12-06,3.3,10.5,14:44,-1.7,6:27,12.2
"		133",대전,2020-12-07,2.8,7.4,15:25,-0.2,6:20,7.6
"		133",대전,2020-12-08,0.6,6,15:38,-2.9,7:36,8.9
"		133",대전,2020-12-09,1.5,7.8,13:48,-5.2,6:46,13
"		133",대전,2020-12-10,6.1,12.3,13:49,2.7,4:04,9.6
"		133",대전,2020-12-11,6.8,11.3,13:48,3.9,1:12,7.4
"		133",대전,2020-12-12,4.2,9.1,13:38,-0.5,23:54,9.6
"		133",대전,2020-12-13,1.1,6.9,14:31,-2.6,23:37,9.5
"		133",대전,2020-12-14,-4.7,-1.4,13:31,-7.9,22:16,6.5
"		133",대전,2020-12-15,-5.9,-1,14:47,-10.9,7:40,9.9
"		133",대전,2020-12-16,-5.6,0.2,15:14,-10.4,7:30,10.6
"		133",대전,2020-12-17,-3.7,2.7,15:24,-9.1,5:38,11.8
"		133",대전,2020-12-18,0.1,4,10:08,-3.5,23:59,7.5
"		133",대전,2020-12-19,-3.7,1.3,14:55,-8.4,7:46,9.7
"		133",대전,2020-12-20,-2.4,4.1,14:40,-6.9,7:46,11
"		133",대전,2020-12-21,0.4,5.7,12:48,-5,1:38,10.7
"		133",대전,2020-12-22,1.9,8.4,15:04,-2.8,7:56,11.2
"		133",대전,2020-12-23,3.8,9,13:18,-2.1,4:18,11.1
"		133",대전,2020-12-24,4.4,9.9,13:28,0.7,24:00:00,9.2
"		133",대전,2020-12-25,0.3,5.4,15:45,-2.5,23:20,7.9
"		133",대전,2020-12-26,1.4,7.3,15:24,-4.1,5:45,11.4
"		133",대전,2020-12-27,3,8.8,15:16,-2,7:56,10.8
"		133",대전,2020-12-28,5.4,13.4,14:52,-0.2,4:58,13.6
"		133",대전,2020-12-29,1.3,6.3,12:01,-2.2,24:00:00,8.5
"		133",대전,2020-12-30,-7.5,-2.2,0:01,-10.5,23:57,8.3
"		133",대전,2020-12-31,-7.7,-0.9,14:52,-13.2,5:54,12.3
"		133",대전,2021-06-01,22.5,28,14:51,16.3,5:40,11.7
"		133",대전,2021-06-02,24.4,30.6,13:44,18,5:14,12.6
"		133",대전,2021-06-03,19.2,21.7,0:11,17.7,5:14,4
"		133",대전,2021-06-04,18.6,24.4,15:38,13.3,5:52,11.1
"		133",대전,2021-06-05,21.5,26.1,15:22,16.1,0:56,10
"		133",대전,2021-06-06,23.4,28.5,15:51,18.6,5:34,9.9
"		133",대전,2021-06-07,23.3,29.5,16:24,16.9,5:44,12.6
"		133",대전,2021-06-08,24.8,31.2,16:00,18.7,4:58,12.5
"		133",대전,2021-06-09,26.9,32.9,15:36,20.1,5:56,12.8
"		133",대전,2021-06-10,25.7,31.6,14:52,21.2,24:00:00,10.4
"		133",대전,2021-06-11,23.5,28.7,15:36,19.9,4:07,8.8
"		133",대전,2021-06-12,25.3,30.7,15:26,19.7,4:56,11
"		133",대전,2021-06-13,25.2,31,16:38,21.9,6:53,9.1
"		133",대전,2021-06-14,24.9,30.5,15:35,20.9,2:09,9.6
"		133",대전,2021-06-15,22.6,24.1,17:05,21.1,20:33,3
"		133",대전,2021-06-16,23.6,27.2,15:33,21.3,0:07,5.9
"		133",대전,2021-06-17,22.1,25.4,13:48,19.6,4:57,5.8
"		133",대전,2021-06-18,21.2,23.5,16:53,19.7,23:57,3.8
"		133",대전,2021-06-19,23.5,29.1,14:37,18.2,5:47,10.9
"		133",대전,2021-06-20,24.4,31,14:29,17.5,4:50,13.5
"		133",대전,2021-06-21,24.8,30.7,16:15,19.5,5:53,11.2
"		133",대전,2021-06-22,23.6,28.6,15:48,18.5,4:27,10.1
"		133",대전,2021-06-23,20.9,25.1,9:39,19.2,22:59,5.9
"		133",대전,2021-06-24,23.2,27.8,15:54,18.6,4:34,9.2
"		133",대전,2021-06-25,24.4,30.5,15:46,18.7,5:17,11.8
"		133",대전,2021-06-26,22.6,26.5,16:00,20.2,1:19,6.3
"		133",대전,2021-06-27,25,30.3,15:25,19.5,5:16,10.8
"		133",대전,2021-06-28,25.6,30.2,14:03,21.7,5:39,8.5
"		133",대전,2021-06-29,23.5,29.4,12:39,20.7,5:49,8.7
"		133",대전,2021-06-30,24.8,30.1,16:26,21.1,5:34,9
"		133",대전,2021-07-01,26.7,32,16:44,21.3,5:39,10.7
"		133",대전,2021-07-02,27,31.5,15:41,23,5:16,8.5
"		133",대전,2021-07-03,23.2,26.2,12:11,21.1,19:33,5.1
"		133",대전,2021-07-04,22.7,24.4,3:51,21.5,0:01,2.9
"		133",대전,2021-07-05,22.5,25.4,14:00,20.6,5:30,4.8
"		133",대전,2021-07-06,23.6,26.2,13:13,21.3,0:22,4.9
"		133",대전,2021-07-07,26,28.5,15:53,23.5,0:20,5
"		133",대전,2021-07-08,26.4,30.7,15:53,22.7,4:35,8
"		133",대전,2021-07-09,26.2,30.4,16:03,23.1,5:39,7.3
"		133",대전,2021-07-10,27,31.1,14:56,24.2,5:09,6.9
"		133",대전,2021-07-11,27.2,31.1,16:03,23.4,5:46,7.7
"		133",대전,2021-07-12,28.7,33.3,14:58,24.4,4:11,8.9
"		133",대전,2021-07-13,29.8,34.2,15:17,25.4,5:33,8.8
"		133",대전,2021-07-14,29.5,33.2,17:54,25.1,5:16,8.1
"		133",대전,2021-07-15,29.3,35.3,14:05,25.4,5:56,9.9
"		133",대전,2021-07-16,28.4,34,14:18,24.1,23:41,9.9
"		133",대전,2021-07-17,27.1,32.1,14:14,23.1,4:14,9
"		133",대전,2021-07-18,27.3,32.5,13:02,23.6,22:19,8.9
"		133",대전,2021-07-19,26.7,32,15:28,23.4,1:37,8.6
"		133",대전,2021-07-20,27.6,31.2,13:47,24.5,5:01,6.7
"		133",대전,2021-07-21,29.5,34.4,15:44,23.7,6:14,10.7
"		133",대전,2021-07-22,29.2,33.7,15:48,24,6:08,9.7
"		133",대전,2021-07-23,29.7,34.9,14:07,24.6,5:50,10.3
"		133",대전,2021-07-24,30.2,34.7,13:47,26.3,5:55,8.4
"		133",대전,2021-07-25,29.7,33.4,14:49,25.6,5:56,7.8
"		133",대전,2021-07-26,29.9,34.7,15:02,25.1,5:14,9.6
"		133",대전,2021-07-27,30.1,35.4,16:14,23.9,5:14,11.5
"		133",대전,2021-07-28,30.6,36.1,16:09,26.2,5:18,9.9
"		133",대전,2021-07-29,30.2,35.6,16:19,26,6:00,9.6
"		133",대전,2021-07-30,30.8,36.1,16:01,26.5,5:24,9.6
"		133",대전,2021-07-31,30.2,35.7,15:50,26.4,3:13,9.3
"		133",대전,2021-08-01,27.3,32.2,12:40,24.9,21:11,7.3
"		133",대전,2021-08-02,26,28.6,15:16,24.8,1:41,3.8
"		133",대전,2021-08-03,28,32.2,15:41,24.6,4:40,7.6
"		133",대전,2021-08-04,29.7,34.2,16:51,25.1,5:37,9.1
"		133",대전,2021-08-05,29.8,35.3,14:55,25.9,5:45,9.4
"		133",대전,2021-08-06,27.7,34.5,14:23,23.8,23:37,10.7
"		133",대전,2021-08-07,27.7,33.1,14:22,23,6:13,10.1
"		133",대전,2021-08-08,26.6,29.4,14:47,24.5,5:47,4.9
"		133",대전,2021-08-09,28.1,32.9,15:59,22.7,5:45,10.2
"		133",대전,2021-08-10,27.3,32.9,14:01,23.9,20:30,9
"		133",대전,2021-08-11,27.4,33,15:47,22.6,5:58,10.4
"		133",대전,2021-08-12,27.6,32.3,14:07,23.7,6:02,8.6
"		133",대전,2021-08-13,26.7,30.3,14:32,23.5,5:48,6.8
"		133",대전,2021-08-14,25.7,29.5,16:33,23.4,23:18,6.1
"		133",대전,2021-08-15,26.7,31.7,14:27,22.5,6:05,9.2
"		133",대전,2021-08-16,26.2,30.5,15:34,22.5,5:54,8
"		133",대전,2021-08-17,25.5,29.8,13:43,22.2,6:37,7.6
"		133",대전,2021-08-18,24.7,30.1,15:10,21.6,3:10,8.5
"		133",대전,2021-08-19,24.3,29.4,17:03,21.3,5:49,8.1
"		133",대전,2021-08-20,26,31.3,15:46,20.5,6:12,10.8
"		133",대전,2021-08-21,24.5,26.6,17:26,22.3,10:33,4.3
"		133",대전,2021-08-22,25.5,29.3,13:40,22.5,6:17,6.8
"		133",대전,2021-08-23,22.8,24,0:01,21.4,21:59,2.6
"		133",대전,2021-08-24,24.3,27.7,12:48,21.5,0:01,6.2
"		133",대전,2021-08-25,23.7,25,10:00,22.5,15:28,2.5
"		133",대전,2021-08-26,25.7,29.3,14:16,22.3,5:09,7
"		133",대전,2021-08-27,21.8,25,0:01,20.5,14:46,4.5
"		133",대전,2021-08-28,22.8,26.3,12:57,19.4,5:16,6.9
"		133",대전,2021-08-29,22.4,26.7,16:05,19.4,7:26,7.3
"		133",대전,2021-08-30,22.9,25.3,15:32,20.3,5:01,5
"		133",대전,2021-08-31,23.4,27.4,12:54,21.8,6:50,5.6
"		133",대전,2021-09-01,23.1,25.1,10:48,21.2,22:50,3.9
"		133",대전,2021-09-02,22.7,25.2,10:03,20.5,2:40,4.7
"		133",대전,2021-09-03,23.7,28.1,15:04,19.9,6:19,8.2
"		133",대전,2021-09-04,23.2,28.5,14:43,18.1,6:21,10.4
"		133",대전,2021-09-05,21.7,24.8,13:45,18.4,6:10,6.4
"		133",대전,2021-09-06,20.7,23.4,12:06,18.8,22:08,4.6
"		133",대전,2021-09-07,21,24.1,16:33,18.7,1:23,5.4
"		133",대전,2021-09-08,22.2,27,15:35,19.4,23:57,7.6
"		133",대전,2021-09-09,22.4,28.2,15:16,17.5,5:18,10.7
"		133",대전,2021-09-10,23.6,28.3,13:18,20.2,6:18,8.1
"		133",대전,2021-09-11,24.3,30.8,15:39,20.3,4:56,10.5
"		133",대전,2021-09-12,24.1,29.4,16:45,20,5:54,9.4
"		133",대전,2021-09-13,23.9,28.2,13:09,21.5,6:31,6.7
"		133",대전,2021-09-14,23,26.2,13:49,20.1,5:16,6.1
"		133",대전,2021-09-15,23.9,28.5,13:10,20.5,23:58,8
"		133",대전,2021-09-16,22.8,27,15:14,17.1,6:15,9.9
"		133",대전,2021-09-17,20.7,22.9,13:24,18.7,23:36,4.2
"		133",대전,2021-09-18,22.4,28.5,15:31,17,6:37,11.5
"		133",대전,2021-09-19,22.9,28.2,15:06,18,6:21,10.2
"		133",대전,2021-09-20,23.6,28.2,14:51,18.9,6:15,9.3
"		133",대전,2021-09-21,22.6,26.2,15:18,20.6,9:53,5.6
"		133",대전,2021-09-22,22.5,27.8,14:29,18.1,7:50,9.7
"		133",대전,2021-09-23,21.1,26.8,14:40,16.8,5:02,10
"		133",대전,2021-09-24,21.3,27.1,15:26,15.2,6:26,11.9
"		133",대전,2021-09-25,21,24.2,12:02,18.2,6:26,6
"		133",대전,2021-09-26,21.3,25.9,13:43,17.1,6:21,8.8
"		133",대전,2021-09-27,22.2,27.2,12:38,18.8,5:05,8.4
"		133",대전,2021-09-28,22,25.8,13:52,19.8,6:26,6
"		133",대전,2021-09-29,21.5,23.7,10:25,19.5,23:45,4.2
"		133",대전,2021-09-30,21.9,27.6,16:06,18.3,5:07,9.3
"		133",대전,2021-10-01,21.6,28.4,15:35,16.6,6:38,11.8
"		133",대전,2021-10-02,21.4,27.9,15:06,16.4,3:30,11.5
"		133",대전,2021-10-03,22.6,31.2,14:03,16.4,6:26,14.8
"		133",대전,2021-10-04,22.9,29,13:32,16.8,6:07,12.2
"		133",대전,2021-10-05,23.4,29.5,15:12,19.3,6:34,10.2
"		133",대전,2021-10-06,22.6,28.2,15:58,18.5,5:36,9.7
"		133",대전,2021-10-07,20.6,24.8,12:04,18.8,22:16,6
"		133",대전,2021-10-08,20.3,22.4,14:00,18.6,6:57,3.8
"		133",대전,2021-10-09,23.2,28.3,14:20,19.9,1:58,8.4
"		133",대전,2021-10-10,22.9,29.2,15:52,16.9,23:40,12.3
"		133",대전,2021-10-11,15.4,17.5,14:23,12.6,7:23,4.9
"		133",대전,2021-10-12,16.2,17,0:01,15.9,7:56,1.1
"		133",대전,2021-10-13,19.6,24.6,13:04,16.1,0:38,8.5
"		133",대전,2021-10-14,19.9,26.4,14:01,15.3,6:56,11.1
"		133",대전,2021-10-15,18.6,21.7,13:12,16.8,2:42,4.9
"		133",대전,2021-10-16,12.2,17.6,0:01,5.4,23:46,12.2
"		133",대전,2021-10-17,6,12.9,15:10,0.4,6:50,12.5
"		133",대전,2021-10-18,9.6,17.7,15:11,1.3,5:25,16.4
"		133",대전,2021-10-19,10.9,16.7,11:34,6.7,23:57,10
"		133",대전,2021-10-20,9.3,17,15:16,3.5,6:53,13.5
"		133",대전,2021-10-21,9.5,16.6,13:25,4.1,6:35,12.5
"		133",대전,2021-10-22,10,17.3,14:23,3.8,6:55,13.5
"		133",대전,2021-10-23,11.1,20,15:03,4,7:05,16
"		133",대전,2021-10-24,11.3,19.2,14:44,5,6:45,14.2
"		133",대전,2021-10-25,10.8,18.4,15:18,5.4,7:17,13
"		133",대전,2021-10-26,11.8,19.1,14:39,4.9,6:50,14.2
"		133",대전,2021-10-27,12.9,20.5,14:58,8.2,23:59,12.3
"		133",대전,2021-10-28,11.4,20.1,15:31,4.6,6:56,15.5
"		133",대전,2021-10-29,13.4,21,13:19,7.5,5:46,13.5
"		133",대전,2021-10-30,12.4,18,16:14,8.7,7:10,9.3
"		133",대전,2021-10-31,13.3,21.2,14:32,6.7,6:43,14.5
"		133",대전,2021-11-01,13.4,19.7,14:48,9.7,7:07,10
"		133",대전,2021-11-02,12.3,17.6,15:34,8.4,23:58,9.2
"		133",대전,2021-11-03,11.2,18.7,14:54,5.3,7:19,13.4
"		133",대전,2021-11-04,13.7,20.4,14:54,8.3,7:16,12.1
"		133",대전,2021-11-05,13,20.4,14:12,7.5,6:22,12.9
"		133",대전,2021-11-06,13.9,21.8,14:38,7.8,6:43,14
"		133",대전,2021-11-07,15.4,21.9,12:56,8.3,7:04,13.6
"		133",대전,2021-11-08,10.3,15.5,0:01,6.1,23:51,9.4
"		133",대전,2021-11-09,7.7,10.3,11:34,6.1,6:38,4.2
"		133",대전,2021-11-10,5.9,7.7,15:58,3.5,5:23,4.2
"		133",대전,2021-11-11,6.7,10.3,16:06,2.9,7:30,7.4
"		133",대전,2021-11-12,5.7,9.3,10:49,2.8,23:51,6.5
"		133",대전,2021-11-13,7.2,15.2,13:59,1,6:56,14.2
"		133",대전,2021-11-14,10.2,17.6,12:55,3.9,4:18,13.7
"		133",대전,2021-11-15,10.1,16.8,13:40,4.7,7:07,12.1
"		133",대전,2021-11-16,8.7,16.4,14:59,3.9,7:20,12.5
"		133",대전,2021-11-17,8.3,15.6,14:10,1.5,7:28,14.1
"		133",대전,2021-11-18,10.3,16.5,13:02,3.6,6:18,12.9
"		133",대전,2021-11-19,12,18.3,14:25,7,6:37,11.3
"		133",대전,2021-11-20,11.8,17.3,15:05,8.2,23:45,9.1
"		133",대전,2021-11-21,10.8,15.1,16:04,6.8,6:20,8.3
"		133",대전,2021-11-22,5.3,12.6,0:01,1.8,23:42,10.8
"		133",대전,2021-11-23,1.8,3.8,14:33,-1.5,7:30,5.3
"		133",대전,2021-11-24,6.1,12.4,13:56,-0.1,7:22,12.5
"		133",대전,2021-11-25,8.7,15.8,13:45,3.9,23:53,11.9
"		133",대전,2021-11-26,5.4,11.7,14:41,-0.3,7:44,12
"		133",대전,2021-11-27,4,11.6,14:40,-0.7,7:23,12.3
"		133",대전,2021-11-28,4.9,14.5,13:58,-2.3,7:15,16.8
"		133",대전,2021-11-29,6.3,13.2,12:31,-0.6,7:24,13.8
"		133",대전,2021-11-30,6.1,9.9,14:33,3.3,22:35,6.6
"		133",대전,2021-12-01,0.9,3.8,11:27,-2.6,23:36,6.4
"		133",대전,2021-12-02,2.6,8.4,14:45,-4.2,4:49,12.6
"		133",대전,2021-12-03,4.5,8.7,14:04,0.1,23:06,8.6
"		",,,,,,,,
"	",,,,,,,,
"	",,,,,,,,
"	",,,,,,,,
"	",,,,,,,,
"		",,,,,,,,
"	",,,,,,,,
"	",,,,,,,,
