"		지점번호",지점명,일시,평균풍속(m/s),최대풍속(m/s),최대풍속풍향(deg),"	최대풍속시각",최대순간풍속(m/s),최대순간풍속풍향(deg),"	최대순간풍속시각"
"		133",대전,2016-06-01,2,5.3,110,9:14,9.1,110,9:08
"		133",대전,2016-06-02,1.5,3.1,290,17:08,6.4,290,17:21
"		133",대전,2016-06-03,1.6,3.1,290,17:28,5.7,160,0:12
"		133",대전,2016-06-04,0.8,2.2,320,14:26,4.4,290,12:54
"		133",대전,2016-06-05,2.4,5.6,90,13:42,10.4,110,14:07
"		133",대전,2016-06-06,3.2,5.1,140,3:05,9.5,110,2:57
"		133",대전,2016-06-07,1,2.5,360,22:40,4.7,340,22:59
"		133",대전,2016-06-08,0.8,2.3,320,12:57,4.7,320,12:50
"		133",대전,2016-06-09,1,2.8,340,17:13,5.2,70,15:10
"		133",대전,2016-06-10,1.5,3.3,180,22:56,6.1,180,20:56
"		133",대전,2016-06-11,1.5,4.7,180,14:14,7.1,180,14:08
"		133",대전,2016-06-12,1.4,3.5,180,15:05,5.9,180,15:02
"		133",대전,2016-06-13,1.4,3.3,340,16:53,5.7,360,16:10
"		133",대전,2016-06-14,1.7,3.9,180,11:17,6.9,200,12:50
"		133",대전,2016-06-15,1.9,5.1,160,10:00,8.9,140,9:00
"		133",대전,2016-06-16,1.9,4.4,320,12:40,8.1,250,12:11
"		133",대전,2016-06-17,1.7,4.9,180,13:43,8.7,200,14:36
"		133",대전,2016-06-18,1.3,4.1,180,14:43,7,180,14:51
"		133",대전,2016-06-19,1.7,4.6,180,15:22,9.2,180,12:40
"		133",대전,2016-06-20,1.5,5,200,19:16,7.6,200,19:08
"		133",대전,2016-06-21,1.2,3,90,13:27,6.1,140,13:27
"		133",대전,2016-06-22,1.9,4.6,140,10:07,7.5,70,9:26
"		133",대전,2016-06-23,1.6,3.9,180,14:52,7.3,320,18:58
"		133",대전,2016-06-24,1.7,3.9,290,18:53,7,290,18:24
"		133",대전,2016-06-25,2.3,5.7,200,13:18,8.9,230,14:05
"		133",대전,2016-06-26,2,3.9,320,10:59,7.5,250,16:51
"		133",대전,2016-06-27,1.2,5.9,180,18:04,8.8,180,18:00
"		133",대전,2016-06-28,1.5,4.5,180,18:45,7.5,160,18:24
"		133",대전,2016-06-29,1.6,3.8,110,8:07,5.7,90,7:39
"		133",대전,2016-06-30,1.4,3.7,180,21:50,7,180,21:49
"		133",대전,2016-07-01,2,5.3,180,23:13,10,160,23:52
"		133",대전,2016-07-02,1.8,4.1,180,11:27,8,270,0:24
"		133",대전,2016-07-03,1.1,2.9,200,10:43,4.8,360,18:54
"		133",대전,2016-07-04,1.6,3.9,140,18:48,7.2,140,18:40
"		133",대전,2016-07-05,2.4,6.5,180,12:07,12.3,180,11:29
"		133",대전,2016-07-06,1.3,3.6,180,17:54,6.1,200,0:25
"		133",대전,2016-07-07,1.5,5.4,160,20:35,8.3,160,20:29
"		133",대전,2016-07-08,1,3,50,16:57,5.6,50,16:52
"		133",대전,2016-07-09,0.9,2.4,320,16:19,4.7,360,18:42
"		133",대전,2016-07-10,0.7,2.1,160,11:56,3.5,340,13:50
"		133",대전,2016-07-11,1.4,4.2,110,17:20,6.4,110,17:07
"		133",대전,2016-07-12,0.9,2.7,180,16:54,4.3,180,17:12
"		133",대전,2016-07-13,1.2,3.4,320,15:17,6.2,340,13:57
"		133",대전,2016-07-14,1.3,3,360,17:22,6,70,17:30
"		133",대전,2016-07-15,2.3,6.6,110,22:01,10.8,90,21:59
"		133",대전,2016-07-16,3.2,5.7,110,4:13,9.9,200,22:27
"		133",대전,2016-07-17,1.9,4.1,180,10:44,8.1,200,0:36
"		133",대전,2016-07-18,1,2.1,200,0:41,3.9,360,15:58
"		133",대전,2016-07-19,1.1,3.3,110,23:51,5.1,110,22:34
"		133",대전,2016-07-20,3.2,4.7,110,19:41,8,90,19:32
"		133",대전,2016-07-21,3,4.4,110,4:15,8,110,4:13
"		133",대전,2016-07-22,2.8,4.2,90,17:12,6.9,90,17:10
"		133",대전,2016-07-23,1.6,3.2,110,3:59,5.6,160,4:44
"		133",대전,2016-07-24,1.5,4.4,180,11:09,7.3,180,12:35
"		133",대전,2016-07-25,1.4,3.1,180,11:49,5.5,290,12:16
"		133",대전,2016-07-26,1.4,3.5,200,12:43,7.6,160,12:15
"		133",대전,2016-07-27,1.8,4.7,180,10:01,9.6,180,11:17
"		133",대전,2016-07-28,2.2,4.4,200,11:59,8.5,180,13:57
"		133",대전,2016-07-29,1.1,3.7,180,9:43,7.2,20,13:27
"		133",대전,2016-07-30,1.2,3.4,180,14:11,6.6,180,14:23
"		133",대전,2016-07-31,1.2,3.4,320,16:17,6.2,320,18:12
"		133",대전,2016-08-01,1,3.7,110,15:35,5.9,140,15:28
"		133",대전,2016-08-02,1,5.6,180,19:54,8.4,180,19:52
"		133",대전,2016-08-03,0.9,2.4,320,16:50,4.2,340,16:45
"		133",대전,2016-08-04,1.3,3.3,70,12:20,5.2,20,11:37
"		133",대전,2016-08-05,1.1,2.9,110,0:03,5.8,70,12:51
"		133",대전,2016-08-06,1.1,4.5,180,20:15,8.2,200,20:11
"		133",대전,2016-08-07,1.1,3.3,320,15:58,6.7,360,15:52
"		133",대전,2016-08-08,1,2.5,20,16:11,4.7,360,16:55
"		133",대전,2016-08-09,1.4,4.1,180,16:08,6.6,140,15:53
"		133",대전,2016-08-10,1,2.7,320,16:05,5.4,320,13:12
"		133",대전,2016-08-11,1.1,2.7,320,13:50,5.5,320,13:32
"		133",대전,2016-08-12,1.1,2.6,340,12:18,5.2,360,14:55
"		133",대전,2016-08-13,1.2,3.1,320,17:13,6.3,340,12:30
"		133",대전,2016-08-14,1.3,3,320,10:44,5.9,340,15:13
"		133",대전,2016-08-15,1.2,3.3,320,13:52,6.1,340,13:54
"		133",대전,2016-08-16,1.3,3.1,320,19:45,6.5,340,19:36
"		133",대전,2016-08-17,1.2,2.5,360,17:14,6.1,70,15:18
"		133",대전,2016-08-18,1.4,6.4,180,18:48,10.3,160,18:47
"		133",대전,2016-08-19,1.2,3.2,320,17:13,5.7,320,17:06
"		133",대전,2016-08-20,2.2,4.7,110,8:52,8.2,110,8:39
"		133",대전,2016-08-21,2.1,3.9,140,7:57,6.2,140,10:13
"		133",대전,2016-08-22,1.1,2.8,320,14:48,5.3,290,18:47
"		133",대전,2016-08-23,2.1,3.9,140,9:51,6.4,90,3:41
"		133",대전,2016-08-24,1.3,3,140,9:03,5,320,14:07
"		133",대전,2016-08-25,1.2,4.2,320,14:32,7.1,340,14:25
"		133",대전,2016-08-26,2.1,5,90,16:13,9.4,70,15:26
"		133",대전,2016-08-27,2.3,5.5,90,11:24,9.5,70,10:14
"		133",대전,2016-08-28,1.8,3.7,360,18:39,8.7,50,19:51
"		133",대전,2016-08-29,1.6,4.1,340,10:52,8,340,10:16
"		133",대전,2016-08-30,1.7,3.9,290,19:28,8.6,270,19:26
"		133",대전,2016-08-31,3.2,5.5,270,12:46,12.3,320,1:53
"		133",대전,2016-09-01,3.1,6.6,180,12:44,12.4,180,12:42
"		133",대전,2016-09-02,2.9,5.6,110,10:19,9.5,160,10:10
"		133",대전,2016-09-03,1.6,4.7,110,19:19,8.2,110,19:10
"		133",대전,2016-09-04,1,2.5,340,15:34,5.2,340,19:31
"		133",대전,2016-09-05,0.8,3.5,340,14:10,6.3,290,14:18
"		133",대전,2016-09-06,0.9,2.2,320,17:50,3.6,320,15:38
"		133",대전,2016-09-07,0.9,2.9,180,21:16,4.9,180,21:16
"		133",대전,2016-09-08,1.2,4.2,340,16:55,7.7,290,16:37
"		133",대전,2016-09-09,1,2.7,320,15:00,5.2,340,14:57
"		133",대전,2016-09-10,1.2,5.8,90,20:15,9.9,90,20:10
"		133",대전,2016-09-11,1,2.7,140,0:55,4.7,140,1:56
"		133",대전,2016-09-12,1.7,4,110,18:32,6.5,110,18:24
"		133",대전,2016-09-13,1,2.6,140,0:26,4.3,70,23:27
"		133",대전,2016-09-14,1,2.8,110,0:59,6.2,270,13:23
"		133",대전,2016-09-15,0.8,1.9,110,12:09,3.3,90,12:03
"		133",대전,2016-09-16,0.6,2.1,180,10:41,3.5,200,10:37
"		133",대전,2016-09-17,1.5,4.4,110,10:46,7.6,110,10:41
"		133",대전,2016-09-18,2.1,4.6,90,12:25,9.9,90,12:22
"		133",대전,2016-09-19,2.3,6.1,110,12:04,11.1,110,12:00
"		133",대전,2016-09-20,1.4,3.3,90,11:31,6.5,20,13:10
"		133",대전,2016-09-21,1.5,4,110,10:44,7.2,140,11:46
"		133",대전,2016-09-22,1,2.7,110,17:33,5,140,19:39
"		133",대전,2016-09-23,0.8,2,20,13:50,3.8,140,13:35
"		133",대전,2016-09-24,0.8,2,320,16:04,3.8,340,17:04
"		133",대전,2016-09-25,0.6,1.8,290,22:31,3.7,360,17:25
"		133",대전,2016-09-26,1,2.8,90,12:43,4.7,140,20:43
"		133",대전,2016-09-27,1,3.2,340,17:24,6.7,320,17:16
"		133",대전,2016-09-28,0.9,2.4,360,17:11,4.6,20,12:43
"		133",대전,2016-09-29,3.2,5.7,110,12:55,9.9,110,15:46
"		133",대전,2016-09-30,1,3.2,110,0:16,5.6,110,0:08
"		133",대전,2016-10-01,0.8,2.2,110,11:16,3.9,110,11:13
"		133",대전,2016-10-02,0.8,2.6,180,23:50,4.4,90,11:31
"		133",대전,2016-10-03,1.6,4.4,180,14:13,6.8,160,14:05
"		133",대전,2016-10-04,2.8,6.7,110,20:58,11.4,140,20:50
"		133",대전,2016-10-05,1.9,5.5,110,1:52,9.8,110,0:11
"		133",대전,2016-10-06,1.1,2.4,20,15:48,4.5,340,13:43
"		133",대전,2016-10-07,2.5,5.7,110,10:12,10.6,110,10:10
"		133",대전,2016-10-08,1.6,4.2,320,14:19,8.5,320,16:20
"		133",대전,2016-10-09,1.8,5,320,1:53,9.1,320,1:38
"		133",대전,2016-10-10,0.9,2.1,360,16:24,3.7,20,16:17
"		133",대전,2016-10-11,0.7,2.1,340,15:52,4.9,340,15:56
"		133",대전,2016-10-12,1,2.5,320,12:44,5.1,340,17:27
"		133",대전,2016-10-13,0.6,1.6,320,19:31,3,320,16:40
"		133",대전,2016-10-14,0.8,2.2,20,14:32,4,70,14:55
"		133",대전,2016-10-15,0.9,2.7,110,15:22,4.5,90,15:19
"		133",대전,2016-10-16,0.9,3,110,3:15,5.3,110,3:23
"		133",대전,2016-10-17,0.9,2.5,340,13:51,5.5,320,13:44
"		133",대전,2016-10-18,0.7,2,50,11:18,4.1,70,11:13
"		133",대전,2016-10-19,0.8,1.9,320,16:14,3.5,340,16:09
"		133",대전,2016-10-20,1.5,5.7,110,18:25,10.7,110,18:23
"		133",대전,2016-10-21,3.5,6.2,110,9:13,11.5,90,9:08
"		133",대전,2016-10-22,1.5,4,110,9:17,6.5,140,9:09
"		133",대전,2016-10-23,2.9,5.7,110,13:23,9.7,110,13:17
"		133",대전,2016-10-24,2,4.5,140,9:07,7.3,110,8:51
"		133",대전,2016-10-25,1.6,4.4,320,14:57,9,320,14:51
"		133",대전,2016-10-26,0.9,1.9,360,19:37,4.5,20,15:41
"		133",대전,2016-10-27,2.1,6.4,110,21:55,10.5,110,21:49
"		133",대전,2016-10-28,1.2,4.6,110,0:02,7.6,110,0:02
"		133",대전,2016-10-29,1,3,320,0:09,5.6,270,0:08
"		133",대전,2016-10-30,1,2.5,50,12:43,5.3,90,12:39
"		133",대전,2016-10-31,1.1,4.5,320,24:00:00,9.2,320,23:51
"		133",대전,2016-11-01,1.6,4.8,320,0:53,8.7,320,0:17
"		133",대전,2016-11-02,1.2,3.4,320,16:08,7,320,15:28
"		133",대전,2016-11-03,0.9,3.5,200,14:00,7.7,180,13:58
"		133",대전,2016-11-04,1.2,3.9,180,15:06,7,180,13:35
"		133",대전,2016-11-05,1.1,2.7,200,10:52,7.1,250,11:27
"		133",대전,2016-11-06,3,6.4,90,10:41,10.5,110,10:40
"		133",대전,2016-11-07,1.9,4.3,110,0:30,7.6,110,0:05
"		133",대전,2016-11-08,2.2,4.3,340,15:29,8.2,360,15:26
"		133",대전,2016-11-09,1.1,3.6,340,0:34,6.9,340,0:51
"		133",대전,2016-11-10,1,3,140,11:55,5.6,160,11:40
"		133",대전,2016-11-11,1.5,3.6,320,14:35,7.4,290,11:34
"		133",대전,2016-11-12,1.1,3.4,180,10:52,5.7,270,15:03
"		133",대전,2016-11-13,0.9,3.1,90,16:06,4.5,90,14:23
"		133",대전,2016-11-14,1.1,3.1,180,16:25,5.4,180,16:19
"		133",대전,2016-11-15,1.5,3.7,320,2:10,7.4,320,2:02
"		133",대전,2016-11-16,0.9,2.1,140,13:14,3.7,180,12:14
"		133",대전,2016-11-17,0.8,1.8,20,12:57,3.8,20,12:52
"		133",대전,2016-11-18,0.8,2,290,18:47,2.8,270,13:57
"		133",대전,2016-11-19,0.5,1.6,320,0:47,2.4,320,0:42
"		133",대전,2016-11-20,1.1,2.3,340,6:31,5.1,360,6:35
"		133",대전,2016-11-21,0.6,2.4,50,14:35,4.6,70,14:27
"		133",대전,2016-11-22,1.9,4.8,340,6:48,11,360,6:45
"		133",대전,2016-11-23,1.5,3.6,320,14:28,6.3,320,14:24
"		133",대전,2016-11-24,1.6,4,340,2:17,7.5,320,2:10
"		133",대전,2016-11-25,0.9,2.4,140,12:58,4.8,340,14:04
"		133",대전,2016-11-26,0.7,3.3,180,13:42,5.2,200,13:35
"		133",대전,2016-11-27,0.7,2.3,180,13:36,4,180,13:32
"		133",대전,2016-11-28,1.2,3.2,320,15:38,6.3,340,3:40
"		133",대전,2016-11-29,0.9,2.9,360,12:43,4.9,340,12:38
"		133",대전,2016-11-30,1.1,3.2,200,21:21,5.4,160,21:28
"		133",대전,2016-12-01,2,5.4,340,16:07,11.6,340,16:00
"		133",대전,2016-12-02,1.1,2.8,290,13:54,5.6,270,13:53
"		133",대전,2016-12-03,0.7,1.6,290,19:38,3.6,340,13:58
"		133",대전,2016-12-04,0.7,1.6,290,0:38,2.5,180,9:47
"		133",대전,2016-12-05,1.9,4.6,290,23:50,8.8,290,23:47
"		133",대전,2016-12-06,1.6,4.2,320,1:13,9.3,270,0:06
"		133",대전,2016-12-07,0.9,2.5,340,21:44,4.8,360,21:36
"		133",대전,2016-12-08,1.2,3.6,180,13:41,6.4,180,13:48
"		133",대전,2016-12-09,2,4.3,320,13:36,8.6,290,13:57
"		133",대전,2016-12-10,1.1,3.2,340,14:46,6,340,14:38
"		133",대전,2016-12-11,0.7,2.9,110,10:59,4.6,110,10:55
"		133",대전,2016-12-12,0.7,2,270,6:12,3.2,180,11:27
"		133",대전,2016-12-13,1.1,2.9,360,17:49,6,340,18:17
"		133",대전,2016-12-14,1.1,2.9,320,16:08,5,320,16:02
"		133",대전,2016-12-15,2.1,5.5,320,15:55,9.7,340,15:38
"		133",대전,2016-12-16,1.4,4.1,320,14:20,7.7,320,17:45
"		133",대전,2016-12-17,1.3,4,180,13:10,7.3,200,11:43
"		133",대전,2016-12-18,0.6,1.9,270,19:55,3.1,200,14:02
"		133",대전,2016-12-19,0.6,2.4,140,11:57,4.6,180,8:40
"		133",대전,2016-12-20,0.8,2.5,140,20:01,5.2,90,12:47
"		133",대전,2016-12-21,1.6,5.1,140,19:36,8.9,110,19:44
"		133",대전,2016-12-22,2.5,6.6,180,5:01,12.2,200,5:19
"		133",대전,2016-12-23,2.2,3.9,290,1:26,9.1,320,8:06
"		133",대전,2016-12-24,1,2.1,20,13:52,4.2,20,1:19
"		133",대전,2016-12-25,0.7,1.5,140,11:08,3.3,70,17:55
"		133",대전,2016-12-26,0.7,2.2,340,13:01,5.1,340,13:26
"		133",대전,2016-12-27,2.3,5.5,320,14:12,10.7,340,14:52
"		133",대전,2016-12-28,0.9,2.1,140,11:42,3.6,180,13:26
"		133",대전,2016-12-29,1.8,4.5,320,12:06,9,320,11:20
"		133",대전,2016-12-30,0.9,2.5,320,15:06,5.3,290,14:58
"		133",대전,2016-12-31,0.8,2.3,180,15:29,4.4,160,14:42
"		133",대전,2017-06-01,1.8,6.1,180,13:25,11.8,180,13:20
"		133",대전,2017-06-02,1.6,3.7,320,14:40,6.9,320,14:00
"		133",대전,2017-06-03,2.1,4.2,290,19:21,7.9,290,19:15
"		133",대전,2017-06-04,1.5,3.8,340,11:43,7.4,360,13:51
"		133",대전,2017-06-05,1.8,6,140,20:53,12,140,21:26
"		133",대전,2017-06-06,3.2,5.8,110,16:47,9.7,90,16:39
"		133",대전,2017-06-07,1.7,4.3,200,10:49,8.6,250,10:41
"		133",대전,2017-06-08,1.7,3.6,180,15:13,6.2,200,15:29
"		133",대전,2017-06-09,2.7,5,180,14:12,9.6,200,14:09
"		133",대전,2017-06-10,2.1,4.7,180,0:59,7.9,180,0:53
"		133",대전,2017-06-11,1.7,4.3,90,23:01,7.4,90,23:26
"		133",대전,2017-06-12,2.7,5,110,7:48,8.5,110,7:46
"		133",대전,2017-06-13,2,3.7,340,13:50,7,320,18:36
"		133",대전,2017-06-14,1.6,4.3,320,14:48,8.1,50,14:13
"		133",대전,2017-06-15,2.3,5,180,14:42,8.4,320,12:44
"		133",대전,2017-06-16,1.7,4.3,180,16:15,7,180,15:57
"		133",대전,2017-06-17,1.2,3,320,14:17,5.9,270,14:58
"		133",대전,2017-06-18,1.5,3.7,340,18:26,6.5,320,18:26
"		133",대전,2017-06-19,1.3,3,320,16:35,5.5,270,18:09
"		133",대전,2017-06-20,1.3,3.7,180,15:20,6.1,160,18:26
"		133",대전,2017-06-21,1.7,4.1,180,13:26,8.2,230,16:26
"		133",대전,2017-06-22,1.4,3.5,320,14:29,5.7,50,13:49
"		133",대전,2017-06-23,1.3,3.4,320,19:54,6.1,320,19:49
"		133",대전,2017-06-24,1.2,4.1,340,14:41,7.1,360,14:38
"		133",대전,2017-06-25,1.2,3.2,290,15:39,6.4,270,15:36
"		133",대전,2017-06-26,2.1,4.4,140,15:51,8.3,140,15:42
"		133",대전,2017-06-27,1.7,3.4,110,8:01,5.9,160,11:03
"		133",대전,2017-06-28,1.2,3,180,20:36,5.8,230,20:16
"		133",대전,2017-06-29,1,3.6,340,15:51,6.5,320,15:44
"		133",대전,2017-06-30,1.2,2.9,180,22:06,6.4,200,15:59
"		133",대전,2017-07-01,0.8,2.2,180,3:56,4.2,200,3:55
"		133",대전,2017-07-02,1.7,4.6,180,16:08,7.6,160,15:40
"		133",대전,2017-07-03,2.1,4.5,200,2:02,10,290,6:43
"		133",대전,2017-07-04,1.5,3.3,180,12:33,8,290,15:30
"		133",대전,2017-07-05,1,2.3,200,17:07,4.2,90,9:01
"		133",대전,2017-07-06,1.2,5.4,110,15:22,9,110,15:19
"		133",대전,2017-07-07,1.5,4.5,180,14:41,7,180,13:35
"		133",대전,2017-07-08,1.6,4.4,180,12:25,8.4,320,7:24
"		133",대전,2017-07-09,1.2,9.9,180,19:31,17,180,19:29
"		133",대전,2017-07-10,1.7,6.2,200,12:59,11.8,180,13:18
"		133",대전,2017-07-11,2,4.9,180,3:04,10,180,3:02
"		133",대전,2017-07-12,1.2,2.5,290,17:22,4.7,320,16:25
"		133",대전,2017-07-13,1.1,2.4,320,14:39,5.8,230,16:04
"		133",대전,2017-07-14,1.6,4.7,290,15:58,9,340,15:53
"		133",대전,2017-07-15,2,5.5,180,4:00,8.7,180,13:21
"		133",대전,2017-07-16,1.9,5.1,200,7:15,10.8,180,7:41
"		133",대전,2017-07-17,1.6,5.1,180,16:12,11.5,200,16:25
"		133",대전,2017-07-18,1.5,3.8,180,12:21,6.1,180,11:56
"		133",대전,2017-07-19,1,2.3,200,2:56,4.1,160,11:10
"		133",대전,2017-07-20,1.4,3,180,11:45,6.2,180,11:00
"		133",대전,2017-07-21,1.8,3.7,180,15:11,6.2,180,15:02
"		133",대전,2017-07-22,1.9,3.9,180,23:12,6.4,200,16:59
"		133",대전,2017-07-23,2,3.8,180,9:16,6.1,160,3:41
"		133",대전,2017-07-24,1.7,3.8,180,0:05,6.2,200,11:17
"		133",대전,2017-07-25,2.2,5.4,90,15:16,9,90,15:12
"		133",대전,2017-07-26,3.4,5.2,140,8:57,9.2,90,10:51
"		133",대전,2017-07-27,1.6,4.4,140,1:09,7.9,90,1:24
"		133",대전,2017-07-28,1.6,3.4,180,11:58,7,180,12:12
"		133",대전,2017-07-29,2.7,7.4,110,14:11,8.6,110,17:44
"		133",대전,2017-07-30,1.9,4.8,180,16:40,8.2,180,16:39
"		133",대전,2017-07-31,0.9,3,340,12:48,6.1,20,12:58
"		133",대전,2017-08-01,0.9,5.8,180,7:47,9.6,180,7:41
"		133",대전,2017-08-02,1.6,3.6,110,19:16,5.8,90,21:08
"		133",대전,2017-08-03,3.3,5.5,110,20:17,9.7,110,8:37
"		133",대전,2017-08-04,1.8,4.4,110,0:33,7.1,110,7:21
"		133",대전,2017-08-05,1.6,5.8,90,17:35,6.3,140,23:34
"		133",대전,2017-08-06,1.6,3.5,90,22:21,5.8,110,22:07
"		133",대전,2017-08-07,1.3,3.3,200,17:36,5.8,180,17:34
"		133",대전,2017-08-08,0.9,3,180,11:52,4.8,180,11:47
"		133",대전,2017-08-09,1.1,3.6,360,5:58,7.1,20,5:57
"		133",대전,2017-08-10,0.9,2.4,320,15:55,4.8,340,15:08
"		133",대전,2017-08-11,0.8,4.7,160,16:27,9.3,140,16:22
"		133",대전,2017-08-12,1.5,3.3,110,23:32,6.4,110,23:48
"		133",대전,2017-08-13,3.1,5.7,140,12:09,9.5,110,12:05
"		133",대전,2017-08-14,2.3,5.1,110,9:53,8.6,110,3:15
"		133",대전,2017-08-15,1.8,4.4,140,5:33,8.3,140,4:11
"		133",대전,2017-08-16,1.4,3.3,160,1:55,5.1,140,1:54
"		133",대전,2017-08-17,1.2,3.2,110,13:03,5.3,270,15:23
"		133",대전,2017-08-18,1.1,2.5,180,15:01,4.7,320,12:15
"		133",대전,2017-08-19,1.4,6.4,140,14:12,11.4,180,14:06
"		133",대전,2017-08-20,3.1,5.9,140,14:20,9.5,110,14:16
"		133",대전,2017-08-21,1.2,4.6,180,2:05,8,180,13:18
"		133",대전,2017-08-22,1.4,4.7,180,13:51,7.3,180,13:46
"		133",대전,2017-08-23,1.7,5.5,180,12:51,8.9,180,11:07
"		133",대전,2017-08-24,2.3,4.7,200,10:13,11,250,12:30
"		133",대전,2017-08-25,1.2,3.1,320,20:58,5.8,290,20:54
"		133",대전,2017-08-26,1,2.9,340,15:46,6.1,20,11:52
"		133",대전,2017-08-27,0.9,2.6,140,12:48,5,180,12:46
"		133",대전,2017-08-28,1.7,4.2,200,20:50,8.5,230,20:50
"		133",대전,2017-08-29,1.6,3.3,340,0:30,6.6,360,0:22
"		133",대전,2017-08-30,0.9,2,270,21:57,3.5,360,8:46
"		133",대전,2017-08-31,1.1,3.3,20,16:06,7,20,15:58
"		133",대전,2017-09-01,1.3,4.1,110,11:04,7,110,11:33
"		133",대전,2017-09-02,1.4,4.6,110,10:31,7.4,110,8:54
"		133",대전,2017-09-03,1.5,3.3,110,9:09,6.1,90,12:54
"		133",대전,2017-09-04,1.7,4.4,140,13:34,7.7,140,15:11
"		133",대전,2017-09-05,1,3.4,180,12:54,5.7,90,9:58
"		133",대전,2017-09-06,0.7,1.9,340,14:26,3.9,340,22:55
"		133",대전,2017-09-07,0.7,2.1,340,15:28,4.4,340,15:25
"		133",대전,2017-09-08,0.9,2.4,290,13:41,4.2,340,13:37
"		133",대전,2017-09-09,0.8,2,340,15:42,3.7,270,14:54
"		133",대전,2017-09-10,0.8,3.7,110,14:10,5.7,110,14:04
"		133",대전,2017-09-11,1.4,5.8,140,3:47,8.9,140,3:45
"		133",대전,2017-09-12,1.3,5.2,160,11:59,6.7,230,13:27
"		133",대전,2017-09-13,1.1,2.9,320,13:05,5.6,320,13:04
"		133",대전,2017-09-14,1.4,3.7,90,22:54,6.5,90,22:47
"		133",대전,2017-09-15,3.5,6.9,110,12:54,12.2,110,10:30
"		133",대전,2017-09-16,3.3,6.5,90,12:18,11.2,110,15:21
"		133",대전,2017-09-17,1.5,3.6,340,15:42,6.4,360,14:38
"		133",대전,2017-09-18,1.5,4.5,180,11:36,7.9,180,11:35
"		133",대전,2017-09-19,2,4.7,180,23:31,10,180,11:41
"		133",대전,2017-09-20,1.7,4.5,180,0:07,9.1,180,0:07
"		133",대전,2017-09-21,1,2.6,180,14:09,5.5,180,14:26
"		133",대전,2017-09-22,1,2.5,320,14:12,4.4,200,14:25
"		133",대전,2017-09-23,0.9,2.3,180,11:40,3.8,180,11:33
"		133",대전,2017-09-24,1.1,3.2,180,13:58,5.5,340,21:10
"		133",대전,2017-09-25,1,3.5,90,14:46,6.2,90,14:42
"		133",대전,2017-09-26,1.5,4.6,110,11:25,7,90,11:19
"		133",대전,2017-09-27,1.1,3.6,360,3:34,7.7,50,3:48
"		133",대전,2017-09-28,1.7,3.9,320,15:49,8,290,14:58
"		133",대전,2017-09-29,1.1,2.9,180,15:59,5.6,180,14:09
"		133",대전,2017-09-30,1.1,2.8,180,13:49,4.7,230,13:41
"		133",대전,2017-10-01,0.9,2.4,360,13:56,4.9,360,13:50
"		133",대전,2017-10-02,0.7,1.8,340,4:23,4,20,8:48
"		133",대전,2017-10-03,0.8,2.4,340,16:46,4.9,340,16:41
"		133",대전,2017-10-04,1.5,7.4,50,6:08,7.5,140,23:59
"		133",대전,2017-10-05,3.4,6.3,110,11:12,10.1,110,11:10
"		133",대전,2017-10-06,0.8,2.7,140,1:57,5.2,160,2:04
"		133",대전,2017-10-07,0.7,3,90,16:25,6.2,90,16:16
"		133",대전,2017-10-08,0.8,2.5,180,13:37,5.2,180,13:31
"		133",대전,2017-10-09,0.7,1.8,250,2:48,3.7,180,11:54
"		133",대전,2017-10-10,1,2.7,180,9:22,4.7,180,22:43
"		133",대전,2017-10-11,1.4,4.2,340,6:30,7.9,340,6:24
"		133",대전,2017-10-12,0.7,1.6,360,6:42,3.5,360,22:14
"		133",대전,2017-10-13,1.1,3.1,340,13:22,6,340,13:14
"		133",대전,2017-10-14,1.2,3.5,360,14:08,8.6,360,13:33
"		133",대전,2017-10-15,1.9,4.7,110,13:56,8.2,90,14:09
"		133",대전,2017-10-16,1.3,3.8,90,1:14,6.4,340,14:50
"		133",대전,2017-10-17,1.1,3.2,110,13:32,5.8,160,15:40
"		133",대전,2017-10-18,2.8,5.6,110,12:33,9.5,110,12:25
"		133",대전,2017-10-19,1.4,3.5,110,11:38,5.8,90,11:17
"		133",대전,2017-10-20,1,2.3,340,13:13,4.6,20,11:18
"		133",대전,2017-10-21,1.1,3,110,17:17,5.3,20,13:28
"		133",대전,2017-10-22,2.1,4.7,20,18:01,10.4,50,17:57
"		133",대전,2017-10-23,1.5,3.5,340,0:44,7.6,340,0:17
"		133",대전,2017-10-24,1,2.7,360,13:38,5.8,270,15:46
"		133",대전,2017-10-25,0.9,2.5,20,12:06,5.1,50,11:59
"		133",대전,2017-10-26,0.7,2,320,16:18,4.2,320,16:13
"		133",대전,2017-10-27,0.8,1.7,20,13:13,3.5,70,13:20
"		133",대전,2017-10-28,1.3,3.8,140,15:44,6.4,70,14:08
"		133",대전,2017-10-29,1.8,5.6,320,14:34,10.4,320,14:39
"		133",대전,2017-10-30,1.3,3.6,320,13:39,7.1,320,13:22
"		133",대전,2017-10-31,1,3,180,14:39,5.1,340,12:21
"		133",대전,2017-11-01,1.3,4.3,180,12:44,7.7,160,12:23
"		133",대전,2017-11-02,0.7,1.7,320,14:07,3.9,290,14:29
"		133",대전,2017-11-03,1.6,4.3,320,18:58,9,290,16:15
"		133",대전,2017-11-04,1.1,2.8,340,3:15,7.3,290,14:51
"		133",대전,2017-11-05,1,2.9,340,12:56,5.7,340,12:24
"		133",대전,2017-11-06,1,2.4,200,22:13,4,230,21:24
"		133",대전,2017-11-07,0.7,2.7,320,19:54,5.5,320,19:51
"		133",대전,2017-11-08,1.6,4.1,290,12:46,8.2,250,12:45
"		133",대전,2017-11-09,0.9,2,110,13:39,3.2,180,11:36
"		133",대전,2017-11-10,1.8,7.2,320,17:44,13.1,320,17:46
"		133",대전,2017-11-11,1.5,3.9,340,0:21,7.7,340,0:20
"		133",대전,2017-11-12,1,2.2,180,15:42,4.4,320,18:09
"		133",대전,2017-11-13,1.1,3.1,180,15:43,5.7,160,15:41
"		133",대전,2017-11-14,2,4.6,320,14:01,9,290,14:18
"		133",대전,2017-11-15,1.9,6,320,15:32,12.4,290,15:29
"		133",대전,2017-11-16,1.2,2.4,340,1:46,5.1,320,13:11
"		133",대전,2017-11-17,1.3,4.4,180,22:35,8,320,23:49
"		133",대전,2017-11-18,2.6,5.1,320,9:43,8.6,360,0:58
"		133",대전,2017-11-19,1.1,3,340,11:46,6.5,340,11:44
"		133",대전,2017-11-20,1.4,3.2,290,17:24,6.6,290,15:05
"		133",대전,2017-11-21,1,2.7,160,12:32,4.6,160,12:31
"		133",대전,2017-11-22,1.7,5,180,14:18,8.5,320,18:48
"		133",대전,2017-11-23,1.6,4.8,320,14:44,9.4,290,14:39
"		133",대전,2017-11-24,1.1,4.3,340,13:38,9.1,320,13:31
"		133",대전,2017-11-25,2,4.9,180,12:52,10.1,230,23:42
"		133",대전,2017-11-26,1.9,5.9,180,5:00,11.1,160,4:58
"		133",대전,2017-11-27,0.9,1.9,180,12:39,3.3,140,13:51
"		133",대전,2017-11-28,1,2.7,110,9:21,5.5,290,15:10
"		133",대전,2017-11-29,1.6,4.7,340,7:39,8.6,320,7:31
"		133",대전,2017-11-30,1.9,4.1,320,16:35,7.6,270,16:14
"		133",대전,2017-12-01,1.3,2.7,340,12:58,5.7,20,9:58
"		133",대전,2017-12-02,0.8,1.9,160,13:17,3.4,160,12:05
"		133",대전,2017-12-03,0.9,2.6,180,12:29,6,290,13:08
"		133",대전,2017-12-04,2.2,5.1,320,14:03,10.6,290,14:03
"		133",대전,2017-12-05,1.3,3.3,320,10:28,6.5,320,13:53
"		133",대전,2017-12-06,1,3.9,180,15:06,6.5,180,14:57
"		133",대전,2017-12-07,1.4,3.2,340,23:15,6.6,20,23:02
"		133",대전,2017-12-08,1.8,4.4,320,16:52,8.6,320,17:06
"		133",대전,2017-12-09,0.9,2.2,180,16:28,3.9,180,17:07
"		133",대전,2017-12-10,1.7,5.5,320,19:07,11,320,19:02
"		133",대전,2017-12-11,2.1,5.4,290,14:38,10.3,340,13:33
"		133",대전,2017-12-12,1.5,4,320,14:40,8.1,360,14:54
"		133",대전,2017-12-13,1.4,3.7,340,14:42,8.2,320,15:01
"		133",대전,2017-12-14,0.8,1.7,140,11:41,3.1,160,11:38
"		133",대전,2017-12-15,1,3,180,21:48,4.9,160,21:51
"		133",대전,2017-12-16,2.1,4.3,340,16:24,8.5,340,13:36
"		133",대전,2017-12-17,1.1,2.7,340,0:15,6.4,340,0:07
"		133",대전,2017-12-18,1.7,4.2,180,11:12,7.2,180,13:42
"		133",대전,2017-12-19,1.7,4.4,340,0:17,8.6,290,0:13
"		133",대전,2017-12-20,1.1,4.2,180,13:49,6.9,180,13:41
"		133",대전,2017-12-21,0.9,3.2,320,13:54,5.9,340,13:51
"		133",대전,2017-12-22,0.9,4,180,13:17,6.5,180,13:21
"		133",대전,2017-12-23,0.7,3.3,180,14:25,5.8,180,14:25
"		133",대전,2017-12-24,1.6,5.5,320,16:42,10.4,320,16:47
"		133",대전,2017-12-25,2.3,4.2,320,9:34,8.5,320,0:24
"		133",대전,2017-12-26,2.2,5.6,320,14:27,9.7,290,12:35
"		133",대전,2017-12-27,1.5,3.8,320,10:41,6.7,290,11:39
"		133",대전,2017-12-28,0.8,2.5,340,13:58,4.9,340,14:34
"		133",대전,2017-12-29,0.8,2.1,200,12:44,3.7,200,12:38
"		133",대전,2017-12-30,0.9,2.4,160,12:16,4,160,12:11
"		133",대전,2017-12-31,1.9,4.8,320,15:03,9.4,320,14:55
"		133",대전,2018-06-01,1.2,3.4,320,15:35,7.5,360,14:25
"		133",대전,2018-06-02,1.3,3.2,360,16:04,6.6,320,16:46
"		133",대전,2018-06-03,1.2,3,320,16:41,6.1,230,22:45
"		133",대전,2018-06-04,1.5,4,180,23:16,7.5,180,15:13
"		133",대전,2018-06-05,1.2,3.1,180,0:15,5.6,180,0:26
"		133",대전,2018-06-06,1.1,2.8,340,19:02,5.9,340,18:31
"		133",대전,2018-06-07,1,2.5,340,12:58,4.8,320,15:45
"		133",대전,2018-06-08,1.3,3,340,9:32,6.1,340,9:52
"		133",대전,2018-06-09,3,6.5,110,17:42,11.8,110,20:08
"		133",대전,2018-06-10,3.6,6,110,8:53,9.6,110,10:34
"		133",대전,2018-06-11,2.4,5.2,110,1:18,9.3,140,0:49
"		133",대전,2018-06-12,1.4,3.6,180,13:25,7.3,180,17:02
"		133",대전,2018-06-13,1.8,5.2,110,18:45,8.5,140,19:18
"		133",대전,2018-06-14,3.5,5.2,110,21:22,9.2,140,21:02
"		133",대전,2018-06-15,3.6,5.7,90,8:34,9.3,110,7:59
"		133",대전,2018-06-16,2.8,5,140,1:09,8.7,110,1:04
"		133",대전,2018-06-17,1.2,3.4,180,0:09,5.6,180,0:06
"		133",대전,2018-06-18,1.1,2.5,290,13:01,5.5,270,18:03
"		133",대전,2018-06-19,1.1,3.2,200,13:39,4.8,160,0:42
"		133",대전,2018-06-20,1.3,3,290,18:50,5.6,340,14:45
"		133",대전,2018-06-21,1.5,4,320,15:41,7.7,340,14:43
"		133",대전,2018-06-22,1.2,2.4,320,15:30,5.3,50,12:42
"		133",대전,2018-06-23,1.8,5,180,12:39,8.2,160,15:36
"		133",대전,2018-06-24,1.5,3.4,180,20:43,6.6,160,21:08
"		133",대전,2018-06-25,1.1,3.2,180,22:13,5.6,180,21:46
"		133",대전,2018-06-26,1.8,5.1,180,18:12,10.4,180,20:08
"		133",대전,2018-06-27,2.2,4.2,180,11:20,9.6,250,0:06
"		133",대전,2018-06-28,1.6,4.4,200,17:41,8,200,17:36
"		133",대전,2018-06-29,1.6,4.4,200,0:28,8.5,230,0:21
"		133",대전,2018-06-30,1.4,5.2,140,15:01,10.4,180,15:00
"		133",대전,2018-07-01,1.5,4.5,140,1:12,7.4,110,0:46
"		133",대전,2018-07-02,1,3.6,140,5:17,6.3,140,5:13
"		133",대전,2018-07-03,2,5.6,90,12:23,8.9,90,12:22
"		133",대전,2018-07-04,1.6,4.2,200,15:07,8.1,180,14:14
"		133",대전,2018-07-05,1.2,3.1,140,15:32,5.9,110,15:27
"		133",대전,2018-07-06,2.4,6.3,90,21:16,7.9,110,20:21
"		133",대전,2018-07-07,3.2,6.1,110,22:38,10.4,110,22:32
"		133",대전,2018-07-08,3.2,4.7,140,9:50,8.6,110,7:39
"		133",대전,2018-07-09,2.7,4.7,110,2:17,8,140,0:15
"		133",대전,2018-07-10,1.7,3.5,180,15:51,5.8,180,14:36
"		133",대전,2018-07-11,0.9,3.7,200,15:20,6.4,180,15:16
"		133",대전,2018-07-12,1.4,3.6,180,12:46,5.8,180,12:35
"		133",대전,2018-07-13,1.1,2.6,180,12:03,5.8,180,10:02
"		133",대전,2018-07-14,1.2,2.8,200,16:27,5.5,200,15:47
"		133",대전,2018-07-15,1,2.5,200,0:59,4.8,340,13:45
"		133",대전,2018-07-16,1.1,3.2,320,17:15,6.5,320,17:14
"		133",대전,2018-07-17,1.5,3.9,180,11:45,6.5,180,11:36
"		133",대전,2018-07-18,0.9,2.2,340,11:43,4.6,290,17:07
"		133",대전,2018-07-19,1,2.4,340,14:18,4.9,340,17:37
"		133",대전,2018-07-20,0.8,2.1,200,12:26,4.7,180,12:21
"		133",대전,2018-07-21,0.9,2.4,340,18:40,5.9,290,18:35
"		133",대전,2018-07-22,0.9,2.8,200,17:49,6.4,200,17:42
"		133",대전,2018-07-23,1,2.2,320,13:37,5,250,13:34
"		133",대전,2018-07-24,1.1,2.9,320,13:34,5.6,270,12:58
"		133",대전,2018-07-25,1.8,3.9,180,11:36,7,180,10:56
"		133",대전,2018-07-26,1.1,2.5,230,12:43,6,180,13:02
"		133",대전,2018-07-27,1.1,2.6,360,21:04,4.9,290,14:04
"		133",대전,2018-07-28,1,3.9,50,16:12,7.5,20,16:09
"		133",대전,2018-07-29,1.7,4.1,20,18:01,8.2,20,17:52
"		133",대전,2018-07-30,2.4,5.3,90,10:14,8.8,90,10:55
"		133",대전,2018-07-31,2.1,4.5,110,2:52,8,110,2:44
"		133",대전,2018-08-01,1.6,4.5,90,13:45,8.7,90,13:38
"		133",대전,2018-08-02,1.9,3.7,110,17:16,6.9,70,12:18
"		133",대전,2018-08-03,1.4,2.8,90,8:53,5.3,250,19:52
"		133",대전,2018-08-04,1.4,3.9,320,16:30,7.1,320,16:22
"		133",대전,2018-08-05,1.6,3.7,320,10:35,7.2,320,15:16
"		133",대전,2018-08-06,1.2,3.5,90,22:35,5.9,90,22:31
"		133",대전,2018-08-07,1.8,3.9,320,16:14,6.5,320,16:09
"		133",대전,2018-08-08,1.3,3,320,14:55,6,290,15:22
"		133",대전,2018-08-09,0.9,2.8,320,14:13,6,290,14:05
"		133",대전,2018-08-10,1.7,5,110,21:56,8.6,110,21:49
"		133",대전,2018-08-11,3.4,5.8,140,18:16,9.5,160,18:10
"		133",대전,2018-08-12,2.4,4,90,14:11,7.3,140,0:29
"		133",대전,2018-08-13,1.2,5.9,110,17:32,9.5,110,17:24
"		133",대전,2018-08-14,1.1,2.7,340,19:52,5.3,320,16:28
"		133",대전,2018-08-15,2,5.9,90,18:49,9.7,90,18:44
"		133",대전,2018-08-16,3.4,8.1,110,14:32,12.7,110,14:23
"		133",대전,2018-08-17,4.5,6.9,110,10:31,11.9,110,10:50
"		133",대전,2018-08-18,2.1,4.8,110,0:11,8.7,110,0:29
"		133",대전,2018-08-19,1.2,2.5,320,16:55,4.7,340,16:50
"		133",대전,2018-08-20,2,5.2,180,20:42,8.3,180,20:33
"		133",대전,2018-08-21,1.9,4.2,200,10:45,10.3,180,9:26
"		133",대전,2018-08-22,2.9,6.8,140,15:11,11.9,90,22:02
"		133",대전,2018-08-23,4,6.7,90,14:53,11.9,110,21:00
"		133",대전,2018-08-24,2,4.1,50,1:40,10.9,70,2:01
"		133",대전,2018-08-25,1.7,3.4,180,4:24,6.6,200,9:56
"		133",대전,2018-08-26,1.3,3.9,140,18:37,6.7,110,18:28
"		133",대전,2018-08-27,1.2,4.4,200,14:50,7.7,200,14:45
"		133",대전,2018-08-28,1.4,3.5,320,5:35,6,180,11:39
"		133",대전,2018-08-29,1.6,4.3,180,11:17,7.9,180,11:10
"		133",대전,2018-08-30,1.4,4.6,180,14:03,7.9,180,14:00
"		133",대전,2018-08-31,1,3.8,340,5:12,6.8,360,5:03
"		133",대전,2018-09-01,2.4,6.2,110,12:05,10.6,90,10:56
"		133",대전,2018-09-02,2.7,4.6,140,21:33,8.2,110,20:21
"		133",대전,2018-09-03,1.6,4,180,13:00,7,180,13:14
"		133",대전,2018-09-04,1.8,4.6,320,16:37,8.5,290,15:51
"		133",대전,2018-09-05,1.8,4,290,16:45,8.1,250,16:03
"		133",대전,2018-09-06,1.8,4.5,180,20:35,8.1,160,22:22
"		133",대전,2018-09-07,1.8,4,180,3:14,7.4,320,14:07
"		133",대전,2018-09-08,1.2,3,340,13:56,5.8,340,13:55
"		133",대전,2018-09-09,0.9,3,110,13:52,5.6,160,13:46
"		133",대전,2018-09-10,2.4,5.2,110,23:20,9.8,110,23:17
"		133",대전,2018-09-11,2.7,5.6,90,10:05,10.6,90,9:59
"		133",대전,2018-09-12,1.7,4,110,10:33,8.1,110,11:08
"		133",대전,2018-09-13,2,4.5,110,5:11,7,110,5:09
"		133",대전,2018-09-14,1.2,3.2,70,14:00,6.6,110,15:11
"		133",대전,2018-09-15,1.3,3.3,110,9:21,5.5,140,8:48
"		133",대전,2018-09-16,0.5,1.9,340,11:31,4.2,320,10:34
"		133",대전,2018-09-17,0.8,3,200,14:44,5.2,180,14:41
"		133",대전,2018-09-18,1,3.3,320,16:04,6.1,360,18:07
"		133",대전,2018-09-19,0.6,1.7,290,0:26,3,50,14:06
"		133",대전,2018-09-20,1.8,4.7,110,20:33,8.1,140,21:50
"		133",대전,2018-09-21,1.1,4.2,110,13:20,7.2,110,13:01
"		133",대전,2018-09-22,1.3,3.2,320,10:51,6.8,320,15:43
"		133",대전,2018-09-23,1.2,4,200,13:06,8.9,160,13:03
"		133",대전,2018-09-24,1.1,3.8,320,15:08,6.8,290,15:06
"		133",대전,2018-09-25,1.6,4.3,90,11:59,7.2,110,12:16
"		133",대전,2018-09-26,2.1,5,90,9:36,8.3,90,11:55
"		133",대전,2018-09-27,1.7,3.9,90,14:17,7.7,90,13:43
"		133",대전,2018-09-28,1.5,3.5,110,16:16,6.1,90,15:28
"		133",대전,2018-09-29,1.7,4.3,90,15:43,7.5,90,13:30
"		133",대전,2018-09-30,1.9,5.9,320,16:22,11.4,320,15:48
"		133",대전,2018-10-01,1.9,4.9,180,11:26,10.4,290,12:08
"		133",대전,2018-10-02,1,2.4,320,16:20,5.5,320,14:42
"		133",대전,2018-10-03,0.9,2.2,320,13:20,4.5,50,12:40
"		133",대전,2018-10-04,2.2,6.7,140,14:18,11,140,14:32
"		133",대전,2018-10-05,1.2,4.6,140,1:54,7.4,140,1:48
"		133",대전,2018-10-06,2.8,6.7,340,11:27,14,360,9:11
"		133",대전,2018-10-07,1,3.5,320,17:31,6,320,17:32
"		133",대전,2018-10-08,0.9,2.7,340,12:29,5.6,340,13:35
"		133",대전,2018-10-09,1.1,4.4,90,11:47,6.6,90,11:42
"		133",대전,2018-10-10,2.3,5.4,320,7:14,9.3,320,7:08
"		133",대전,2018-10-11,1.4,4.3,320,13:08,8.9,320,13:07
"		133",대전,2018-10-12,0.7,3.6,340,12:00,6.8,340,12:05
"		133",대전,2018-10-13,0.9,1.9,140,12:56,3.9,340,16:46
"		133",대전,2018-10-14,0.8,2.3,110,12:48,4.5,50,21:07
"		133",대전,2018-10-15,0.7,2.1,20,12:34,4.7,70,12:27
"		133",대전,2018-10-16,0.6,1.8,250,1:40,2.5,320,11:05
"		133",대전,2018-10-17,1,3.2,320,14:05,6.3,290,13:59
"		133",대전,2018-10-18,1.3,3.8,360,18:34,7.2,360,18:33
"		133",대전,2018-10-19,0.9,2.4,340,12:45,5.3,290,13:50
"		133",대전,2018-10-20,0.8,2.1,320,16:28,3.8,320,16:19
"		133",대전,2018-10-21,0.9,2,110,13:34,4,50,14:27
"		133",대전,2018-10-22,0.8,1.6,290,15:02,3.5,320,14:56
"		133",대전,2018-10-23,1.1,3.9,180,13:05,6.3,160,13:00
"		133",대전,2018-10-24,0.8,2.2,140,10:51,4.8,70,14:46
"		133",대전,2018-10-25,0.8,2.8,110,15:09,5.2,90,15:04
"		133",대전,2018-10-26,1,3.8,290,22:42,8.5,290,22:53
"		133",대전,2018-10-27,2.5,5.9,320,15:34,11.4,320,12:22
"		133",대전,2018-10-28,1.8,7.1,340,14:18,13.8,320,14:41
"		133",대전,2018-10-29,1.2,4.1,320,15:56,8.5,340,16:26
"		133",대전,2018-10-30,1.2,3.5,320,12:59,7.3,340,12:52
"		133",대전,2018-10-31,1.2,3.3,340,14:06,6.3,320,12:20
"		133",대전,2018-11-01,1,2.5,320,15:15,4.9,290,14:13
"		133",대전,2018-11-02,0.9,2,160,12:35,3.4,160,12:34
"		133",대전,2018-11-03,0.8,2.1,50,14:51,3.9,20,14:42
"		133",대전,2018-11-04,0.9,2.5,20,12:53,5,320,14:58
"		133",대전,2018-11-05,0.8,2,20,14:15,4.2,50,14:27
"		133",대전,2018-11-06,0.7,1.8,290,19:25,2.9,360,14:04
"		133",대전,2018-11-07,0.3,1.3,340,19:57,2,360,17:21
"		133",대전,2018-11-08,1.6,5.2,200,22:04,14.3,230,22:03
"		133",대전,2018-11-09,1.7,4.2,320,5:04,8.7,270,1:40
"		133",대전,2018-11-10,1,3.4,180,11:03,6.2,180,11:14
"		133",대전,2018-11-11,0.6,2,340,22:44,4.8,360,22:35
"		133",대전,2018-11-12,1,2.7,320,13:36,5.1,320,13:35
"		133",대전,2018-11-13,0.9,2,290,16:03,4,340,14:10
"		133",대전,2018-11-14,0.8,2,160,11:40,3.6,110,13:01
"		133",대전,2018-11-15,0.7,2.3,90,14:25,3.8,70,14:20
"		133",대전,2018-11-16,0.8,3,320,21:59,5.5,340,23:40
"		133",대전,2018-11-17,1.2,2.4,360,3:40,5.1,340,18:54
"		133",대전,2018-11-18,0.7,1.7,320,6:46,3.2,340,14:28
"		133",대전,2018-11-19,1,3.1,320,15:15,6.2,270,15:08
"		133",대전,2018-11-20,0.9,2,180,14:48,3.6,180,14:40
"		133",대전,2018-11-21,1.2,5,340,14:02,9.7,360,13:57
"		133",대전,2018-11-22,1.5,4.5,340,14:56,8.9,320,14:35
"		133",대전,2018-11-23,1.1,2.9,110,12:57,4.9,70,13:57
"		133",대전,2018-11-24,0.8,2.7,160,9:41,5.1,140,11:50
"		133",대전,2018-11-25,0.6,2.1,180,12:29,3.9,180,12:22
"		133",대전,2018-11-26,0.7,1.8,50,15:59,3.2,360,15:46
"		133",대전,2018-11-27,0.9,3.9,200,14:01,6.9,180,13:55
"		133",대전,2018-11-28,0.9,1.9,340,15:58,4.9,340,15:55
"		133",대전,2018-11-29,0.8,2.1,270,2:39,3.2,270,2:36
"		133",대전,2018-11-30,0.8,1.9,320,14:51,3.9,20,21:22
"		133",대전,2018-12-01,0.8,1.8,140,13:31,3.7,110,14:18
"		133",대전,2018-12-02,0.8,2.6,110,21:55,4.6,180,22:18
"		133",대전,2018-12-03,0.8,2.2,270,4:43,3.6,90,1:19
"		133",대전,2018-12-04,1.8,5.6,320,23:28,8.6,320,23:24
"		133",대전,2018-12-05,1.2,2.5,360,12:32,5.2,320,14:52
"		133",대전,2018-12-06,1.2,5.3,340,22:09,9.9,340,22:08
"		133",대전,2018-12-07,2.9,5.3,320,3:35,11.3,340,15:38
"		133",대전,2018-12-08,1.4,3.8,320,15:25,7.4,320,15:10
"		133",대전,2018-12-09,1.2,3,340,13:42,5.5,270,13:32
"		133",대전,2018-12-10,0.9,2.6,20,14:13,5,20,13:56
"		133",대전,2018-12-11,0.5,1.4,250,1:07,2.6,70,0:06
"		133",대전,2018-12-12,1.2,2.6,340,11:17,5.4,320,15:51
"		133",대전,2018-12-13,1.6,4.8,340,15:43,10.4,340,15:38
"		133",대전,2018-12-14,1.2,3.1,320,15:09,6,360,0:44
"		133",대전,2018-12-15,0.8,1.9,110,13:42,3.2,50,15:19
"		133",대전,2018-12-16,0.8,2.3,180,14:30,4.7,230,14:01
"		133",대전,2018-12-17,1.6,5,320,13:34,9.2,320,13:31
"		133",대전,2018-12-18,1,3.7,180,11:27,5.8,270,13:50
"		133",대전,2018-12-19,1.2,3.4,200,7:46,7.1,180,14:16
"		133",대전,2018-12-20,0.6,1.6,340,17:42,3.1,20,15:08
"		133",대전,2018-12-21,0.7,2.5,340,21:53,5.4,340,21:47
"		133",대전,2018-12-22,0.8,2,160,13:45,3.4,340,16:31
"		133",대전,2018-12-23,2,5,320,16:53,10.1,360,13:30
"		133",대전,2018-12-24,1,2.3,320,13:02,4.6,340,12:41
"		133",대전,2018-12-25,0.7,2.2,250,4:52,3.1,250,4:45
"		133",대전,2018-12-26,1.8,4.4,340,12:45,8.2,320,13:04
"		133",대전,2018-12-27,2.7,4.7,340,11:28,9.5,340,9:51
"		133",대전,2018-12-28,1.5,2.8,290,12:36,5.6,320,13:33
"		133",대전,2018-12-29,1.7,4.8,340,14:11,8.8,340,13:45
"		133",대전,2018-12-30,0.9,2.4,20,1:26,6.2,20,1:50
"		133",대전,2018-12-31,0.9,3,340,17:01,5.5,20,16:59
"		133",대전,2019-06-01,1.1,2.5,140,14:05,4.5,110,14:02
"		133",대전,2019-06-02,1,3,270,14:58,5.6,270,14:50
"		133",대전,2019-06-03,1.2,4.2,250,13:34,6.6,270,13:43
"		133",대전,2019-06-04,1.3,3.4,250,14:11,5.9,250,14:07
"		133",대전,2019-06-05,1.5,4.2,110,15:28,6.3,90,14:17
"		133",대전,2019-06-06,1.3,5.4,50,23:57,9.6,50,23:53
"		133",대전,2019-06-07,1.6,5.5,50,2:24,11.9,20,1:42
"		133",대전,2019-06-08,1.1,3.4,140,18:51,6.2,110,18:48
"		133",대전,2019-06-09,1.5,5.3,110,20:15,7.8,110,20:07
"		133",대전,2019-06-10,1.7,4,20,15:20,6.5,70,15:12
"		133",대전,2019-06-11,1.4,3.3,70,1:38,6.2,50,1:35
"		133",대전,2019-06-12,1.1,2.7,110,8:32,4.9,250,14:54
"		133",대전,2019-06-13,0.8,2.5,250,16:35,4.5,230,16:29
"		133",대전,2019-06-14,0.9,3.2,270,13:09,6.2,270,13:07
"		133",대전,2019-06-15,1.9,5.6,250,17:14,10.3,250,17:52
"		133",대전,2019-06-16,1.4,2.7,230,18:16,5.4,230,18:26
"		133",대전,2019-06-17,2.1,5.1,110,10:33,7.9,70,10:37
"		133",대전,2019-06-18,1.2,4,110,11:07,7.6,110,11:19
"		133",대전,2019-06-19,0.9,2.3,250,21:38,4.6,290,17:14
"		133",대전,2019-06-20,0.9,2.9,270,17:09,5.6,270,17:02
"		133",대전,2019-06-21,1.3,3,250,16:37,6,270,16:10
"		133",대전,2019-06-22,1.2,3.5,20,16:52,5.9,20,16:48
"		133",대전,2019-06-23,1.2,3,50,12:48,5.7,20,12:39
"		133",대전,2019-06-24,1.3,2.7,230,18:15,5.3,90,11:51
"		133",대전,2019-06-25,1.2,2.8,250,17:25,5.6,200,17:23
"		133",대전,2019-06-26,1.5,5.2,50,17:11,8.8,20,17:09
"		133",대전,2019-06-27,0.8,2.8,70,0:22,4.8,50,0:17
"		133",대전,2019-06-28,1.5,4.9,110,14:28,8.1,110,14:21
"		133",대전,2019-06-29,1.2,4,90,12:05,6,90,12:02
"		133",대전,2019-06-30,1.2,3.8,110,12:25,7.2,90,11:44
"		133",대전,2019-07-01,1.5,3.9,110,18:31,6.6,110,18:25
"		133",대전,2019-07-02,1.2,4.2,110,16:48,6.6,110,16:46
"		133",대전,2019-07-03,1,2,340,9:51,4.1,270,18:05
"		133",대전,2019-07-04,1,3.1,250,18:35,5.9,250,18:33
"		133",대전,2019-07-05,1.6,5,70,14:02,9.9,70,14:19
"		133",대전,2019-07-06,3,7,70,19:14,10.3,110,15:31
"		133",대전,2019-07-07,3.2,6.7,20,10:20,11.9,20,10:19
"		133",대전,2019-07-08,2.4,4.8,50,18:46,8.7,50,17:14
"		133",대전,2019-07-09,2.9,5.2,50,14:18,9.8,90,23:00
"		133",대전,2019-07-10,1.9,4.3,20,4:00,7.8,20,3:51
"		133",대전,2019-07-11,0.4,1.9,250,12:07,4,320,0:13
"		133",대전,2019-07-12,1,3.1,140,15:24,7.4,90,15:23
"		133",대전,2019-07-13,0.5,3.3,270,15:58,5.5,270,15:57
"		133",대전,2019-07-14,0.9,2.9,90,21:08,5.5,230,17:51
"		133",대전,2019-07-15,1.3,4.6,50,14:42,8.1,90,14:16
"		133",대전,2019-07-16,1.3,6.4,90,18:14,10.9,90,18:07
"		133",대전,2019-07-17,1.1,3.1,20,13:55,5.4,50,14:59
"		133",대전,2019-07-18,1.4,2.6,90,3:58,4.4,50,12:02
"		133",대전,2019-07-19,2.1,6.7,20,23:33,8.5,20,23:54
"		133",대전,2019-07-20,3.2,6.2,20,9:24,11.4,20,0:50
"		133",대전,2019-07-21,1.8,3.6,140,20:05,7.8,180,16:41
"		133",대전,2019-07-22,1.7,3.8,110,11:10,6.1,110,10:59
"		133",대전,2019-07-23,1.2,3.2,140,16:20,5.9,110,16:16
"		133",대전,2019-07-24,1.3,3.4,90,12:46,5.9,140,14:45
"		133",대전,2019-07-25,0.7,2,90,4:59,5.9,140,17:21
"		133",대전,2019-07-26,1.2,2.8,140,9:06,5,110,9:57
"		133",대전,2019-07-27,1.1,3.8,110,16:45,6.4,140,16:34
"		133",대전,2019-07-28,1.4,4.9,140,11:42,9.3,160,11:39
"		133",대전,2019-07-29,1.6,4.4,140,10:50,8.2,200,13:22
"		133",대전,2019-07-30,2.3,5.2,110,14:11,10.6,90,11:52
"		133",대전,2019-07-31,2.1,4.8,140,10:15,9.7,90,10:09
"		133",대전,2019-08-01,1.5,3.2,140,12:35,5.8,110,12:22
"		133",대전,2019-08-02,0.8,2,200,13:03,3.8,290,11:36
"		133",대전,2019-08-03,0.9,3.8,50,15:38,7.6,230,16:23
"		133",대전,2019-08-04,0.5,3.9,270,18:10,7.1,270,18:08
"		133",대전,2019-08-05,1,3.3,50,14:11,6.3,50,16:10
"		133",대전,2019-08-06,1.9,4.5,50,1:30,8.3,50,1:24
"		133",대전,2019-08-07,0.9,3.1,140,10:21,8.5,160,10:21
"		133",대전,2019-08-08,0.6,7.2,110,15:31,13,110,15:35
"		133",대전,2019-08-09,0.4,3.1,270,13:33,6.2,320,13:29
"		133",대전,2019-08-10,2.7,6.1,70,18:08,10.8,70,18:11
"		133",대전,2019-08-11,4.4,8.2,70,11:38,13.3,50,14:27
"		133",대전,2019-08-12,1.6,5.5,50,1:08,8.9,50,0:56
"		133",대전,2019-08-13,0.9,3,50,8:50,5,70,8:35
"		133",대전,2019-08-14,2.4,5.2,20,16:32,8.8,20,16:27
"		133",대전,2019-08-15,1.3,3.3,270,15:06,7.3,270,15:00
"		133",대전,2019-08-16,1.5,4.2,110,12:04,7.8,230,16:07
"		133",대전,2019-08-17,2.2,4.9,110,14:55,9.6,110,14:18
"		133",대전,2019-08-18,0.7,2.7,270,14:46,5.3,250,14:41
"		133",대전,2019-08-19,0.9,2.2,290,17:25,4.8,270,17:46
"		133",대전,2019-08-20,2.1,5.2,70,13:22,9.9,20,12:48
"		133",대전,2019-08-21,1.3,5.2,140,18:49,7.9,110,18:41
"		133",대전,2019-08-22,1,3.1,250,15:51,5.8,270,16:39
"		133",대전,2019-08-23,1.1,2.6,140,14:57,6.6,140,14:56
"		133",대전,2019-08-24,0.7,2.5,140,15:51,5.7,110,15:37
"		133",대전,2019-08-25,0.3,1.7,110,13:10,4.9,180,17:24
"		133",대전,2019-08-26,0.5,2.9,70,11:23,6.2,70,11:18
"		133",대전,2019-08-27,0.7,3.7,70,9:45,6.9,90,9:45
"		133",대전,2019-08-28,0.7,3.1,140,17:06,6.1,140,17:03
"		133",대전,2019-08-29,1.2,5.2,250,15:09,9.4,270,15:07
"		133",대전,2019-08-30,1.4,3.6,250,13:10,7.7,250,14:38
"		133",대전,2019-08-31,0.8,2.9,110,12:25,5.5,110,13:22
"		133",대전,2019-09-01,0.7,2.5,110,15:07,4.6,110,13:58
"		133",대전,2019-09-02,1.1,3.5,70,14:20,6,70,14:14
"		133",대전,2019-09-03,0.9,3.6,50,9:22,6.1,70,9:22
"		133",대전,2019-09-04,1.3,3.9,50,9:38,6.2,50,9:32
"		133",대전,2019-09-05,0.6,4.2,250,16:31,9.6,270,16:23
"		133",대전,2019-09-06,1.4,4.2,70,9:16,8.1,20,23:28
"		133",대전,2019-09-07,5.5,10.9,90,12:02,21,110,11:54
"		133",대전,2019-09-08,0.7,2.8,140,3:32,4.5,160,3:30
"		133",대전,2019-09-09,0.5,2.7,50,5:39,4.4,70,20:52
"		133",대전,2019-09-10,1.3,4.2,90,22:50,7.5,110,14:21
"		133",대전,2019-09-11,2.2,7.5,50,18:33,11,70,22:32
"		133",대전,2019-09-12,2.8,5,50,17:31,8.8,20,14:13
"		133",대전,2019-09-13,1.7,4.8,70,9:33,8.2,70,9:29
"		133",대전,2019-09-14,0.3,3.1,50,0:12,5.3,50,0:03
"		133",대전,2019-09-15,0.6,2.2,250,16:59,4.6,270,21:45
"		133",대전,2019-09-16,0.8,2.5,70,23:58,5.3,50,12:24
"		133",대전,2019-09-17,1.4,3.8,50,10:23,6.5,70,10:16
"		133",대전,2019-09-18,1.5,3.9,250,15:55,7.6,250,14:11
"		133",대전,2019-09-19,1.1,3.3,50,11:17,6.3,50,11:15
"		133",대전,2019-09-20,1.6,5.2,20,14:11,8.4,20,14:10
"		133",대전,2019-09-21,1.4,5.8,20,12:10,10,360,12:08
"		133",대전,2019-09-22,1.7,5.8,20,6:51,11.9,50,6:43
"		133",대전,2019-09-23,1,2.7,270,0:24,6.6,290,0:09
"		133",대전,2019-09-24,0.6,2.8,270,12:52,5.6,270,12:23
"		133",대전,2019-09-25,0.8,2.1,20,16:01,3.4,250,13:28
"		133",대전,2019-09-26,1.5,4,70,10:43,7.5,50,12:55
"		133",대전,2019-09-27,0.9,2.8,50,10:58,4.5,70,10:52
"		133",대전,2019-09-28,0.8,2.2,250,12:46,4.4,200,12:56
"		133",대전,2019-09-29,0.8,2.3,270,13:55,4.5,360,12:05
"		133",대전,2019-09-30,0.9,2.2,250,15:51,4.5,110,14:15
"		133",대전,2019-10-01,0.8,2.2,70,14:29,4.4,50,14:21
"		133",대전,2019-10-02,1.5,3.9,70,5:48,6.8,70,5:47
"		133",대전,2019-10-03,1.9,4.5,270,4:46,9.2,320,3:15
"		133",대전,2019-10-04,1.1,4.2,140,22:45,7.5,140,22:43
"		133",대전,2019-10-05,1.5,3.2,110,6:07,5.5,110,15:33
"		133",대전,2019-10-06,2.9,5.2,50,12:43,9.8,50,9:26
"		133",대전,2019-10-07,1,4.2,50,0:30,7.1,50,2:06
"		133",대전,2019-10-08,1.3,4.8,250,14:53,9.8,290,14:45
"		133",대전,2019-10-09,0.6,1.7,250,4:39,4.6,20,13:52
"		133",대전,2019-10-10,0.5,1.5,250,0:56,3.1,270,16:46
"		133",대전,2019-10-11,0.7,2.2,290,16:53,4.8,50,14:43
"		133",대전,2019-10-12,1.5,3.6,360,12:18,6.9,320,18:47
"		133",대전,2019-10-13,1.2,3.8,70,12:08,7,50,12:00
"		133",대전,2019-10-14,1.1,3.7,250,15:28,6.8,230,14:16
"		133",대전,2019-10-15,1.4,4.9,50,10:50,9,50,10:48
"		133",대전,2019-10-16,0.2,2,90,12:43,3.8,140,13:39
"		133",대전,2019-10-17,0.9,3.7,20,16:46,6.9,360,18:19
"		133",대전,2019-10-18,1.7,4.9,50,13:00,9.3,50,16:26
"		133",대전,2019-10-19,0.4,2.2,270,16:08,4.8,320,14:18
"		133",대전,2019-10-20,0.2,1.6,250,2:08,3.6,20,15:06
"		133",대전,2019-10-21,0.4,3,360,14:32,6.3,20,14:16
"		133",대전,2019-10-22,1.1,3.6,50,11:00,6.2,20,11:11
"		133",대전,2019-10-23,1.5,4.1,50,10:40,7.4,50,13:26
"		133",대전,2019-10-24,1.6,4.6,50,14:42,8.5,20,14:59
"		133",대전,2019-10-25,0.9,3.2,250,23:49,6.1,230,23:40
"		133",대전,2019-10-26,1.7,3.4,250,0:11,6.3,270,0:05
"		133",대전,2019-10-27,0.7,2.8,270,12:20,6.3,320,14:45
"		133",대전,2019-10-28,1.1,3.2,110,15:00,7.3,90,14:30
"		133",대전,2019-10-29,1.6,3.7,110,0:33,6.6,200,13:21
"		133",대전,2019-10-30,0.6,2.2,270,15:18,5,250,14:00
"		133",대전,2019-10-31,0.9,2.9,140,13:48,6.6,110,13:36
"		133",대전,2019-11-01,0.7,2.3,250,14:07,4.6,230,14:00
"		133",대전,2019-11-02,0.5,1.6,250,6:07,2.2,180,22:37
"		133",대전,2019-11-03,0.5,2.2,340,12:26,4.4,20,20:41
"		133",대전,2019-11-04,0.5,1.7,250,16:06,3.3,250,16:03
"		133",대전,2019-11-05,1.2,2.9,250,15:17,5.4,230,12:30
"		133",대전,2019-11-06,1,2.5,250,15:44,4.1,270,15:37
"		133",대전,2019-11-07,1.4,3.7,250,16:10,7.5,230,16:22
"		133",대전,2019-11-08,0.7,2.3,270,13:35,5.2,270,13:27
"		133",대전,2019-11-09,0.7,2.1,270,13:29,4.4,290,13:21
"		133",대전,2019-11-10,0.6,3.6,250,20:32,7.8,230,20:31
"		133",대전,2019-11-11,1.8,4,250,14:04,8.4,230,15:09
"		133",대전,2019-11-12,0.7,2.3,20,15:07,4.3,20,15:03
"		133",대전,2019-11-13,1,4.3,270,19:01,9.2,250,22:36
"		133",대전,2019-11-14,1.6,4.8,270,1:27,9.5,270,0:54
"		133",대전,2019-11-15,1.4,3.6,180,14:09,8.1,160,19:49
"		133",대전,2019-11-16,0.7,4.3,110,11:46,7.5,140,12:41
"		133",대전,2019-11-17,0.4,3.9,70,13:07,6.8,70,13:10
"		133",대전,2019-11-18,2.2,4.9,270,10:34,8.8,270,5:46
"		133",대전,2019-11-19,1.2,3.9,290,5:10,8.7,270,5:12
"		133",대전,2019-11-20,0.4,2.6,250,15:17,4.8,250,15:12
"		133",대전,2019-11-21,0.2,1.4,320,13:48,3,270,14:27
"		133",대전,2019-11-22,,2.8,20,17:00,4.1,50,16:55
"		133",대전,2019-11-23,1,3.8,70,11:29,6.5,50,11:22
"		133",대전,2019-11-24,1.5,6.1,270,19:05,13.9,230,18:59
"		133",대전,2019-11-25,1.6,4,270,0:56,7.4,250,0:59
"		133",대전,2019-11-26,0.8,2.3,290,20:35,4.8,340,20:40
"		133",대전,2019-11-27,1.3,3,250,13:44,5.2,290,13:15
"		133",대전,2019-11-28,0.7,2.3,20,13:49,4.5,320,14:26
"		133",대전,2019-11-29,0.8,2.4,250,13:26,5.6,230,13:21
"		133",대전,2019-11-30,0.5,2.4,230,15:29,5.6,250,15:29
"		133",대전,2019-12-01,0.4,2.1,250,23:13,3.8,250,23:07
"		133",대전,2019-12-02,1.8,4.8,250,12:24,8.5,270,14:14
"		133",대전,2019-12-03,1.1,4.5,140,12:40,8.3,90,12:39
"		133",대전,2019-12-04,1.3,3.5,250,15:35,6.6,250,14:30
"		133",대전,2019-12-05,2.2,4.7,250,17:24,9.6,270,14:47
"		133",대전,2019-12-06,0.9,2.9,270,13:06,5.5,230,13:32
"		133",대전,2019-12-07,0.3,2,200,15:48,4,200,15:41
"		133",대전,2019-12-08,0.4,1.8,70,13:44,3.6,250,12:09
"		133",대전,2019-12-09,0.7,2.2,180,15:03,5,180,14:58
"		133",대전,2019-12-10,0.7,3.3,140,13:20,7.1,200,13:29
"		133",대전,2019-12-11,2.1,5.4,270,17:13,10,200,17:36
"		133",대전,2019-12-12,1.1,2.9,250,12:23,5.8,230,13:00
"		133",대전,2019-12-13,0.6,1.9,50,22:09,2.7,90,22:17
"		133",대전,2019-12-14,1.3,3,270,9:30,6.5,160,2:42
"		133",대전,2019-12-15,0.9,3.3,50,19:40,5.1,140,19:36
"		133",대전,2019-12-16,0.7,1.8,250,23:54,2.6,110,11:13
"		133",대전,2019-12-17,1.1,3.2,250,17:20,6.1,230,16:44
"		133",대전,2019-12-18,1.1,2.5,270,10:41,4.6,250,0:27
"		133",대전,2019-12-19,1.2,4,270,15:42,6.8,250,15:07
"		133",대전,2019-12-20,1.1,2.5,250,13:48,5.2,340,15:25
"		133",대전,2019-12-21,0.9,2.8,110,15:06,4.7,110,14:58
"		133",대전,2019-12-22,0.8,2,110,14:29,3.8,90,14:26
"		133",대전,2019-12-23,1.4,4.1,250,12:04,7.3,270,12:00
"		133",대전,2019-12-24,0.8,2.1,50,13:10,3.6,340,14:30
"		133",대전,2019-12-25,0.8,2.2,290,15:23,4.2,290,15:16
"		133",대전,2019-12-26,1.3,4.4,250,22:16,9.4,230,22:31
"		133",대전,2019-12-27,1.3,3.5,250,14:56,6.7,250,1:18
"		133",대전,2019-12-28,0.8,1.9,50,13:46,3.6,70,13:44
"		133",대전,2019-12-29,1.1,4,70,18:31,6.7,70,18:25
"		133",대전,2019-12-30,1.5,5.8,270,17:01,9.9,270,16:57
"		133",대전,2019-12-31,2.5,4.9,250,0:28,11.9,250,1:30
"		133",대전,2020-06-01,2.1,4.7,250,15:19,8.6,250,15:42
"		133",대전,2020-06-02,1.2,6.7,90,14:11,11,90,14:05
"		133",대전,2020-06-03,1.4,3.5,180,21:05,7.1,160,17:33
"		133",대전,2020-06-04,2.2,5.1,180,12:57,8.7,160,9:25
"		133",대전,2020-06-05,1.8,3.7,180,10:32,6.4,180,9:49
"		133",대전,2020-06-06,1.9,5,110,9:47,7.5,90,9:48
"		133",대전,2020-06-07,1.2,3.3,70,11:26,6.2,180,12:23
"		133",대전,2020-06-08,1.1,3,320,17:07,5.5,320,16:32
"		133",대전,2020-06-09,1.2,2.8,320,14:49,6.1,340,14:07
"		133",대전,2020-06-10,1,4.7,200,17:27,11.2,160,17:20
"		133",대전,2020-06-11,0.9,2.1,360,21:46,4.1,20,21:41
"		133",대전,2020-06-12,0.8,3.5,180,13:16,6.4,160,13:14
"		133",대전,2020-06-13,1.1,5.4,180,17:40,8.7,180,17:31
"		133",대전,2020-06-14,1.5,3.6,290,17:25,6.7,290,16:50
"		133",대전,2020-06-15,1.8,3.5,180,11:54,6.8,230,18:12
"		133",대전,2020-06-16,1.4,3.6,180,1:20,6,180,1:02
"		133",대전,2020-06-17,1.3,3.2,200,14:56,6.1,180,14:51
"		133",대전,2020-06-18,1.5,4.1,90,13:37,6.7,90,13:45
"		133",대전,2020-06-19,1.1,2.5,90,0:17,6.3,360,15:34
"		133",대전,2020-06-20,1.1,3.3,180,11:06,5.2,180,10:59
"		133",대전,2020-06-21,1.1,3.3,90,16:25,5.6,110,16:18
"		133",대전,2020-06-22,1.4,3.6,180,22:40,6.3,180,21:47
"		133",대전,2020-06-23,1.2,2.7,200,0:43,5.7,160,0:34
"		133",대전,2020-06-24,2.1,4.7,110,8:15,7.7,110,8:17
"		133",대전,2020-06-25,1.8,4,200,9:14,8,200,9:02
"		133",대전,2020-06-26,1.6,4.2,180,11:20,6.8,180,11:16
"		133",대전,2020-06-27,0.7,2.1,340,16:00,3.9,340,16:41
"		133",대전,2020-06-28,1,2.5,320,15:09,5.6,360,15:07
"		133",대전,2020-06-29,2.4,5.5,110,18:41,10,110,18:38
"		133",대전,2020-06-30,1.6,4.7,110,0:24,9,90,0:22
"		133",대전,2020-07-01,1.1,3.2,340,1:08,7.3,340,1:04
"		133",대전,2020-07-02,1.1,3.5,180,20:04,5.7,180,20:47
"		133",대전,2020-07-03,1.9,4.9,110,12:23,9.1,90,15:22
"		133",대전,2020-07-04,1.4,3.4,180,20:58,5.6,180,19:28
"		133",대전,2020-07-05,0.5,1.9,180,16:03,3.4,320,12:37
"		133",대전,2020-07-06,1.1,3.6,180,17:49,7,180,19:09
"		133",대전,2020-07-07,1.1,3.2,180,11:38,5,160,11:29
"		133",대전,2020-07-08,0.8,2.4,200,19:01,5.8,200,18:56
"		133",대전,2020-07-09,2.1,4.8,110,21:40,7.8,110,21:05
"		133",대전,2020-07-10,1.9,6.6,110,6:41,11.6,90,6:28
"		133",대전,2020-07-11,1.1,2,180,0:01,5,230,1:47
"		133",대전,2020-07-12,3.1,5.5,110,22:01,10.8,110,21:47
"		133",대전,2020-07-13,3.5,5.5,140,21:51,11.4,90,2:43
"		133",대전,2020-07-14,1.4,4.7,140,0:01,7.4,140,0:14
"		133",대전,2020-07-15,0.6,1.8,250,19:27,3.1,250,19:20
"		133",대전,2020-07-16,0.6,1.9,340,14:37,4.5,320,14:33
"		133",대전,2020-07-17,0.8,2.1,340,19:37,5.2,20,21:11
"		133",대전,2020-07-18,1.7,4.1,90,15:10,7.1,140,20:17
"		133",대전,2020-07-19,2.6,4.5,110,8:50,7.4,110,17:43
"		133",대전,2020-07-20,2.1,6.3,180,2:10,10.2,200,2:04
"		133",대전,2020-07-21,0.6,2,140,10:46,3.7,70,15:36
"		133",대전,2020-07-22,0.9,2.9,180,17:51,5,180,17:50
"		133",대전,2020-07-23,2.3,6.7,110,19:47,12.6,140,18:23
"		133",대전,2020-07-24,1.6,4.3,90,2:28,9.9,110,0:54
"		133",대전,2020-07-25,0.8,2.2,340,14:05,4.6,340,13:34
"		133",대전,2020-07-26,0.6,2.3,180,12:35,4.1,160,12:38
"		133",대전,2020-07-27,1.1,2.8,140,19:14,4.6,160,19:31
"		133",대전,2020-07-28,1,2.5,110,17:18,4.8,110,16:52
"		133",대전,2020-07-29,0.7,1.9,140,9:03,3.4,160,9:03
"		133",대전,2020-07-30,1.4,3.6,180,4:16,6.5,200,5:14
"		133",대전,2020-07-31,0.7,3.2,200,18:09,5.9,250,18:04
"		133",대전,2020-08-01,1.2,4.7,180,16:08,9.9,180,16:05
"		133",대전,2020-08-02,2.3,4.7,180,10:18,8.8,200,12:56
"		133",대전,2020-08-03,1.9,5.3,180,11:18,11.2,180,10:38
"		133",대전,2020-08-04,1.4,4.2,180,13:05,7,180,13:05
"		133",대전,2020-08-05,1.1,2.9,320,12:14,5.6,340,11:45
"		133",대전,2020-08-06,2.6,5.5,180,4:03,11.1,200,6:12
"		133",대전,2020-08-07,0.7,1.9,160,16:28,4.2,360,12:13
"		133",대전,2020-08-08,0.8,2.7,180,16:06,4.5,160,16:05
"		133",대전,2020-08-09,1.5,3.1,180,14:47,7.5,250,15:52
"		133",대전,2020-08-10,1.2,4.2,90,10:55,7.4,110,10:51
"		133",대전,2020-08-11,1.2,4.4,180,1:03,8.3,200,9:27
"		133",대전,2020-08-12,0.8,2.5,200,20:05,5.2,200,19:18
"		133",대전,2020-08-13,1.4,4.4,180,11:14,7.8,160,15:03
"		133",대전,2020-08-14,1.8,4,200,15:39,8.4,180,16:08
"		133",대전,2020-08-15,1.9,4.3,180,15:50,9.3,160,15:49
"		133",대전,2020-08-16,1.9,3.7,180,13:48,7.5,200,10:13
"		133",대전,2020-08-17,0.7,2.1,180,9:45,3.8,140,9:38
"		133",대전,2020-08-18,0.9,2,320,15:33,4.9,340,15:28
"		133",대전,2020-08-19,1,2.8,320,16:41,5.6,320,16:40
"		133",대전,2020-08-20,0.8,2.1,230,16:05,4.7,230,15:59
"		133",대전,2020-08-21,0.6,1.5,340,19:28,3.4,160,11:40
"		133",대전,2020-08-22,1.6,4.1,110,8:09,7.3,180,15:09
"		133",대전,2020-08-23,0.7,2.9,180,13:27,4.5,180,13:24
"		133",대전,2020-08-24,1,3.4,180,11:10,6.3,180,10:51
"		133",대전,2020-08-25,1.4,4,180,16:51,7.2,140,15:43
"		133",대전,2020-08-26,3.9,8.1,110,21:16,15.4,110,21:12
"		133",대전,2020-08-27,3.5,6.8,110,1:14,11.6,90,1:07
"		133",대전,2020-08-28,1.2,7.1,90,18:33,10.3,90,18:25
"		133",대전,2020-08-29,1.1,3.8,200,15:17,7.1,180,13:04
"		133",대전,2020-08-30,0.8,3.7,20,21:48,5.9,180,15:26
"		133",대전,2020-08-31,2.7,5,110,20:55,8.6,110,11:29
"		133",대전,2020-09-01,2.4,4.9,110,0:14,8.7,90,0:09
"		133",대전,2020-09-02,1.8,5,340,23:40,9,20,21:26
"		133",대전,2020-09-03,3.2,7.2,320,4:26,15.6,270,6:20
"		133",대전,2020-09-04,1.6,3.4,180,7:35,6.5,140,10:09
"		133",대전,2020-09-05,0.9,3.2,110,21:38,5.5,110,12:02
"		133",대전,2020-09-06,1.5,3.5,90,13:08,7.4,360,22:30
"		133",대전,2020-09-07,3.1,5.9,340,9:23,13.1,340,9:51
"		133",대전,2020-09-08,2,3.5,200,0:36,8.1,290,12:19
"		133",대전,2020-09-09,1.5,4.3,200,11:07,8.1,180,1:45
"		133",대전,2020-09-10,0.9,2.6,160,10:03,5.1,180,10:55
"		133",대전,2020-09-11,1.2,4.1,110,11:37,6.7,110,11:29
"		133",대전,2020-09-12,1,2.4,340,13:31,4.9,340,13:17
"		133",대전,2020-09-13,0.8,2.2,320,13:48,4.5,290,14:09
"		133",대전,2020-09-14,1,2.7,320,13:41,5.4,360,13:32
"		133",대전,2020-09-15,1,2.9,180,14:32,5.4,180,14:25
"		133",대전,2020-09-16,0.7,3.3,110,11:25,4.8,110,11:17
"		133",대전,2020-09-17,0.9,2.3,180,8:46,4.5,180,20:47
"		133",대전,2020-09-18,1.5,2.9,340,10:41,6.3,320,12:16
"		133",대전,2020-09-19,1.5,3.4,230,14:00,9.6,250,14:05
"		133",대전,2020-09-20,1.2,4,320,13:01,7.7,340,14:55
"		133",대전,2020-09-21,1,3.4,90,13:17,5.9,110,15:08
"		133",대전,2020-09-22,2.1,4.9,110,13:46,9.6,90,14:02
"		133",대전,2020-09-23,1.9,5.5,110,12:00,10.9,110,11:54
"		133",대전,2020-09-24,2.1,6.1,110,16:29,9.7,90,16:27
"		133",대전,2020-09-25,1.2,3.6,90,12:19,6.1,110,12:10
"		133",대전,2020-09-26,1.2,3.1,90,13:08,5.6,110,11:56
"		133",대전,2020-09-27,1.1,3,90,11:22,7.2,110,10:35
"		133",대전,2020-09-28,1.1,3.1,110,9:17,5.3,110,9:16
"		133",대전,2020-09-29,0.9,2.5,340,13:24,6.3,290,13:50
"		133",대전,2020-09-30,0.8,1.8,110,13:58,3.6,110,13:52
"		133",대전,2020-10-01,1.3,4.3,180,12:46,7.3,180,12:50
"		133",대전,2020-10-02,1.3,4.6,180,10:49,8.6,180,10:44
"		133",대전,2020-10-03,0.8,2.2,200,3:51,3.6,180,4:21
"		133",대전,2020-10-04,1.4,5.7,340,21:00,10.6,340,22:17
"		133",대전,2020-10-05,1.5,4.5,340,14:06,8,320,14:21
"		133",대전,2020-10-06,1,3.2,20,16:07,5.8,20,16:00
"		133",대전,2020-10-07,1.9,4.9,110,12:49,8,110,12:47
"		133",대전,2020-10-08,2.7,7.1,110,10:23,13,90,12:20
"		133",대전,2020-10-09,3.1,6.9,110,11:36,11.6,110,9:23
"		133",대전,2020-10-10,1.4,4,90,10:57,6.8,70,10:49
"		133",대전,2020-10-11,1.4,4.1,110,9:31,6.6,180,1:18
"		133",대전,2020-10-12,1.2,3.1,340,18:34,6,320,18:33
"		133",대전,2020-10-13,1.1,2.6,320,14:45,6,340,14:42
"		133",대전,2020-10-14,1,3.3,320,15:58,6.8,340,15:15
"		133",대전,2020-10-15,1,2.3,360,15:13,4.6,50,12:18
"		133",대전,2020-10-16,0.7,1.6,320,6:03,2.4,20,14:34
"		133",대전,2020-10-17,1,2.1,160,11:35,4,360,16:05
"		133",대전,2020-10-18,1,3.3,340,12:32,6.6,340,12:27
"		133",대전,2020-10-19,0.8,2,360,14:55,4.5,340,16:07
"		133",대전,2020-10-20,0.9,2.3,360,16:14,4,360,16:11
"		133",대전,2020-10-21,0.7,2,250,0:06,3.2,180,16:24
"		133",대전,2020-10-22,1.3,3.5,340,15:48,7.1,340,14:57
"		133",대전,2020-10-23,1.9,4,320,14:11,8,250,14:08
"		133",대전,2020-10-24,1.8,5.4,340,13:34,9.7,290,13:09
"		133",대전,2020-10-25,1.1,3.8,320,12:03,7.2,340,11:45
"		133",대전,2020-10-26,0.9,2.5,360,13:31,4.5,320,13:22
"		133",대전,2020-10-27,0.9,2.2,340,15:09,4.3,360,15:02
"		133",대전,2020-10-28,1.1,3.6,320,13:59,5.9,320,13:55
"		133",대전,2020-10-29,1,2.2,320,14:27,4.2,360,14:57
"		133",대전,2020-10-30,1,2.8,110,12:29,5.2,110,12:27
"		133",대전,2020-10-31,1,2.2,270,15:21,4.4,250,15:16
"		133",대전,2020-11-01,1.2,2.8,180,7:52,5.9,230,11:51
"		133",대전,2020-11-02,1.3,3.8,320,13:19,8.3,340,13:19
"		133",대전,2020-11-03,2.1,5.5,340,16:24,11.2,320,16:19
"		133",대전,2020-11-04,1.3,3.6,320,14:32,7.8,360,11:48
"		133",대전,2020-11-05,0.8,1.9,270,3:17,3,180,11:09
"		133",대전,2020-11-06,0.7,1.6,320,6:47,2.4,320,6:44
"		133",대전,2020-11-07,1.3,3.6,180,10:29,7.8,340,14:34
"		133",대전,2020-11-08,2,4.8,340,15:03,8.5,290,13:01
"		133",대전,2020-11-09,1.4,3.9,340,13:55,7.6,340,13:46
"		133",대전,2020-11-10,1.4,3.8,360,12:19,8.6,360,12:13
"		133",대전,2020-11-11,0.9,2.1,180,13:45,3.9,140,11:34
"		133",대전,2020-11-12,0.9,2.3,140,15:23,3.8,110,15:21
"		133",대전,2020-11-13,0.9,3.3,360,12:45,6.2,360,12:36
"		133",대전,2020-11-14,0.7,2.4,160,13:00,3.8,160,12:56
"		133",대전,2020-11-15,0.9,3.3,200,13:53,7.1,180,13:23
"		133",대전,2020-11-16,0.7,1.6,160,13:14,3.3,180,12:32
"		133",대전,2020-11-17,1.6,4.3,110,4:12,6.8,110,4:40
"		133",대전,2020-11-18,0.8,2.5,110,22:58,4.2,110,22:59
"		133",대전,2020-11-19,2.5,6.9,180,8:06,10.9,180,7:57
"		133",대전,2020-11-20,2.4,4.8,320,6:00,8.6,290,6:06
"		133",대전,2020-11-21,2.1,5.7,110,12:51,8.8,110,13:12
"		133",대전,2020-11-22,1.7,4.1,320,19:40,8.1,320,19:36
"		133",대전,2020-11-23,1.5,3.5,340,14:03,6.6,340,19:05
"		133",대전,2020-11-24,0.9,2.4,360,14:45,4.3,20,14:37
"		133",대전,2020-11-25,1.1,3.3,360,16:16,5.8,340,13:15
"		133",대전,2020-11-26,1,2.3,360,18:35,4.6,340,18:33
"		133",대전,2020-11-27,1.9,5.4,320,15:23,9.9,320,15:19
"		133",대전,2020-11-28,2,4.7,340,13:44,7.9,290,13:04
"		133",대전,2020-11-29,1,2.9,320,15:10,5.5,290,15:29
"		133",대전,2020-11-30,1.3,3.8,360,15:56,6.1,360,15:47
"		133",대전,2020-12-01,1.1,3.1,20,14:24,5.8,360,13:19
"		133",대전,2020-12-02,1.1,3.4,340,13:08,7,340,15:34
"		133",대전,2020-12-03,1.5,4.1,340,14:06,7.9,340,14:26
"		133",대전,2020-12-04,1.1,2.9,320,14:15,5.3,340,14:59
"		133",대전,2020-12-05,0.9,2.7,20,14:13,5.6,50,14:11
"		133",대전,2020-12-06,0.8,2.1,180,12:33,3.7,70,14:47
"		133",대전,2020-12-07,1.3,3.6,340,18:22,5.9,340,18:20
"		133",대전,2020-12-08,1.1,2.7,20,11:20,5.2,50,11:20
"		133",대전,2020-12-09,1,2.6,340,14:48,4.6,340,14:40
"		133",대전,2020-12-10,0.6,2,230,12:52,3.8,250,13:48
"		133",대전,2020-12-11,0.7,2.4,250,12:13,5.2,360,15:43
"		133",대전,2020-12-12,1.5,3.6,50,4:50,8,90,14:32
"		133",대전,2020-12-13,1.7,5.5,20,15:37,11.8,20,15:34
"		133",대전,2020-12-14,2.4,5.5,20,14:54,10.3,360,14:48
"		133",대전,2020-12-15,1.8,3.7,20,11:26,7.2,50,11:12
"		133",대전,2020-12-16,1.5,4.6,20,12:44,7.7,360,12:39
"		133",대전,2020-12-17,1,2.4,50,12:17,4.9,50,12:15
"		133",대전,2020-12-18,1.8,4.3,20,14:48,8.4,50,14:48
"		133",대전,2020-12-19,1.5,4.5,20,13:40,9,360,15:08
"		133",대전,2020-12-20,1.1,3.3,360,16:18,6.3,20,15:14
"		133",대전,2020-12-21,0.8,1.9,250,14:17,4,230,14:12
"		133",대전,2020-12-22,0.8,3.1,20,13:26,7.4,20,13:17
"		133",대전,2020-12-23,0.9,3.5,230,20:42,6.3,340,14:18
"		133",대전,2020-12-24,2.1,4.7,360,15:58,9.6,360,15:39
"		133",대전,2020-12-25,1.3,3.4,20,11:40,7.2,20,12:33
"		133",대전,2020-12-26,0.7,2.2,270,15:12,4.9,320,15:09
"		133",대전,2020-12-27,0.6,1.6,360,4:37,2.2,360,4:32
"		133",대전,2020-12-28,0.8,1.7,200,13:29,3.1,200,14:54
"		133",대전,2020-12-29,1.5,4.2,50,15:34,9.1,50,15:29
"		133",대전,2020-12-30,3.1,5.7,20,12:39,11.2,20,12:33
"		133",대전,2020-12-31,1,2.5,250,16:17,5.2,250,15:48
"		133",대전,2021-06-01,1.4,3.5,20,14:18,5.8,360,13:27
"		133",대전,2021-06-02,1,2.5,250,13:59,4.9,270,13:12
"		133",대전,2021-06-03,0.7,2.2,20,18:17,4.5,20,18:15
"		133",대전,2021-06-04,1.7,4.5,20,0:14,7.8,50,0:13
"		133",대전,2021-06-05,2.3,4.6,250,17:03,10.8,230,13:32
"		133",대전,2021-06-06,1.8,3.7,250,12:12,7.8,230,10:01
"		133",대전,2021-06-07,1.2,3.2,250,10:13,6,250,10:32
"		133",대전,2021-06-08,0.8,2.3,160,18:13,3.9,180,18:08
"		133",대전,2021-06-09,1.2,3.8,250,22:55,5.7,250,22:40
"		133",대전,2021-06-10,2,5.8,230,19:06,9.7,250,19:00
"		133",대전,2021-06-11,1.6,4.6,200,3:36,7.5,230,3:33
"		133",대전,2021-06-12,0.9,2.2,50,13:29,4.3,70,19:45
"		133",대전,2021-06-13,1.2,2.1,20,13:26,4.4,90,14:16
"		133",대전,2021-06-14,1.3,3.5,140,11:50,6.4,160,13:16
"		133",대전,2021-06-15,2.4,5.4,160,23:56,9.9,140,23:54
"		133",대전,2021-06-16,3.6,5.8,160,5:59,11,160,9:57
"		133",대전,2021-06-17,1.7,3.4,140,1:17,5.6,140,1:15
"		133",대전,2021-06-18,1.2,3,250,12:33,5.7,230,13:31
"		133",대전,2021-06-19,1.2,2.9,250,15:51,6,200,15:36
"		133",대전,2021-06-20,1.7,5.5,250,12:24,9.2,270,14:38
"		133",대전,2021-06-21,1.5,4.2,20,15:35,8.3,20,14:49
"		133",대전,2021-06-22,1.1,3.7,250,16:14,6.6,230,16:08
"		133",대전,2021-06-23,1.7,3.7,160,9:54,7.2,110,9:47
"		133",대전,2021-06-24,1.1,2.3,360,18:09,4.2,250,21:28
"		133",대전,2021-06-25,1.1,3.2,360,19:22,5.7,20,18:56
"		133",대전,2021-06-26,0.8,2.1,50,15:59,4.8,20,15:59
"		133",대전,2021-06-27,1.3,3.1,160,21:42,5.3,110,21:22
"		133",대전,2021-06-28,1.9,3.7,160,9:47,6.2,160,14:47
"		133",대전,2021-06-29,1.2,5,250,14:00,9.4,230,13:57
"		133",대전,2021-06-30,0.9,3.1,200,18:46,4.9,230,18:42
"		133",대전,2021-07-01,1.1,3.2,160,15:20,5.2,180,15:16
"		133",대전,2021-07-02,2.1,4.2,160,19:28,7.6,180,23:38
"		133",대전,2021-07-03,4.2,7.1,180,8:48,13.2,180,13:46
"		133",대전,2021-07-04,2.5,5,250,9:02,9.5,250,4:33
"		133",대전,2021-07-05,1.1,3.4,200,20:41,5.4,230,20:37
"		133",대전,2021-07-06,0.8,3.2,250,15:34,5.8,250,15:30
"		133",대전,2021-07-07,1.1,2.6,250,10:37,4.3,200,16:54
"		133",대전,2021-07-08,1.2,3.2,250,16:21,6,250,18:12
"		133",대전,2021-07-09,1.1,2.9,250,15:43,5.8,250,16:41
"		133",대전,2021-07-10,1.6,5.2,70,15:57,14.7,360,15:49
"		133",대전,2021-07-11,1.4,3.7,250,12:13,6,250,12:05
"		133",대전,2021-07-12,0.9,2.3,90,14:07,3.6,360,13:07
"		133",대전,2021-07-13,1.3,3.3,270,11:08,5.6,250,11:07
"		133",대전,2021-07-14,1.2,4.3,250,11:07,7.7,250,11:02
"		133",대전,2021-07-15,1.2,3.7,180,21:26,6.4,160,17:02
"		133",대전,2021-07-16,1.4,7.8,180,19:29,14.1,160,19:21
"		133",대전,2021-07-17,2.2,5,160,12:55,8.4,160,11:43
"		133",대전,2021-07-18,1.5,6.2,180,19:37,11.5,180,19:30
"		133",대전,2021-07-19,0.8,2.6,180,17:33,4.8,200,17:31
"		133",대전,2021-07-20,0.9,2.6,180,10:59,4.6,140,10:13
"		133",대전,2021-07-21,1.9,4.5,140,12:55,7.2,160,12:05
"		133",대전,2021-07-22,2.5,5.8,180,17:02,10.2,140,13:55
"		133",대전,2021-07-23,1.8,4.8,180,16:25,8.4,160,16:47
"		133",대전,2021-07-24,1.9,4.2,160,16:53,7.3,180,16:51
"		133",대전,2021-07-25,2.7,4.4,180,7:55,7.4,160,7:53
"		133",대전,2021-07-26,2.4,4.3,160,14:06,8,160,14:20
"		133",대전,2021-07-27,1.7,3.9,160,11:06,6.2,160,11:05
"		133",대전,2021-07-28,1.3,3,200,3:50,5.2,140,17:05
"		133",대전,2021-07-29,1.3,3,250,0:51,5.3,230,1:01
"		133",대전,2021-07-30,1.3,3.1,270,18:05,6.3,230,15:44
"		133",대전,2021-07-31,1.1,2.5,250,12:12,5.7,230,16:59
"		133",대전,2021-08-01,1,2.7,160,17:08,5.2,50,13:41
"		133",대전,2021-08-02,0.8,2.8,230,8:33,4.5,230,8:33
"		133",대전,2021-08-03,1.2,3.5,230,11:20,6.4,250,12:46
"		133",대전,2021-08-04,1.1,3.4,250,10:24,6,250,10:24
"		133",대전,2021-08-05,1,3.2,160,18:00,6.2,360,17:12
"		133",대전,2021-08-06,1.2,7.3,140,15:20,12.3,140,15:12
"		133",대전,2021-08-07,1,2.8,50,17:28,5.2,70,17:27
"		133",대전,2021-08-08,1.1,4.5,160,16:04,6.9,140,16:02
"		133",대전,2021-08-09,1.2,3.4,160,23:40,6,70,12:57
"		133",대전,2021-08-10,1.8,4.1,250,13:34,7,250,14:20
"		133",대전,2021-08-11,1,2.4,110,13:30,4.5,140,12:51
"		133",대전,2021-08-12,1.1,3,160,11:18,5.6,160,11:12
"		133",대전,2021-08-13,1.3,2.8,180,23:33,5.1,160,14:13
"		133",대전,2021-08-14,1.5,4.1,160,12:40,7.6,180,12:32
"		133",대전,2021-08-15,2.3,5.4,160,21:04,9.5,160,21:07
"		133",대전,2021-08-16,2.6,5.1,200,11:06,9.6,180,10:57
"		133",대전,2021-08-17,1.5,3.1,160,0:18,5.8,90,14:40
"		133",대전,2021-08-18,2,5.9,160,11:40,10,160,11:38
"		133",대전,2021-08-19,1.4,4.7,200,11:39,8.5,200,11:34
"		133",대전,2021-08-20,1.6,3.8,180,16:47,6.1,160,16:39
"		133",대전,2021-08-21,2.4,4.4,200,11:28,7.7,180,10:17
"		133",대전,2021-08-22,1.2,3.2,250,12:00,5.5,250,11:55
"		133",대전,2021-08-23,0.9,3.6,200,10:44,5.8,200,10:41
"		133",대전,2021-08-24,1.6,4.9,250,15:22,9.7,270,16:15
"		133",대전,2021-08-25,0.7,2.4,90,13:02,5,360,16:13
"		133",대전,2021-08-26,1.3,3.2,250,11:08,6.1,250,11:48
"		133",대전,2021-08-27,1,3.9,200,9:53,6.1,200,9:50
"		133",대전,2021-08-28,0.6,1.6,70,16:06,3.3,70,15:40
"		133",대전,2021-08-29,0.9,1.9,50,7:38,4.8,20,2:51
"		133",대전,2021-08-30,0.5,1.5,180,8:33,2.3,70,12:20
"		133",대전,2021-08-31,0.9,3,160,10:49,5.1,160,10:50
"		133",대전,2021-09-01,1.6,4.7,250,7:08,7.2,250,7:03
"		133",대전,2021-09-02,2.4,4.7,180,9:26,7.7,180,9:23
"		133",대전,2021-09-03,2.3,4.2,180,19:59,7.3,140,14:27
"		133",대전,2021-09-04,1.5,3.8,160,15:29,6.5,140,13:59
"		133",대전,2021-09-05,1.4,4.2,180,12:35,7.3,160,12:37
"		133",대전,2021-09-06,2.1,5.8,180,12:26,10.4,160,12:20
"		133",대전,2021-09-07,1.9,4.9,250,21:43,9.3,200,1:00
"		133",대전,2021-09-08,1.1,3.4,250,0:38,5.3,230,0:35
"		133",대전,2021-09-09,0.7,2,360,20:57,3.1,140,13:47
"		133",대전,2021-09-10,1,3.4,250,14:59,5.9,250,14:53
"		133",대전,2021-09-11,0.9,2,70,17:22,3.7,90,15:42
"		133",대전,2021-09-12,0.8,2.1,90,12:58,4.1,160,11:42
"		133",대전,2021-09-13,3,5.5,180,11:17,9.9,180,11:08
"		133",대전,2021-09-14,3,6.2,160,10:07,10.6,160,23:05
"		133",대전,2021-09-15,3.9,7.1,160,14:59,11.4,140,16:16
"		133",대전,2021-09-16,2.4,6.1,200,9:54,9.7,180,9:33
"		133",대전,2021-09-17,1.9,4.9,180,16:05,8.4,160,15:56
"		133",대전,2021-09-18,1.3,4.2,160,17:17,7,160,14:56
"		133",대전,2021-09-19,1.3,4.2,180,10:05,6.8,160,10:05
"		133",대전,2021-09-20,3.4,6.2,160,16:51,10.1,180,17:31
"		133",대전,2021-09-21,2,3.9,250,10:05,7.4,360,14:16
"		133",대전,2021-09-22,1.8,4.2,230,11:44,11.2,320,4:36
"		133",대전,2021-09-23,1.4,3.9,360,10:09,7.6,20,10:07
"		133",대전,2021-09-24,1.7,4.7,160,20:24,8.7,160,20:15
"		133",대전,2021-09-25,1.6,4.9,160,15:08,8.6,160,15:00
"		133",대전,2021-09-26,1.6,3.8,180,10:58,7,160,12:51
"		133",대전,2021-09-27,2.2,4.5,180,8:50,7.4,200,8:43
"		133",대전,2021-09-28,1.6,3.4,180,0:02,6.2,180,10:03
"		133",대전,2021-09-29,1,2.7,250,11:26,4.6,230,10:13
"		133",대전,2021-09-30,1,2.3,50,14:54,5.8,70,13:59
"		133",대전,2021-10-01,1,3,20,23:19,6.8,340,22:49
"		133",대전,2021-10-02,1,4.7,230,5:30,8.9,70,5:53
"		133",대전,2021-10-03,1.1,3.5,250,14:47,6.2,250,15:52
"		133",대전,2021-10-04,1.1,4.1,270,13:40,8,250,13:37
"		133",대전,2021-10-05,1.1,3.4,250,14:32,6.6,290,11:43
"		133",대전,2021-10-06,1.9,4.8,180,18:46,7.8,180,18:58
"		133",대전,2021-10-07,0.9,2.7,20,13:35,6.5,20,13:32
"		133",대전,2021-10-08,0.7,1.8,230,5:28,3.1,50,18:23
"		133",대전,2021-10-09,1.1,3.2,180,10:30,5.6,180,10:28
"		133",대전,2021-10-10,1.4,3.7,50,21:57,7.2,20,21:55
"		133",대전,2021-10-11,1,3.7,50,0:58,7.1,20,0:54
"		133",대전,2021-10-12,1.6,3.9,200,17:16,7.2,180,17:29
"		133",대전,2021-10-13,2.8,4.5,180,13:59,7.8,160,11:58
"		133",대전,2021-10-14,1.1,2.6,360,12:05,5.1,360,16:49
"		133",대전,2021-10-15,0.7,1.6,290,2:21,3.3,20,16:15
"		133",대전,2021-10-16,2.1,4.1,20,14:03,9,360,13:56
"		133",대전,2021-10-17,1.5,3.4,50,0:20,6.5,50,0:11
"		133",대전,2021-10-18,0.9,1.9,250,13:20,4.3,20,16:01
"		133",대전,2021-10-19,1.1,3.5,20,12:22,9.9,360,12:19
"		133",대전,2021-10-20,0.9,2.1,180,10:51,4,180,12:37
"		133",대전,2021-10-21,1,2.2,360,15:34,4.8,20,16:18
"		133",대전,2021-10-22,1.2,3.7,20,15:04,7,50,15:00
"		133",대전,2021-10-23,0.8,1.9,20,16:39,3.7,50,16:32
"		133",대전,2021-10-24,0.8,1.8,200,12:05,4.3,90,15:33
"		133",대전,2021-10-25,0.9,2.7,20,12:31,6.8,360,12:30
"		133",대전,2021-10-26,0.8,1.9,90,15:03,4,90,14:41
"		133",대전,2021-10-27,1.1,3,20,11:07,5.9,340,13:02
"		133",대전,2021-10-28,1,2.6,70,12:30,5.1,20,13:36
"		133",대전,2021-10-29,1.7,4.7,160,11:44,8.4,270,13:25
"		133",대전,2021-10-30,0.7,2,360,1:15,2.5,360,1:09
"		133",대전,2021-10-31,0.8,1.8,250,12:50,3.7,90,13:48
"		133",대전,2021-11-01,1.1,3,20,16:22,6.3,20,16:02
"		133",대전,2021-11-02,0.9,2.2,50,15:53,4.8,90,12:34
"		133",대전,2021-11-03,0.9,2.2,50,15:10,4.5,70,15:03
"		133",대전,2021-11-04,0.8,2.1,50,1:57,3.9,50,1:52
"		133",대전,2021-11-05,1.2,3.9,160,12:55,7.1,160,13:44
"		133",대전,2021-11-06,1.3,4.4,160,15:16,7.6,140,12:33
"		133",대전,2021-11-07,2.7,6.3,180,13:05,11.7,200,13:29
"		133",대전,2021-11-08,2,4.4,360,9:06,9.1,360,9:03
"		133",대전,2021-11-09,1.8,3.5,270,15:15,8.1,230,15:07
"		133",대전,2021-11-10,1,2.8,270,10:49,5.5,20,2:15
"		133",대전,2021-11-11,1.4,3.9,270,12:06,6.7,230,12:05
"		133",대전,2021-11-12,1.2,3,360,11:10,6.1,360,11:07
"		133",대전,2021-11-13,0.8,2.2,340,14:03,5.1,20,13:56
"		133",대전,2021-11-14,1,3.4,360,15:39,7,20,15:38
"		133",대전,2021-11-15,0.7,2.3,200,13:02,3.6,230,12:22
"		133",대전,2021-11-16,0.9,2.6,70,15:57,5.2,20,14:10
"		133",대전,2021-11-17,0.9,1.9,360,15:27,3.9,20,15:19
"		133",대전,2021-11-18,1.2,3.3,250,11:23,6,250,11:21
"		133",대전,2021-11-19,1.1,3.3,250,13:05,6,250,12:44
"		133",대전,2021-11-20,0.7,2.1,180,13:00,3.5,200,10:53
"		133",대전,2021-11-21,0.9,2.3,250,23:53,4.1,340,16:12
"		133",대전,2021-11-22,2.5,6.2,20,14:01,12,50,13:58
"		133",대전,2021-11-23,1.5,3.2,50,5:25,6.3,70,5:29
"		133",대전,2021-11-24,1.6,4.6,250,11:26,7.4,250,11:20
"		133",대전,2021-11-25,1.6,4.7,20,14:47,9,360,14:43
"		133",대전,2021-11-26,1.1,2.8,20,15:55,5.9,50,14:18
"		133",대전,2021-11-27,0.8,2,180,10:25,3.6,140,11:17
"		133",대전,2021-11-28,0.9,3.1,230,13:40,5.1,250,13:32
"		133",대전,2021-11-29,0.7,2.1,90,13:10,3.6,90,13:03
"		133",대전,2021-11-30,2,5.5,20,17:14,11.5,360,17:57
"		133",대전,2021-12-01,2.8,5.3,50,11:55,10,20,13:56
"		133",대전,2021-12-02,1.2,3.2,250,23:13,6,270,18:21
"		133",대전,2021-12-03,2.3,5.6,20,13:42,10.8,20,13:34
"		",,,,,,,,,
"		",,,,,,,,,
"	",,,,,,,,,
"	",,,,,,,,,
