"		지점번호",지점명,일시,일조합,일조율,일사합
"		133",대전,2016-06-01,12.1,83.4,30.03
"		133",대전,2016-06-02,10.7,73.8,28.52
"		133",대전,2016-06-03,10,69,27.49
"		133",대전,2016-06-04,0,0,6.31
"		133",대전,2016-06-05,12.5,86.2,30.93
"		133",대전,2016-06-06,1.5,10.3,15.59
"		133",대전,2016-06-07,4.1,28.1,17.95
"		133",대전,2016-06-08,5.4,37,17.7
"		133",대전,2016-06-09,11.6,79.5,28.49
"		133",대전,2016-06-10,8.7,59.6,24.71
"		133",대전,2016-06-11,8.5,58.2,22.68
"		133",대전,2016-06-12,0.5,3.4,12.03
"		133",대전,2016-06-13,8.7,59.6,24.26
"		133",대전,2016-06-14,8.8,60.3,26.42
"		133",대전,2016-06-15,0.3,2.1,8.72
"		133",대전,2016-06-16,5.4,37,16.56
"		133",대전,2016-06-17,11.8,80.3,28.6
"		133",대전,2016-06-18,11.6,79.5,29.06
"		133",대전,2016-06-19,12,82.2,28.9
"		133",대전,2016-06-20,5.8,39.7,19.67
"		133",대전,2016-06-21,9.2,62.6,22.89
"		133",대전,2016-06-22,4.3,29.3,15.23
"		133",대전,2016-06-23,10,68.5,26.41
"		133",대전,2016-06-24,1.1,7.5,8.24
"		133",대전,2016-06-25,12.9,88.4,28.59
"		133",대전,2016-06-26,13.3,91.1,28.93
"		133",대전,2016-06-27,5.1,34.9,16.32
"		133",대전,2016-06-28,8.5,58.2,22.65
"		133",대전,2016-06-29,4.5,30.8,17.27
"		133",대전,2016-06-30,3,20.5,12.27
"		133",대전,2016-07-01,0.8,5.5,7.79
"		133",대전,2016-07-02,3.6,24.7,16.12
"		133",대전,2016-07-03,0,0,6.18
"		133",대전,2016-07-04,0,0,3.42
"		133",대전,2016-07-05,2.2,15.1,13.38
"		133",대전,2016-07-06,0.6,4.1,7.66
"		133",대전,2016-07-07,7.3,50.3,22.69
"		133",대전,2016-07-08,11.6,80,28.51
"		133",대전,2016-07-09,10.2,70.3,28.52
"		133",대전,2016-07-10,8.5,58.6,22.85
"		133",대전,2016-07-11,2.8,19.3,16.95
"		133",대전,2016-07-12,1.7,11.7,12.11
"		133",대전,2016-07-13,7.6,52.8,21.09
"		133",대전,2016-07-14,7.8,54.2,22.16
"		133",대전,2016-07-15,4.2,29.2,19.03
"		133",대전,2016-07-16,0.4,2.8,4.32
"		133",대전,2016-07-17,4.3,29.9,15.99
"		133",대전,2016-07-18,8.3,57.6,20.07
"		133",대전,2016-07-19,10,69.9,23.95
"		133",대전,2016-07-20,10.2,71.3,27.09
"		133",대전,2016-07-21,11.6,81.1,27.1
"		133",대전,2016-07-22,10.4,72.7,25.54
"		133",대전,2016-07-23,11.1,78.2,22.89
"		133",대전,2016-07-24,8.1,57,21.88
"		133",대전,2016-07-25,6.7,47.2,15.99
"		133",대전,2016-07-26,11,77.5,24.52
"		133",대전,2016-07-27,5.1,36.2,15.47
"		133",대전,2016-07-28,11.4,80.9,25.33
"		133",대전,2016-07-29,7.5,53.2,17.61
"		133",대전,2016-07-30,6.9,48.9,17.79
"		133",대전,2016-07-31,11,78.6,24.85
"		133",대전,2016-08-01,4.9,35,19.06
"		133",대전,2016-08-02,0,0,9.89
"		133",대전,2016-08-03,10.3,74.1,23.56
"		133",대전,2016-08-04,11.6,83.5,24.22
"		133",대전,2016-08-05,11.8,84.9,28
"		133",대전,2016-08-06,9.7,70.3,22.07
"		133",대전,2016-08-07,9.4,68.1,21.61
"		133",대전,2016-08-08,11.9,86.2,24.82
"		133",대전,2016-08-09,7.2,52.2,16.37
"		133",대전,2016-08-10,11.5,83.9,24.91
"		133",대전,2016-08-11,12.8,93.4,27.8
"		133",대전,2016-08-12,12.6,92,27.91
"		133",대전,2016-08-13,12,88.2,27.69
"		133",대전,2016-08-14,9.5,69.9,23.16
"		133",대전,2016-08-15,8.9,65.4,22.99
"		133",대전,2016-08-16,9,66.7,23.67
"		133",대전,2016-08-17,11.1,82.2,23.53
"		133",대전,2016-08-18,5.8,43.3,18.03
"		133",대전,2016-08-19,9,67.2,23.54
"		133",대전,2016-08-20,10.4,77.6,25.26
"		133",대전,2016-08-21,9.6,71.6,21.44
"		133",대전,2016-08-22,11.4,85.7,23.9
"		133",대전,2016-08-23,5.1,38.3,14.69
"		133",대전,2016-08-24,11.5,87.1,25.78
"		133",대전,2016-08-25,8,60.6,18.45
"		133",대전,2016-08-26,0,0,3.15
"		133",대전,2016-08-27,4.8,36.6,16.7
"		133",대전,2016-08-28,2.6,19.8,10.8
"		133",대전,2016-08-29,9.9,75.6,22.85
"		133",대전,2016-08-30,2,15.4,6.9
"		133",대전,2016-08-31,1.7,13.1,10.55
"		133",대전,2016-09-01,10.4,80,19.32
"		133",대전,2016-09-02,2.4,18.6,9.84
"		133",대전,2016-09-03,8.3,64.3,19.6
"		133",대전,2016-09-04,2,15.6,13.24
"		133",대전,2016-09-05,5,39.1,13.15
"		133",대전,2016-09-06,2.1,16.4,10.63
"		133",대전,2016-09-07,2.3,18.1,13.48
"		133",대전,2016-09-08,7.3,57.5,16.9
"		133",대전,2016-09-09,8.4,66.1,19.19
"		133",대전,2016-09-10,5,39.7,16.31
"		133",대전,2016-09-11,5.8,46,15.74
"		133",대전,2016-09-12,5.7,45.6,15.95
"		133",대전,2016-09-13,10.6,84.8,21.82
"		133",대전,2016-09-14,5.8,46.4,16.18
"		133",대전,2016-09-15,7.5,60.5,18.16
"		133",대전,2016-09-16,0,0,7.02
"		133",대전,2016-09-17,0,0,2.92
"		133",대전,2016-09-18,0,0,6.13
"		133",대전,2016-09-19,0.4,3.3,10.3
"		133",대전,2016-09-20,11.4,93.4,23.09
"		133",대전,2016-09-21,7.5,61.5,16.87
"		133",대전,2016-09-22,7.4,60.7,17.9
"		133",대전,2016-09-23,9.2,76,19.64
"		133",대전,2016-09-24,10.4,86,20.84
"		133",대전,2016-09-25,2.5,20.8,8.38
"		133",대전,2016-09-26,2.5,20.8,9.8
"		133",대전,2016-09-27,2,16.7,8.26
"		133",대전,2016-09-28,4.7,39.5,13.86
"		133",대전,2016-09-29,0.2,1.7,8.5
"		133",대전,2016-09-30,0,0,2.86
"		133",대전,2016-10-01,0.2,1.7,7.15
"		133",대전,2016-10-02,0.9,7.6,7.33
"		133",대전,2016-10-03,4.7,40.2,9.68
"		133",대전,2016-10-04,8.7,74.4,19.62
"		133",대전,2016-10-05,3.8,32.5,8.66
"		133",대전,2016-10-06,10.5,90.5,20.16
"		133",대전,2016-10-07,5.2,44.8,12.31
"		133",대전,2016-10-08,5.2,44.8,11.83
"		133",대전,2016-10-09,10.7,93,20.4
"		133",대전,2016-10-10,6.3,54.8,13.15
"		133",대전,2016-10-11,7.2,63.2,13.2
"		133",대전,2016-10-12,9.1,79.8,17.6
"		133",대전,2016-10-13,3.7,32.5,12.12
"		133",대전,2016-10-14,9.5,84.1,16.27
"		133",대전,2016-10-15,6.8,60.2,14.84
"		133",대전,2016-10-16,0,0,5.21
"		133",대전,2016-10-17,6.9,61.6,14.43
"		133",대전,2016-10-18,3.7,33,9.7
"		133",대전,2016-10-19,9,81.1,14.94
"		133",대전,2016-10-20,4.5,40.5,11.49
"		133",대전,2016-10-21,0,0,5.66
"		133",대전,2016-10-22,5.7,51.8,11.57
"		133",대전,2016-10-23,0,0,4.86
"		133",대전,2016-10-24,8.9,80.9,15.78
"		133",대전,2016-10-25,4.4,40.4,6.86
"		133",대전,2016-10-26,1.9,17.4,7.63
"		133",대전,2016-10-27,0.4,3.7,6.85
"		133",대전,2016-10-28,0,0,2.97
"		133",대전,2016-10-29,2,18.5,9.72
"		133",대전,2016-10-30,10,93.5,17.23
"		133",대전,2016-10-31,0,0,2.68
"		133",대전,2016-11-01,9.9,92.5,16.56
"		133",대전,2016-11-02,9.8,92.5,15.5
"		133",대전,2016-11-03,5.9,55.7,9.3
"		133",대전,2016-11-04,8.3,78.3,12.16
"		133",대전,2016-11-05,5.2,49.5,8.25
"		133",대전,2016-11-06,7.8,74.3,13.17
"		133",대전,2016-11-07,5.2,49.5,10.18
"		133",대전,2016-11-08,6.8,64.8,11.92
"		133",대전,2016-11-09,9.5,91.3,14.87
"		133",대전,2016-11-10,0.6,5.8,5.32
"		133",대전,2016-11-11,7.4,71.2,10.29
"		133",대전,2016-11-12,7.1,68.9,11.72
"		133",대전,2016-11-13,2.2,21.4,7.82
"		133",대전,2016-11-14,6.7,65,10.67
"		133",대전,2016-11-15,9.1,89.2,14.19
"		133",대전,2016-11-16,8.6,84.3,11.37
"		133",대전,2016-11-17,7.5,73.5,10.67
"		133",대전,2016-11-18,3.3,32.4,6.05
"		133",대전,2016-11-19,0,0,2.35
"		133",대전,2016-11-20,8.6,85.1,12.29
"		133",대전,2016-11-21,0,0,2.33
"		133",대전,2016-11-22,3.8,37.6,5.9
"		133",대전,2016-11-23,8.2,82,11.35
"		133",대전,2016-11-24,9.1,91,13.18
"		133",대전,2016-11-25,7.3,73,9.85
"		133",대전,2016-11-26,0,0,2.33
"		133",대전,2016-11-27,3.1,31.3,6.81
"		133",대전,2016-11-28,8,80.8,11.58
"		133",대전,2016-11-29,9,90.9,12.84
"		133",대전,2016-11-30,1.2,12.1,5.65
"		133",대전,2016-12-01,5.9,59.6,7.91
"		133",대전,2016-12-02,9,90.9,12.31
"		133",대전,2016-12-03,7.9,80.6,11.16
"		133",대전,2016-12-04,0.9,9.2,4.94
"		133",대전,2016-12-05,3.7,37.8,6.22
"		133",대전,2016-12-06,8.8,89.8,12.27
"		133",대전,2016-12-07,4,40.8,6.26
"		133",대전,2016-12-08,5.3,54.1,9.1
"		133",대전,2016-12-09,6.4,65.3,7.8
"		133",대전,2016-12-10,8.8,90.7,11.96
"		133",대전,2016-12-11,8.8,90.7,12.06
"		133",대전,2016-12-12,6.5,67,8.18
"		133",대전,2016-12-13,3.9,40.2,7.2
"		133",대전,2016-12-14,2.2,22.7,4.46
"		133",대전,2016-12-15,7.7,79.4,11.26
"		133",대전,2016-12-16,8.8,90.7,11.96
"		133",대전,2016-12-17,7.1,73.2,10.02
"		133",대전,2016-12-18,1.3,13.4,5.49
"		133",대전,2016-12-19,0.9,9.3,3.97
"		133",대전,2016-12-20,7,72.2,9.18
"		133",대전,2016-12-21,3.3,34,5.86
"		133",대전,2016-12-22,0,0,1.16
"		133",대전,2016-12-23,0.6,6.2,1.71
"		133",대전,2016-12-24,0.7,7.2,6.29
"		133",대전,2016-12-25,5.8,59.8,9.7
"		133",대전,2016-12-26,0,0,1.48
"		133",대전,2016-12-27,7.6,78.4,10.67
"		133",대전,2016-12-28,8.8,90.7,11.76
"		133",대전,2016-12-29,8.1,83.5,11.92
"		133",대전,2016-12-30,8.6,88.7,11.5
"		133",대전,2016-12-31,1,10.3,4.53
"		133",대전,2017-06-01,8.7,60,23.22
"		133",대전,2017-06-02,13.5,93.1,31.96
"		133",대전,2017-06-03,13.2,91,30.77
"		133",대전,2017-06-04,13.7,94.5,32.34
"		133",대전,2017-06-05,12.3,84.8,29.88
"		133",대전,2017-06-06,0,0,8.03
"		133",대전,2017-06-07,0,0,4.33
"		133",대전,2017-06-08,9,61.6,25.02
"		133",대전,2017-06-09,11.2,76.7,28.54
"		133",대전,2017-06-10,6.5,44.5,19.68
"		133",대전,2017-06-11,13.2,90.4,32.33
"		133",대전,2017-06-12,9.1,62.3,25.05
"		133",대전,2017-06-13,10.4,71.2,26.97
"		133",대전,2017-06-14,13,89,29.81
"		133",대전,2017-06-15,12.8,87.7,29.55
"		133",대전,2017-06-16,12.4,84.9,28.91
"		133",대전,2017-06-17,13,88.4,28.93
"		133",대전,2017-06-18,13.4,91.2,31.39
"		133",대전,2017-06-19,12.4,84.9,28.64
"		133",대전,2017-06-20,4.3,29.5,17.95
"		133",대전,2017-06-21,9.6,65.3,23.94
"		133",대전,2017-06-22,11.9,81,28.33
"		133",대전,2017-06-23,10.4,70.7,27.05
"		133",대전,2017-06-24,3.8,26,15.69
"		133",대전,2017-06-25,8.6,58.9,21.46
"		133",대전,2017-06-26,4.1,28.1,15.51
"		133",대전,2017-06-27,4.7,32.2,17.33
"		133",대전,2017-06-28,5.6,38.4,22.73
"		133",대전,2017-06-29,7.7,52.7,21.37
"		133",대전,2017-06-30,7.6,52.1,24.23
"		133",대전,2017-07-01,0,0,5.43
"		133",대전,2017-07-02,0.2,1.4,7.47
"		133",대전,2017-07-03,0.6,4.1,8.72
"		133",대전,2017-07-04,4.7,32.2,14.01
"		133",대전,2017-07-05,10.4,71.2,24.69
"		133",대전,2017-07-06,4,27.4,13.51
"		133",대전,2017-07-07,0,0,10.84
"		133",대전,2017-07-08,2.6,17.9,9.18
"		133",대전,2017-07-09,7,48.3,19.64
"		133",대전,2017-07-10,0.6,4.1,7.68
"		133",대전,2017-07-11,6,41.4,21.43
"		133",대전,2017-07-12,8.2,56.6,21.27
"		133",대전,2017-07-13,10.8,75,24.6
"		133",대전,2017-07-14,7.3,50.7,22.65
"		133",대전,2017-07-15,1.1,7.6,10.13
"		133",대전,2017-07-16,0.3,2.1,10.6
"		133",대전,2017-07-17,0,0,8.58
"		133",대전,2017-07-18,2.8,19.4,14.56
"		133",대전,2017-07-19,7.2,50.3,20.91
"		133",대전,2017-07-20,10.7,74.8,23.89
"		133",대전,2017-07-21,7.3,51,20.32
"		133",대전,2017-07-22,4,28,16.95
"		133",대전,2017-07-23,0,0,4.96
"		133",대전,2017-07-24,0,0,8.75
"		133",대전,2017-07-25,9.9,69.7,22.22
"		133",대전,2017-07-26,12.3,86.6,26.12
"		133",대전,2017-07-27,10.3,73,26.38
"		133",대전,2017-07-28,3.2,22.7,16.52
"		133",대전,2017-07-29,7.2,51.1,20.83
"		133",대전,2017-07-30,7.3,51.8,19.91
"		133",대전,2017-07-31,0,0,3.86
"		133",대전,2017-08-01,8.1,57.9,20.67
"		133",대전,2017-08-02,10.1,72.1,24.94
"		133",대전,2017-08-03,12.6,90,28.95
"		133",대전,2017-08-04,12.7,91.4,25.54
"		133",대전,2017-08-05,12.9,92.8,26.56
"		133",대전,2017-08-06,7.4,53.6,21.62
"		133",대전,2017-08-07,11.2,81.2,24.26
"		133",대전,2017-08-08,1.5,10.9,15.83
"		133",대전,2017-08-09,0,0,4.29
"		133",대전,2017-08-10,4,29.2,14.59
"		133",대전,2017-08-11,7.1,51.8,22.31
"		133",대전,2017-08-12,8.3,60.6,21.7
"		133",대전,2017-08-13,0,0,9.55
"		133",대전,2017-08-14,0.2,1.5,6.15
"		133",대전,2017-08-15,0,0,3.68
"		133",대전,2017-08-16,3.6,26.7,13.45
"		133",대전,2017-08-17,5.2,38.5,17.79
"		133",대전,2017-08-18,7.5,55.6,19.45
"		133",대전,2017-08-19,3.6,26.9,13.96
"		133",대전,2017-08-20,2.6,19.4,13.13
"		133",대전,2017-08-21,0.1,0.7,6.86
"		133",대전,2017-08-22,8.4,63.2,19.4
"		133",대전,2017-08-23,7.1,53.4,18.7
"		133",대전,2017-08-24,3,22.6,9.99
"		133",대전,2017-08-25,10.1,76.5,25.87
"		133",대전,2017-08-26,11.7,88.6,27.04
"		133",대전,2017-08-27,9.6,73.3,24.29
"		133",대전,2017-08-28,3.8,29,12.7
"		133",대전,2017-08-29,10.8,82.4,25.66
"		133",대전,2017-08-30,0.3,2.3,9.5
"		133",대전,2017-08-31,11.1,85.4,24.57
"		133",대전,2017-09-01,12.3,94.6,26.86
"		133",대전,2017-09-02,10.4,80.6,21.93
"		133",대전,2017-09-03,11,85.3,26.01
"		133",대전,2017-09-04,8.5,65.9,21.18
"		133",대전,2017-09-05,0,0,6.63
"		133",대전,2017-09-06,0,0,5.53
"		133",대전,2017-09-07,5.2,40.9,15.98
"		133",대전,2017-09-08,6.1,48,18.51
"		133",대전,2017-09-09,4.8,37.8,16.41
"		133",대전,2017-09-10,1.1,8.7,11.23
"		133",대전,2017-09-11,0.3,2.4,6.29
"		133",대전,2017-09-12,10.6,84.1,22.27
"		133",대전,2017-09-13,11.6,92.8,24.62
"		133",대전,2017-09-14,11.7,93.6,24.55
"		133",대전,2017-09-15,9.9,79.8,20.55
"		133",대전,2017-09-16,4.5,36.3,14.63
"		133",대전,2017-09-17,6.9,55.6,18.04
"		133",대전,2017-09-18,10.8,87.8,21.21
"		133",대전,2017-09-19,6.4,52,15.42
"		133",대전,2017-09-20,10.5,86.1,21.12
"		133",대전,2017-09-21,11.5,94.3,23.37
"		133",대전,2017-09-22,11,90.2,21.05
"		133",대전,2017-09-23,3.9,32.2,14.39
"		133",대전,2017-09-24,6.3,52.1,15.08
"		133",대전,2017-09-25,8.3,69.2,18.79
"		133",대전,2017-09-26,8.2,68.3,19.28
"		133",대전,2017-09-27,0.8,6.7,5.11
"		133",대전,2017-09-28,10.2,85.7,21.2
"		133",대전,2017-09-29,10.5,88.2,19.62
"		133",대전,2017-09-30,10.6,89.1,20.16
"		133",대전,2017-10-01,0,0,4.14
"		133",대전,2017-10-02,1.3,11,8.12
"		133",대전,2017-10-03,7.1,60.2,17.28
"		133",대전,2017-10-04,8.8,75.2,18.34
"		133",대전,2017-10-05,4,34.2,12.01
"		133",대전,2017-10-06,0.1,0.9,5.26
"		133",대전,2017-10-07,5,43.1,14.22
"		133",대전,2017-10-08,8.9,76.7,17.12
"		133",대전,2017-10-09,6.2,53.9,12.87
"		133",대전,2017-10-10,5,43.5,12.58
"		133",대전,2017-10-11,0.1,0.9,3.77
"		133",대전,2017-10-12,0,0,3.17
"		133",대전,2017-10-13,8.9,78.1,18.62
"		133",대전,2017-10-14,7.7,68.1,17.06
"		133",대전,2017-10-15,5,44.2,11.99
"		133",대전,2017-10-16,4.4,38.9,11.15
"		133",대전,2017-10-17,10.1,90.2,17.54
"		133",대전,2017-10-18,0.6,5.4,7
"		133",대전,2017-10-19,8,71.4,14.45
"		133",대전,2017-10-20,10.1,91,17.18
"		133",대전,2017-10-21,10,90.1,17.16
"		133",대전,2017-10-22,7.9,71.8,15.34
"		133",대전,2017-10-23,9.8,89.1,16.83
"		133",대전,2017-10-24,9.1,82.7,15.44
"		133",대전,2017-10-25,9.4,86.2,16.06
"		133",대전,2017-10-26,4.2,38.5,11.59
"		133",대전,2017-10-27,2.6,23.9,8.97
"		133",대전,2017-10-28,9,83.3,15.27
"		133",대전,2017-10-29,8.3,76.9,12.81
"		133",대전,2017-10-30,9.9,91.7,16.92
"		133",대전,2017-10-31,9.8,91.6,16.44
"		133",대전,2017-11-01,6.9,64.5,14.03
"		133",대전,2017-11-02,3.5,32.7,8.85
"		133",대전,2017-11-03,4.3,40.6,7.01
"		133",대전,2017-11-04,9.2,86.8,14.62
"		133",대전,2017-11-05,9.4,88.7,15.06
"		133",대전,2017-11-06,9.2,87.6,14.46
"		133",대전,2017-11-07,6.8,64.8,12.59
"		133",대전,2017-11-08,8.1,77.1,12.72
"		133",대전,2017-11-09,9.4,90.4,14.23
"		133",대전,2017-11-10,3.4,32.7,7.37
"		133",대전,2017-11-11,9.2,88.5,14.37
"		133",대전,2017-11-12,9.2,88.5,13.87
"		133",대전,2017-11-13,1.5,14.6,6.49
"		133",대전,2017-11-14,8.8,85.4,12.24
"		133",대전,2017-11-15,6.9,67,10.58
"		133",대전,2017-11-16,9.3,91.2,13.65
"		133",대전,2017-11-17,2.9,28.4,6.12
"		133",대전,2017-11-18,9.2,90.2,14.41
"		133",대전,2017-11-19,7.2,71.3,10.51
"		133",대전,2017-11-20,7.7,76.2,11.92
"		133",대전,2017-11-21,9,89.1,13.8
"		133",대전,2017-11-22,2.3,22.8,3.98
"		133",대전,2017-11-23,4.5,45,8.07
"		133",대전,2017-11-24,2.6,26,6.1
"		133",대전,2017-11-25,5.7,57,8.58
"		133",대전,2017-11-26,3.4,34,6.17
"		133",대전,2017-11-27,8.3,83,11.09
"		133",대전,2017-11-28,2.7,27.3,6.66
"		133",대전,2017-11-29,6.4,64.6,9.87
"		133",대전,2017-11-30,8.3,83.8,12.2
"		133",대전,2017-12-01,8.9,89.9,12.86
"		133",대전,2017-12-02,6.8,68.7,9.1
"		133",대전,2017-12-03,4.2,42.9,7.96
"		133",대전,2017-12-04,7.4,75.5,11.67
"		133",대전,2017-12-05,8.8,89.8,12.09
"		133",대전,2017-12-06,5.6,57.1,8.79
"		133",대전,2017-12-07,3.3,33.7,6.8
"		133",대전,2017-12-08,8.6,87.8,11.36
"		133",대전,2017-12-09,1.9,19.4,6.31
"		133",대전,2017-12-10,2.3,23.7,4.91
"		133",대전,2017-12-11,2.4,24.7,6.19
"		133",대전,2017-12-12,8.8,90.7,12.03
"		133",대전,2017-12-13,8.8,90.7,12.15
"		133",대전,2017-12-14,5.7,58.8,9.12
"		133",대전,2017-12-15,5.7,58.8,8.75
"		133",대전,2017-12-16,6.9,71.1,9.76
"		133",대전,2017-12-17,8.6,88.7,11.58
"		133",대전,2017-12-18,7,72.2,9.51
"		133",대전,2017-12-19,6.2,63.9,9.32
"		133",대전,2017-12-20,6.6,68,10.07
"		133",대전,2017-12-21,8.1,83.5,7.42
"		133",대전,2017-12-22,5.3,54.6,5.05
"		133",대전,2017-12-23,5.7,58.8,4.39
"		133",대전,2017-12-24,0,0,0.37
"		133",대전,2017-12-25,8.6,88.7,7.64
"		133",대전,2017-12-26,5.5,56.7,4.31
"		133",대전,2017-12-27,8.6,88.7,7.67
"		133",대전,2017-12-28,4.2,43.3,4.04
"		133",대전,2017-12-29,0,0,1.47
"		133",대전,2017-12-30,2.7,27.8,2.84
"		133",대전,2017-12-31,8.1,83.5,6.48
"		133",대전,2018-06-01,13.5,93.1,31.31
"		133",대전,2018-06-02,13,89.7,31.34
"		133",대전,2018-06-03,11.8,81.4,29.59
"		133",대전,2018-06-04,7.8,53.8,24.41
"		133",대전,2018-06-05,7.8,53.8,22.4
"		133",대전,2018-06-06,11.2,76.7,29.55
"		133",대전,2018-06-07,8.3,56.8,25.12
"		133",대전,2018-06-08,7,47.9,22.59
"		133",대전,2018-06-09,8.3,56.8,26.41
"		133",대전,2018-06-10,8.5,58.2,25.36
"		133",대전,2018-06-11,1.1,7.5,13.74
"		133",대전,2018-06-12,4.1,28.1,15.89
"		133",대전,2018-06-13,7.1,48.6,22.09
"		133",대전,2018-06-14,5.1,34.9,20.97
"		133",대전,2018-06-15,12.9,88.4,31.65
"		133",대전,2018-06-16,13.8,94.5,32.63
"		133",대전,2018-06-17,6.4,43.8,21.09
"		133",대전,2018-06-18,10.3,70.1,26.28
"		133",대전,2018-06-19,0,0,7.52
"		133",대전,2018-06-20,9.4,64.4,23.79
"		133",대전,2018-06-21,10.5,71.4,28.73
"		133",대전,2018-06-22,9.1,61.9,26.71
"		133",대전,2018-06-23,8.7,59.2,24.97
"		133",대전,2018-06-24,11.6,79.5,29.14
"		133",대전,2018-06-25,5.8,39.7,19.9
"		133",대전,2018-06-26,0,0,2.61
"		133",대전,2018-06-27,8.3,56.8,25.92
"		133",대전,2018-06-28,0.1,0.7,7.41
"		133",대전,2018-06-29,9.9,67.8,25.21
"		133",대전,2018-06-30,0.9,6.2,9.43
"		133",대전,2018-07-01,0,0,5.6
"		133",대전,2018-07-02,0.2,1.4,5.7
"		133",대전,2018-07-03,3.8,26,16.04
"		133",대전,2018-07-04,8.1,55.5,21.51
"		133",대전,2018-07-05,3.7,25.3,15.04
"		133",대전,2018-07-06,1,6.8,10.21
"		133",대전,2018-07-07,11.3,77.9,30.23
"		133",대전,2018-07-08,5.4,37.2,22.25
"		133",대전,2018-07-09,0,0,3.94
"		133",대전,2018-07-10,5.9,40.7,20.5
"		133",대전,2018-07-11,5.3,36.6,21.62
"		133",대전,2018-07-12,10.2,70.3,24.32
"		133",대전,2018-07-13,7.5,52.1,19.03
"		133",대전,2018-07-14,10,69.4,24.65
"		133",대전,2018-07-15,13.4,93.1,29.86
"		133",대전,2018-07-16,11.5,79.9,26.1
"		133",대전,2018-07-17,11.2,77.8,25.84
"		133",대전,2018-07-18,9.1,63.2,22.79
"		133",대전,2018-07-19,11.1,77.6,27.28
"		133",대전,2018-07-20,11.6,81.1,25.01
"		133",대전,2018-07-21,11.4,79.7,27.66
"		133",대전,2018-07-22,8.5,59.4,19.56
"		133",대전,2018-07-23,10.3,72.5,24.03
"		133",대전,2018-07-24,10.6,74.6,22.72
"		133",대전,2018-07-25,9.9,69.7,21.9
"		133",대전,2018-07-26,9.3,65.5,23.9
"		133",대전,2018-07-27,11.1,78.7,28.15
"		133",대전,2018-07-28,8.3,58.9,22.65
"		133",대전,2018-07-29,11.5,81.6,24.27
"		133",대전,2018-07-30,10.2,72.3,23.95
"		133",대전,2018-07-31,13.4,95.7,29.89
"		133",대전,2018-08-01,13.3,95,29.75
"		133",대전,2018-08-02,13,92.9,29.5
"		133",대전,2018-08-03,8.5,60.7,22.12
"		133",대전,2018-08-04,7.8,56.1,20.93
"		133",대전,2018-08-05,8.6,61.9,22.71
"		133",대전,2018-08-06,7.1,51.1,20.51
"		133",대전,2018-08-07,8,58,21.92
"		133",대전,2018-08-08,9.7,70.3,23.62
"		133",대전,2018-08-09,7.4,53.6,19.77
"		133",대전,2018-08-10,7.3,53.3,21.19
"		133",대전,2018-08-11,7.9,57.7,21.23
"		133",대전,2018-08-12,7.9,57.7,20.8
"		133",대전,2018-08-13,9.1,66.9,21.87
"		133",대전,2018-08-14,11.3,83.1,24.43
"		133",대전,2018-08-15,12.4,91.2,27.69
"		133",대전,2018-08-16,9.5,70.4,23.42
"		133",대전,2018-08-17,12.8,94.8,27.97
"		133",대전,2018-08-18,12,88.9,27.7
"		133",대전,2018-08-19,11.4,85.1,26.44
"		133",대전,2018-08-20,7.7,57.5,20.17
"		133",대전,2018-08-21,1.9,14.2,11.67
"		133",대전,2018-08-22,9.6,72.2,24.78
"		133",대전,2018-08-23,0.8,6,8.14
"		133",대전,2018-08-24,0.3,2.3,6.25
"		133",대전,2018-08-25,1,7.6,11.46
"		133",대전,2018-08-26,0.1,0.8,6.33
"		133",대전,2018-08-27,0,0,4
"		133",대전,2018-08-28,1.3,9.9,8.97
"		133",대전,2018-08-29,7.5,57.3,23.05
"		133",대전,2018-08-30,2.4,18.5,11.41
"		133",대전,2018-08-31,2.9,22.3,9.79
"		133",대전,2018-09-01,10.7,82.3,22.97
"		133",대전,2018-09-02,6.1,47.3,17.34
"		133",대전,2018-09-03,1.6,12.4,10.93
"		133",대전,2018-09-04,9.5,73.6,22.59
"		133",대전,2018-09-05,11.8,92.2,24.19
"		133",대전,2018-09-06,1.6,12.5,12.19
"		133",대전,2018-09-07,4.6,35.9,14.62
"		133",대전,2018-09-08,11.1,87.4,25.04
"		133",대전,2018-09-09,11.9,93.7,23.25
"		133",대전,2018-09-10,11.2,88.9,21.6
"		133",대전,2018-09-11,6.7,53.2,18.65
"		133",대전,2018-09-12,10.1,80.2,22.46
"		133",대전,2018-09-13,0.7,5.6,7.15
"		133",대전,2018-09-14,0,0,5.41
"		133",대전,2018-09-15,0,0,6.03
"		133",대전,2018-09-16,0.3,2.4,7.48
"		133",대전,2018-09-17,9.6,77.4,21.01
"		133",대전,2018-09-18,10.8,87.8,22.75
"		133",대전,2018-09-19,0.3,2.4,10.24
"		133",대전,2018-09-20,0,0,4
"		133",대전,2018-09-21,0,0,4.81
"		133",대전,2018-09-22,9.9,81.1,20.65
"		133",대전,2018-09-23,7.8,64.5,16.29
"		133",대전,2018-09-24,8.6,71.1,18.86
"		133",대전,2018-09-25,11.4,94.2,23.3
"		133",대전,2018-09-26,5.7,47.5,15.25
"		133",대전,2018-09-27,11.4,95,22.29
"		133",대전,2018-09-28,2.1,17.6,8.93
"		133",대전,2018-09-29,10.6,89.1,22.11
"		133",대전,2018-09-30,10.6,89.1,19.74
"		133",대전,2018-10-01,5.1,43.2,14.3
"		133",대전,2018-10-02,10,84.7,17.78
"		133",대전,2018-10-03,11,93.2,21.58
"		133",대전,2018-10-04,9.6,82.1,19.11
"		133",대전,2018-10-05,0,0,2.45
"		133",대전,2018-10-06,1,8.5,5.61
"		133",대전,2018-10-07,10.2,87.9,18.18
"		133",대전,2018-10-08,8.1,69.8,17.41
"		133",대전,2018-10-09,1.2,10.4,10.43
"		133",대전,2018-10-10,7.6,66.1,16.24
"		133",대전,2018-10-11,8.1,70.4,15.65
"		133",대전,2018-10-12,10.7,93.9,19.87
"		133",대전,2018-10-13,10.5,92.1,19.2
"		133",대전,2018-10-14,9.8,86.7,17.7
"		133",대전,2018-10-15,9,79.6,15.17
"		133",대전,2018-10-16,1.1,9.7,8.1
"		133",대전,2018-10-17,10.1,90.2,17.76
"		133",대전,2018-10-18,9.6,85.7,16.6
"		133",대전,2018-10-19,10.3,92,18.59
"		133",대전,2018-10-20,10.3,92.8,18.01
"		133",대전,2018-10-21,10.1,91,17.68
"		133",대전,2018-10-22,5.8,52.7,13.11
"		133",대전,2018-10-23,5.1,46.4,10.39
"		133",대전,2018-10-24,9.9,90,17.37
"		133",대전,2018-10-25,7.7,70.6,15.56
"		133",대전,2018-10-26,0,0,1.41
"		133",대전,2018-10-27,6.4,58.7,11.49
"		133",대전,2018-10-28,4.1,38,6.2
"		133",대전,2018-10-29,3.2,29.6,7.29
"		133",대전,2018-10-30,10,92.6,16.86
"		133",대전,2018-10-31,8.6,80.4,15.93
"		133",대전,2018-11-01,9.9,92.5,15.88
"		133",대전,2018-11-02,9.9,92.5,15.94
"		133",대전,2018-11-03,9.7,91.5,15.1
"		133",대전,2018-11-04,9.6,90.6,14.99
"		133",대전,2018-11-05,9.3,87.7,13.12
"		133",대전,2018-11-06,6.3,60,11.49
"		133",대전,2018-11-07,0,0,2.58
"		133",대전,2018-11-08,0,0,1.04
"		133",대전,2018-11-09,1.9,18.3,5.37
"		133",대전,2018-11-10,6.3,60.6,9.82
"		133",대전,2018-11-11,0,0,3.38
"		133",대전,2018-11-12,9.3,89.4,13.92
"		133",대전,2018-11-13,6.3,61.2,11.77
"		133",대전,2018-11-14,9.3,90.3,13.69
"		133",대전,2018-11-15,9,87.4,11.45
"		133",대전,2018-11-16,1.1,10.8,6.39
"		133",대전,2018-11-17,9.1,89.2,13.4
"		133",대전,2018-11-18,3.2,31.4,6.9
"		133",대전,2018-11-19,8.4,82.4,12.78
"		133",대전,2018-11-20,9,89.1,12.88
"		133",대전,2018-11-21,0.9,8.9,4.65
"		133",대전,2018-11-22,9,89.1,13.43
"		133",대전,2018-11-23,8.2,81.2,12.28
"		133",대전,2018-11-24,0.2,2,3.11
"		133",대전,2018-11-25,3.1,31,7.9
"		133",대전,2018-11-26,5.7,57,10.48
"		133",대전,2018-11-27,6.1,61,8.62
"		133",대전,2018-11-28,4,40.4,7.51
"		133",대전,2018-11-29,3.6,36.4,5.95
"		133",대전,2018-11-30,8.7,87.9,11.48
"		133",대전,2018-12-01,4.9,49.5,8.55
"		133",대전,2018-12-02,6,60.6,8.59
"		133",대전,2018-12-03,0,0,1.92
"		133",대전,2018-12-04,1.5,15.3,4.77
"		133",대전,2018-12-05,5.6,57.1,9.22
"		133",대전,2018-12-06,2.3,23.5,5.56
"		133",대전,2018-12-07,7.9,80.6,10.44
"		133",대전,2018-12-08,7.6,77.6,9.22
"		133",대전,2018-12-09,8.5,86.7,12.5
"		133",대전,2018-12-10,8.7,89.7,11.7
"		133",대전,2018-12-11,0,0,1.64
"		133",대전,2018-12-12,8.6,88.7,9.68
"		133",대전,2018-12-13,4,41.2,7.39
"		133",대전,2018-12-14,8.8,90.7,11.63
"		133",대전,2018-12-15,7.5,77.3,11.38
"		133",대전,2018-12-16,3,30.9,6.84
"		133",대전,2018-12-17,7.2,74.2,10.18
"		133",대전,2018-12-18,7,72.2,9.52
"		133",대전,2018-12-19,7.1,73.2,9.35
"		133",대전,2018-12-20,3.6,37.1,6.8
"		133",대전,2018-12-21,4.2,43.3,6.34
"		133",대전,2018-12-22,8,82.5,9.99
"		133",대전,2018-12-23,8.3,85.6,11.08
"		133",대전,2018-12-24,8.6,88.7,11.51
"		133",대전,2018-12-25,1.8,18.6,5.68
"		133",대전,2018-12-26,7.4,76.3,10.06
"		133",대전,2018-12-27,8.8,90.7,11.98
"		133",대전,2018-12-28,7.2,74.2,10.62
"		133",대전,2018-12-29,8.7,89.7,11.7
"		133",대전,2018-12-30,8.7,89.7,12.15
"		133",대전,2018-12-31,8.8,90.7,11.98
"		133",대전,2019-06-01,10.1,69.7,22.5
"		133",대전,2019-06-02,13.1,90.3,29.54
"		133",대전,2019-06-03,12.5,86.2,29.65
"		133",대전,2019-06-04,12.4,85.5,29.62
"		133",대전,2019-06-05,11.4,78.6,28.92
"		133",대전,2019-06-06,0.6,4.1,11.38
"		133",대전,2019-06-07,0,0,6.3
"		133",대전,2019-06-08,6.6,45.2,23.46
"		133",대전,2019-06-09,6.5,44.5,24.43
"		133",대전,2019-06-10,2.2,15.1,18.56
"		133",대전,2019-06-11,12.2,83.6,28.74
"		133",대전,2019-06-12,12.1,82.9,29.04
"		133",대전,2019-06-13,11.6,79.5,29.92
"		133",대전,2019-06-14,1,6.8,13.07
"		133",대전,2019-06-15,12.3,84.2,27.69
"		133",대전,2019-06-16,11.4,78.1,29.45
"		133",대전,2019-06-17,11.6,79.5,30.07
"		133",대전,2019-06-18,2.3,15.6,14.28
"		133",대전,2019-06-19,4.4,30.1,16.68
"		133",대전,2019-06-20,8.1,55.5,23.89
"		133",대전,2019-06-21,10.2,69.4,27.88
"		133",대전,2019-06-22,8,54.4,22.16
"		133",대전,2019-06-23,13.5,91.8,30.33
"		133",대전,2019-06-24,11.9,81.5,27.58
"		133",대전,2019-06-25,12,82.2,30.59
"		133",대전,2019-06-26,0.1,0.7,8.31
"		133",대전,2019-06-27,1.9,13,14.1
"		133",대전,2019-06-28,5,34.2,20.19
"		133",대전,2019-06-29,0,0,6.52
"		133",대전,2019-06-30,3.5,24,16.95
"		133",대전,2019-07-01,3.6,24.7,15
"		133",대전,2019-07-02,11.2,76.7,28
"		133",대전,2019-07-03,8.1,55.5,21.11
"		133",대전,2019-07-04,12.2,83.6,29.41
"		133",대전,2019-07-05,12.3,84.2,30.71
"		133",대전,2019-07-06,13.8,94.5,31.64
"		133",대전,2019-07-07,7.9,54.1,23.4
"		133",대전,2019-07-08,8.6,59.3,23.87
"		133",대전,2019-07-09,9.1,62.8,22.17
"		133",대전,2019-07-10,0.3,2.1,6.26
"		133",대전,2019-07-11,0,0,6.37
"		133",대전,2019-07-12,6.5,44.8,20.61
"		133",대전,2019-07-13,4.1,28.3,18.67
"		133",대전,2019-07-14,8.7,60.4,23.49
"		133",대전,2019-07-15,2.3,16,12.99
"		133",대전,2019-07-16,7.9,54.9,24.24
"		133",대전,2019-07-17,4.9,34,19.27
"		133",대전,2019-07-18,1.7,11.8,14.57
"		133",대전,2019-07-19,3.7,25.9,15.16
"		133",대전,2019-07-20,0.1,0.7,8.37
"		133",대전,2019-07-21,0.6,4.2,7.37
"		133",대전,2019-07-22,8.2,57.3,21.55
"		133",대전,2019-07-23,7.6,53.5,22.13
"		133",대전,2019-07-24,0,0,7.98
"		133",대전,2019-07-25,0,0,2.62
"		133",대전,2019-07-26,0.2,1.4,7.73
"		133",대전,2019-07-27,5.5,39,18.2
"		133",대전,2019-07-28,0.7,5,8.93
"		133",대전,2019-07-29,12.6,89.4,26.98
"		133",대전,2019-07-30,8,56.7,22.21
"		133",대전,2019-07-31,11.3,80.7,25.05
"		133",대전,2019-08-01,10.1,72.1,23.7
"		133",대전,2019-08-02,11.4,81.4,27.04
"		133",대전,2019-08-03,8.8,62.9,20.51
"		133",대전,2019-08-04,10.4,74.8,23.73
"		133",대전,2019-08-05,10.3,74.1,24.33
"		133",대전,2019-08-06,6.5,46.8,18.73
"		133",대전,2019-08-07,9.9,71.7,25.48
"		133",대전,2019-08-08,5.1,37,17.58
"		133",대전,2019-08-09,8.3,60.1,21.03
"		133",대전,2019-08-10,12,87.6,26.4
"		133",대전,2019-08-11,7,51.1,20.35
"		133",대전,2019-08-12,1.7,12.4,11.4
"		133",대전,2019-08-13,7.2,52.9,16.7
"		133",대전,2019-08-14,8.2,60.3,18.7
"		133",대전,2019-08-15,0.1,0.7,7.77
"		133",대전,2019-08-16,7.4,54.8,18.34
"		133",대전,2019-08-17,8.2,60.7,18.4
"		133",대전,2019-08-18,11.4,84.4,27.75
"		133",대전,2019-08-19,9.9,73.9,24.06
"		133",대전,2019-08-20,10.5,78.4,23.73
"		133",대전,2019-08-21,4.8,35.8,16.36
"		133",대전,2019-08-22,4.6,34.6,15.86
"		133",대전,2019-08-23,6.6,49.6,17.76
"		133",대전,2019-08-24,1.6,12,12.09
"		133",대전,2019-08-25,10.1,76.5,22.82
"		133",대전,2019-08-26,10.2,77.3,22.82
"		133",대전,2019-08-27,0,0,6.42
"		133",대전,2019-08-28,3.1,23.7,14.12
"		133",대전,2019-08-29,3,22.9,11.63
"		133",대전,2019-08-30,11.1,85.4,24.33
"		133",대전,2019-08-31,10.6,81.5,21.36
"		133",대전,2019-09-01,5.1,39.2,16.64
"		133",대전,2019-09-02,0.2,1.6,10.34
"		133",대전,2019-09-03,0,0,6.82
"		133",대전,2019-09-04,1,7.8,10.75
"		133",대전,2019-09-05,1.3,10.2,8.47
"		133",대전,2019-09-06,1.2,9.4,9.57
"		133",대전,2019-09-07,0.6,4.7,5.63
"		133",대전,2019-09-08,0.6,4.7,10.97
"		133",대전,2019-09-09,0,0,6.83
"		133",대전,2019-09-10,8.7,68.5,19.56
"		133",대전,2019-09-11,1.9,15.1,10.38
"		133",대전,2019-09-12,0,0,7.07
"		133",대전,2019-09-13,11.9,95.2,24.46
"		133",대전,2019-09-14,3.7,29.6,14.06
"		133",대전,2019-09-15,8.4,67.2,21.03
"		133",대전,2019-09-16,9.6,77.4,20.63
"		133",대전,2019-09-17,11.7,94.4,24.35
"		133",대전,2019-09-18,11.5,93.5,24.01
"		133",대전,2019-09-19,10.2,82.9,22.88
"		133",대전,2019-09-20,0.8,6.5,9.38
"		133",대전,2019-09-21,0,0,2.85
"		133",대전,2019-09-22,0,0,1.65
"		133",대전,2019-09-23,4.2,34.7,14.12
"		133",대전,2019-09-24,11.3,93.4,22.65
"		133",대전,2019-09-25,7,57.9,15.08
"		133",대전,2019-09-26,4,33.3,13.21
"		133",대전,2019-09-27,9.4,78.3,19.11
"		133",대전,2019-09-28,7.8,65,17.24
"		133",대전,2019-09-29,11,92.4,20.76
"		133",대전,2019-09-30,10.1,84.9,19.86
"		133",대전,2019-10-01,0,0,7.03
"		133",대전,2019-10-02,0,0,1.53
"		133",대전,2019-10-03,5.7,48.3,13.32
"		133",대전,2019-10-04,6.2,53,15.62
"		133",대전,2019-10-05,0.8,6.8,5.15
"		133",대전,2019-10-06,7.8,66.7,17.16
"		133",대전,2019-10-07,0,0,3.77
"		133",대전,2019-10-08,8.6,74.1,16.41
"		133",대전,2019-10-09,10.6,92.2,19.58
"		133",대전,2019-10-10,2.2,19.1,10.2
"		133",대전,2019-10-11,7.6,66.1,16.66
"		133",대전,2019-10-12,10.3,90.4,18.33
"		133",대전,2019-10-13,10.5,92.1,18.9
"		133",대전,2019-10-14,7.9,69.3,13.38
"		133",대전,2019-10-15,8.5,75.2,15.99
"		133",대전,2019-10-16,10.1,89.4,17.25
"		133",대전,2019-10-17,4.5,40.2,12.28
"		133",대전,2019-10-18,1.6,14.3,9.06
"		133",대전,2019-10-19,9.2,82.1,16.49
"		133",대전,2019-10-20,9.9,89.2,17.42
"		133",대전,2019-10-21,7.7,69.4,16.28
"		133",대전,2019-10-22,10,90.1,17.29
"		133",대전,2019-10-23,0.2,1.8,5.52
"		133",대전,2019-10-24,7.7,70,14.58
"		133",대전,2019-10-25,6.3,57.3,13.76
"		133",대전,2019-10-26,9,82.6,16.24
"		133",대전,2019-10-27,10,91.7,17
"		133",대전,2019-10-28,8.8,81.5,15.67
"		133",대전,2019-10-29,6.1,56.5,11.8
"		133",대전,2019-10-30,9.9,91.7,16.35
"		133",대전,2019-10-31,9.2,86,14.24
"		133",대전,2019-11-01,8.4,78.5,14.21
"		133",대전,2019-11-02,4.6,43,9.2
"		133",대전,2019-11-03,7.7,72.6,13.25
"		133",대전,2019-11-04,9.2,86.8,13.59
"		133",대전,2019-11-05,9.2,86.8,13.9
"		133",대전,2019-11-06,8.7,82.9,13.73
"		133",대전,2019-11-07,7.7,73.3,13.03
"		133",대전,2019-11-08,9.6,91.4,15.07
"		133",대전,2019-11-09,9.5,91.3,14.5
"		133",대전,2019-11-10,4.4,42.3,8.37
"		133",대전,2019-11-11,2.3,22.1,6.03
"		133",대전,2019-11-12,8,76.9,11.52
"		133",대전,2019-11-13,0.6,5.8,3.18
"		133",대전,2019-11-14,9.4,91.3,14.73
"		133",대전,2019-11-15,7.1,68.9,10.22
"		133",대전,2019-11-16,4.7,46.1,9.51
"		133",대전,2019-11-17,0,0,0.96
"		133",대전,2019-11-18,2.6,25.5,6.74
"		133",대전,2019-11-19,5.1,50,8.76
"		133",대전,2019-11-20,9.1,90.1,14.42
"		133",대전,2019-11-21,7.2,71.3,10.29
"		133",대전,2019-11-22,9.1,90.1,12.97
"		133",대전,2019-11-23,8.6,85.1,11.14
"		133",대전,2019-11-24,7.8,78,10.82
"		133",대전,2019-11-25,0,0,5.64
"		133",대전,2019-11-26,7,70,11.63
"		133",대전,2019-11-27,4.3,43,8.05
"		133",대전,2019-11-28,8.1,81.8,11.94
"		133",대전,2019-11-29,8.9,89.9,13.17
"		133",대전,2019-11-30,7,70.7,10.03
"		133",대전,2019-12-01,0,0,2.47
"		133",대전,2019-12-02,7.3,73.7,11.01
"		133",대전,2019-12-03,3.9,39.8,7.2
"		133",대전,2019-12-04,7.4,75.5,11.54
"		133",대전,2019-12-05,8.5,86.7,11.76
"		133",대전,2019-12-06,8.8,89.8,12.54
"		133",대전,2019-12-07,3.5,35.7,7.34
"		133",대전,2019-12-08,8.2,83.7,11.9
"		133",대전,2019-12-09,7.4,75.5,9.6
"		133",대전,2019-12-10,3.6,37.1,6.8
"		133",대전,2019-12-11,2.1,21.6,3.56
"		133",대전,2019-12-12,8.8,90.7,11.78
"		133",대전,2019-12-13,8.5,87.6,9.63
"		133",대전,2019-12-14,8.2,84.5,10.78
"		133",대전,2019-12-15,8.3,85.6,10.56
"		133",대전,2019-12-16,8.1,83.5,9.77
"		133",대전,2019-12-17,0,0,1.46
"		133",대전,2019-12-18,3.1,32,6.45
"		133",대전,2019-12-19,8.4,86.6,11.32
"		133",대전,2019-12-20,4.9,50.5,8.51
"		133",대전,2019-12-21,4.6,47.4,7.92
"		133",대전,2019-12-22,4.7,48.5,7.95
"		133",대전,2019-12-23,2.9,29.9,6.74
"		133",대전,2019-12-24,6.1,62.9,10.3
"		133",대전,2019-12-25,2.4,24.7,6.83
"		133",대전,2019-12-26,0,0,1.5
"		133",대전,2019-12-27,8.6,88.7,11.23
"		133",대전,2019-12-28,8.6,88.7,11.06
"		133",대전,2019-12-29,0,0,3.27
"		133",대전,2019-12-30,0.7,7.2,3.84
"		133",대전,2019-12-31,8.8,90.7,12.35
"		133",대전,2020-06-01,11.6,80,31.05
"		133",대전,2020-06-02,1.8,12.4,13.39
"		133",대전,2020-06-03,,0,
"		133",대전,2020-06-04,12.1,83.4,29.64
"		133",대전,2020-06-05,9,62.1,24.66
"		133",대전,2020-06-06,9.2,63,25.14
"		133",대전,2020-06-07,9,61.6,25.57
"		133",대전,2020-06-08,12.8,87.7,29.28
"		133",대전,2020-06-09,12.2,83.6,29.24
"		133",대전,2020-06-10,8.9,61,23.69
"		133",대전,2020-06-11,7.9,54.1,22.05
"		133",대전,2020-06-12,1.1,7.5,8.08
"		133",대전,2020-06-13,4.8,32.9,17.54
"		133",대전,2020-06-14,5.7,39,17.54
"		133",대전,2020-06-15,12.4,84.9,28.35
"		133",대전,2020-06-16,9.5,65.1,27.74
"		133",대전,2020-06-17,6.1,41.5,20.4
"		133",대전,2020-06-18,0.1,0.7,8.22
"		133",대전,2020-06-19,11.1,76,27.91
"		133",대전,2020-06-20,10.3,70.5,24.64
"		133",대전,2020-06-21,12.4,84.4,29.56
"		133",대전,2020-06-22,13.4,91.2,30.93
"		133",대전,2020-06-23,6.4,43.8,21.97
"		133",대전,2020-06-24,0,0,5.68
"		133",대전,2020-06-25,0,0,6.68
"		133",대전,2020-06-26,6.1,41.8,19.91
"		133",대전,2020-06-27,6.9,47.3,22.1
"		133",대전,2020-06-28,8.5,58.2,23.1
"		133",대전,2020-06-29,0.4,2.7,10.18
"		133",대전,2020-06-30,0,0,5.13
"		133",대전,2020-07-01,2.3,15.8,12.69
"		133",대전,2020-07-02,7.5,51.4,23.46
"		133",대전,2020-07-03,0,0,9.31
"		133",대전,2020-07-04,2.8,19.2,17.09
"		133",대전,2020-07-05,4,27.4,17.37
"		133",대전,2020-07-06,5,34.2,19.73
"		133",대전,2020-07-07,3.8,26.2,14.64
"		133",대전,2020-07-08,8.1,55.9,24.22
"		133",대전,2020-07-09,10,69,26.7
"		133",대전,2020-07-10,4.8,33.1,18.04
"		133",대전,2020-07-11,4.3,29.7,19.14
"		133",대전,2020-07-12,0,0,6.03
"		133",대전,2020-07-13,0,0,3.26
"		133",대전,2020-07-14,0,0,8.89
"		133",대전,2020-07-15,1.4,9.7,11.67
"		133",대전,2020-07-16,6.9,47.9,20.78
"		133",대전,2020-07-17,9.9,68.8,25.94
"		133",대전,2020-07-18,6.1,42.4,20.07
"		133",대전,2020-07-19,2.1,14.7,14.26
"		133",대전,2020-07-20,0.2,1.4,4.44
"		133",대전,2020-07-21,10.3,72,25.87
"		133",대전,2020-07-22,0,0,6.15
"		133",대전,2020-07-23,0,0,3.15
"		133",대전,2020-07-24,0.4,2.8,9
"		133",대전,2020-07-25,0.5,3.5,9.85
"		133",대전,2020-07-26,1.6,11.3,11.65
"		133",대전,2020-07-27,0.3,2.1,11.05
"		133",대전,2020-07-28,0,0,9.09
"		133",대전,2020-07-29,0,0,4.65
"		133",대전,2020-07-30,0.4,2.9,6.07
"		133",대전,2020-07-31,3.2,22.9,14.25
"		133",대전,2020-08-01,3.5,25,13.07
"		133",대전,2020-08-02,3.8,27.1,15.44
"		133",대전,2020-08-03,1.7,12.2,10.42
"		133",대전,2020-08-04,4.4,31.7,17.45
"		133",대전,2020-08-05,2.9,20.9,9.77
"		133",대전,2020-08-06,0.1,0.7,4.1
"		133",대전,2020-08-07,0,0,3.25
"		133",대전,2020-08-08,0,0,2.63
"		133",대전,2020-08-09,1.3,9.4,9.47
"		133",대전,2020-08-10,2,14.6,9.21
"		133",대전,2020-08-11,0.3,2.2,7.34
"		133",대전,2020-08-12,1.7,12.4,10.77
"		133",대전,2020-08-13,7.1,52.2,17.57
"		133",대전,2020-08-14,7.5,55.1,16.61
"		133",대전,2020-08-15,11.2,82.4,24.47
"		133",대전,2020-08-16,10.3,76.3,24.21
"		133",대전,2020-08-17,8.5,63,20.75
"		133",대전,2020-08-18,11.3,84.3,26.25
"		133",대전,2020-08-19,10.7,79.9,25.83
"		133",대전,2020-08-20,11,82.1,26.42
"		133",대전,2020-08-21,8.4,62.7,20.53
"		133",대전,2020-08-22,1.9,14.3,10.54
"		133",대전,2020-08-23,9.3,69.9,23.15
"		133",대전,2020-08-24,11.5,87.1,24.02
"		133",대전,2020-08-25,10.9,82.6,24.09
"		133",대전,2020-08-26,6.9,52.3,17.29
"		133",대전,2020-08-27,7,53.4,17.29
"		133",대전,2020-08-28,7,53.4,20.24
"		133",대전,2020-08-29,3.8,29,14.11
"		133",대전,2020-08-30,4.6,35.4,13.6
"		133",대전,2020-08-31,6.2,47.7,18.31
"		133",대전,2020-09-01,9.3,72.1,21.67
"		133",대전,2020-09-02,0,0,4.98
"		133",대전,2020-09-03,5.2,40.3,14.5
"		133",대전,2020-09-04,10.8,84.4,24.94
"		133",대전,2020-09-05,0.4,3.1,7.67
"		133",대전,2020-09-06,0.9,7,7.73
"		133",대전,2020-09-07,0,0,3.96
"		133",대전,2020-09-08,11,86.6,23.34
"		133",대전,2020-09-09,7.1,55.9,18.06
"		133",대전,2020-09-10,6.6,52.4,15.15
"		133",대전,2020-09-11,0,0,7.79
"		133",대전,2020-09-12,0.1,0.8,6.29
"		133",대전,2020-09-13,10.1,80.8,24.2
"		133",대전,2020-09-14,10.8,86.4,21.57
"		133",대전,2020-09-15,8.4,67.7,21.04
"		133",대전,2020-09-16,0,0,6.14
"		133",대전,2020-09-17,0,0,6.82
"		133",대전,2020-09-18,8.9,72.4,17.68
"		133",대전,2020-09-19,9.4,76.4,20.06
"		133",대전,2020-09-20,11.4,93.4,21.96
"		133",대전,2020-09-21,11.4,93.4,19.87
"		133",대전,2020-09-22,7.9,64.8,19.69
"		133",대전,2020-09-23,3.4,28.1,12.73
"		133",대전,2020-09-24,9.5,78.5,19.87
"		133",대전,2020-09-25,6.6,55,16.43
"		133",대전,2020-09-26,7.9,65.8,19.91
"		133",대전,2020-09-27,10.7,89.2,21.47
"		133",대전,2020-09-28,11.3,95,20.77
"		133",대전,2020-09-29,7.9,66.4,16.98
"		133",대전,2020-09-30,9.3,78.2,18.04
"		133",대전,2020-10-01,9.7,82.2,17.64
"		133",대전,2020-10-02,8.6,72.9,16.23
"		133",대전,2020-10-03,0.9,7.7,8.64
"		133",대전,2020-10-04,0.5,4.3,7.14
"		133",대전,2020-10-05,10.6,90.6,18.54
"		133",대전,2020-10-06,,0,
"		133",대전,2020-10-07,8.3,71.6,16.9
"		133",대전,2020-10-08,10.9,94,18.87
"		133",대전,2020-10-09,10.7,93,16.54
"		133",대전,2020-10-10,9.7,84.3,17.78
"		133",대전,2020-10-11,5.3,46.5,10.63
"		133",대전,2020-10-12,5.6,49.1,12.18
"		133",대전,2020-10-13,6.6,57.9,11.89
"		133",대전,2020-10-14,3.8,33.6,8.95
"		133",대전,2020-10-15,7.2,63.7,15.39
"		133",대전,2020-10-16,1,8.8,6.84
"		133",대전,2020-10-17,8.4,75,13.97
"		133",대전,2020-10-18,10.3,92,16.62
"		133",대전,2020-10-19,9.7,87.4,15.23
"		133",대전,2020-10-20,9.9,89.2,15.62
"		133",대전,2020-10-21,0.1,0.9,4.62
"		133",대전,2020-10-22,4.9,44.5,9.13
"		133",대전,2020-10-23,9.1,82.7,16.07
"		133",대전,2020-10-24,10.1,91.8,16.37
"		133",대전,2020-10-25,9.4,86.2,14
"		133",대전,2020-10-26,9.6,88.1,13.77
"		133",대전,2020-10-27,8.9,81.7,13.25
"		133",대전,2020-10-28,6.2,57.4,11.3
"		133",대전,2020-10-29,9.5,88,12.89
"		133",대전,2020-10-30,9.8,91.6,14.21
"		133",대전,2020-10-31,8.8,82.2,12.84
"		133",대전,2020-11-01,0,0,1.77
"		133",대전,2020-11-02,8,75.5,13.36
"		133",대전,2020-11-03,8.5,80.2,10.86
"		133",대전,2020-11-04,9.9,93.4,14.76
"		133",대전,2020-11-05,8.3,79,12.17
"		133",대전,2020-11-06,0,0,3.72
"		133",대전,2020-11-07,8.7,82.9,11.34
"		133",대전,2020-11-08,9.2,87.6,13.86
"		133",대전,2020-11-09,9.2,88.5,13.13
"		133",대전,2020-11-10,9.6,92.3,13.39
"		133",대전,2020-11-11,9.5,91.3,12.96
"		133",대전,2020-11-12,9.4,91.3,12.65
"		133",대전,2020-11-13,9,87.4,10.94
"		133",대전,2020-11-14,6.7,65,11.26
"		133",대전,2020-11-15,8.7,85.3,11.62
"		133",대전,2020-11-16,6.8,66.7,9.26
"		133",대전,2020-11-17,3.1,30.4,5.67
"		133",대전,2020-11-18,,0,
"		133",대전,2020-11-19,0.1,1,1.2
"		133",대전,2020-11-20,0,0,
"		133",대전,2020-11-21,8.7,86.1,11.91
"		133",대전,2020-11-22,0,0,2.24
"		133",대전,2020-11-23,7.7,77,10.93
"		133",대전,2020-11-24,4.7,47,9.42
"		133",대전,2020-11-25,8.9,89,11.26
"		133",대전,2020-11-26,7.4,74,10.1
"		133",대전,2020-11-27,1.3,13.1,4.36
"		133",대전,2020-11-28,,0,
"		133",대전,2020-11-29,1,10.1,4.39
"		133",대전,2020-11-30,8.9,89.9,11.15
"		133",대전,2020-12-01,8.8,88.9,11.15
"		133",대전,2020-12-02,6,60.6,9.51
"		133",대전,2020-12-03,7.7,78.6,10.16
"		133",대전,2020-12-04,8.7,88.8,10.71
"		133",대전,2020-12-05,2.9,29.6,5.77
"		133",대전,2020-12-06,7.9,80.6,10.01
"		133",대전,2020-12-07,0.3,3.1,3.53
"		133",대전,2020-12-08,8.6,87.8,10.05
"		133",대전,2020-12-09,7.5,76.5,10
"		133",대전,2020-12-10,2.5,25.8,6.31
"		133",대전,2020-12-11,4.3,44.3,6.9
"		133",대전,2020-12-12,8.5,87.6,10.08
"		133",대전,2020-12-13,0.9,9.3,3.12
"		133",대전,2020-12-14,8.8,90.7,11.16
"		133",대전,2020-12-15,8.8,90.7,11.02
"		133",대전,2020-12-16,8.8,90.7,10.62
"		133",대전,2020-12-17,7.9,81.4,10.77
"		133",대전,2020-12-18,3.7,38.1,4.71
"		133",대전,2020-12-19,8.6,88.7,11.35
"		133",대전,2020-12-20,8.5,87.6,10.4
"		133",대전,2020-12-21,4.2,43.3,7.04
"		133",대전,2020-12-22,8.3,85.6,9.31
"		133",대전,2020-12-23,2.3,23.7,5.52
"		133",대전,2020-12-24,8,82.5,9.34
"		133",대전,2020-12-25,7.5,77.3,8.47
"		133",대전,2020-12-26,3.3,34,4.77
"		133",대전,2020-12-27,2.8,28.9,6.02
"		133",대전,2020-12-28,7,72.2,9.55
"		133",대전,2020-12-29,,0,
"		133",대전,2020-12-30,5.7,58.8,7.59
"		133",대전,2020-12-31,7.7,79.4,10.39
"		133",대전,2021-06-01,10.2,70.3,23.7
"		133",대전,2021-06-02,1,6.9,2.86
"		133",대전,2021-06-03,0,0,4.03
"		133",대전,2021-06-04,12.3,84.8,28.01
"		133",대전,2021-06-05,11.4,78.6,19.77
"		133",대전,2021-06-06,11.8,80.8,25.86
"		133",대전,2021-06-07,9.9,67.8,21.91
"		133",대전,2021-06-08,11,75.3,24.52
"		133",대전,2021-06-09,12.5,85.6,26.68
"		133",대전,2021-06-10,5.9,40.4,17.69
"		133",대전,2021-06-11,7.2,49.3,18.31
"		133",대전,2021-06-12,8.6,58.9,24.39
"		133",대전,2021-06-13,7.3,50,21.25
"		133",대전,2021-06-14,4.5,30.8,17.98
"		133",대전,2021-06-15,0,0,7.15
"		133",대전,2021-06-16,5.6,38.4,16.1
"		133",대전,2021-06-17,0.8,5.4,9.84
"		133",대전,2021-06-18,0.1,0.7,7.1
"		133",대전,2021-06-19,11.7,80.1,27.18
"		133",대전,2021-06-20,12.5,85.6,27.44
"		133",대전,2021-06-21,12.5,85,26.49
"		133",대전,2021-06-22,5.4,36.7,17.35
"		133",대전,2021-06-23,2.6,17.7,8.04
"		133",대전,2021-06-24,6.5,44.5,19.43
"		133",대전,2021-06-25,10.7,73.3,25.74
"		133",대전,2021-06-26,5.9,40.4,15.41
"		133",대전,2021-06-27,8.4,57.5,22.5
"		133",대전,2021-06-28,7.8,53.4,21.43
"		133",대전,2021-06-29,7.3,50,17.92
"		133",대전,2021-06-30,6.3,43.2,19.34
"		133",대전,2021-07-01,12.2,83.6,24.69
"		133",대전,2021-07-02,8.8,60.3,23.36
"		133",대전,2021-07-03,,0,
"		133",대전,2021-07-04,1.5,10.3,10.78
"		133",대전,2021-07-05,0,0,9.83
"		133",대전,2021-07-06,0,0,8.22
"		133",대전,2021-07-07,0.3,2.1,9.16
"		133",대전,2021-07-08,8.6,59.3,21.2
"		133",대전,2021-07-09,7.5,51.7,18.65
"		133",대전,2021-07-10,7.1,49,20.49
"		133",대전,2021-07-11,5.5,37.9,17.45
"		133",대전,2021-07-12,6.1,42.1,19.5
"		133",대전,2021-07-13,9.5,66,21.72
"		133",대전,2021-07-14,8.5,59,20.88
"		133",대전,2021-07-15,8.8,61.1,21.46
"		133",대전,2021-07-16,10.4,72.2,25.27
"		133",대전,2021-07-17,10.1,70.1,21.64
"		133",대전,2021-07-18,10,69.4,21.52
"		133",대전,2021-07-19,2,14,15.35
"		133",대전,2021-07-20,1,7,12.95
"		133",대전,2021-07-21,12.9,90.2,27.21
"		133",대전,2021-07-22,12.7,88.8,27.42
"		133",대전,2021-07-23,11.5,81,27.1
"		133",대전,2021-07-24,12.1,85.2,24.24
"		133",대전,2021-07-25,11.2,78.9,22.5
"		133",대전,2021-07-26,13.3,93.7,25.86
"		133",대전,2021-07-27,,0,
"		133",대전,2021-07-28,10.1,71.6,25.25
"		133",대전,2021-07-29,9.4,66.7,20.61
"		133",대전,2021-07-30,11.3,80.1,22.56
"		133",대전,2021-07-31,9.7,69.3,23.27
"		133",대전,2021-08-01,3.2,22.9,11.98
"		133",대전,2021-08-02,1.3,9.3,7.89
"		133",대전,2021-08-03,6.1,43.9,16.7
"		133",대전,2021-08-04,12.8,92.1,26
"		133",대전,2021-08-05,10.1,72.7,21.3
"		133",대전,2021-08-06,7.4,53.6,18.15
"		133",대전,2021-08-07,9,65.2,22
"		133",대전,2021-08-08,0.5,3.6,8.63
"		133",대전,2021-08-09,12.1,87.7,23.87
"		133",대전,2021-08-10,8.4,61.3,19.73
"		133",대전,2021-08-11,,0,
"		133",대전,2021-08-12,6.7,48.9,18.66
"		133",대전,2021-08-13,3,22.1,13.25
"		133",대전,2021-08-14,4.4,32.4,12.62
"		133",대전,2021-08-15,11.3,83.1,22.47
"		133",대전,2021-08-16,10.8,80,21.14
"		133",대전,2021-08-17,7.4,54.8,18.23
"		133",대전,2021-08-18,4.9,36.3,14.61
"		133",대전,2021-08-19,5.9,44,18.23
"		133",대전,2021-08-20,8.8,65.7,18.45
"		133",대전,2021-08-21,0.8,6,4.62
"		133",대전,2021-08-22,4.9,36.8,15.09
"		133",대전,2021-08-23,0,0,2.9
"		133",대전,2021-08-24,0.8,6,5.19
"		133",대전,2021-08-25,0.1,0.8,3.23
"		133",대전,2021-08-26,4.3,32.6,14.61
"		133",대전,2021-08-27,0,0,
"		133",대전,2021-08-28,3.1,23.7,13.15
"		133",대전,2021-08-29,2.7,20.6,10.94
"		133",대전,2021-08-30,0.3,2.3,6.76
"		133",대전,2021-08-31,1.6,12.3,11.12
"		133",대전,2021-09-01,0.1,0.8,4.15
"		133",대전,2021-09-02,3.1,24,11.53
"		133",대전,2021-09-03,10.2,79.1,19.45
"		133",대전,2021-09-04,9.6,74.4,19.84
"		133",대전,2021-09-05,0.7,5.5,8.46
"		133",대전,2021-09-06,0.1,0.8,5.93
"		133",대전,2021-09-07,0.2,1.6,3.51
"		133",대전,2021-09-08,4.4,34.6,13.2
"		133",대전,2021-09-09,6.2,48.8,16.1
"		133",대전,2021-09-10,5.8,46,14.83
"		133",대전,2021-09-11,,0,
"		133",대전,2021-09-12,7.9,62.7,16.67
"		133",대전,2021-09-13,6.7,53.6,15.41
"		133",대전,2021-09-14,4.4,35.2,13.72
"		133",대전,2021-09-15,11.8,95.2,21.29
"		133",대전,2021-09-16,8.8,71,16.95
"		133",대전,2021-09-17,0.7,5.6,8.04
"		133",대전,2021-09-18,10.4,84.6,20.89
"		133",대전,2021-09-19,11.5,93.5,20.29
"		133",대전,2021-09-20,11.2,91.8,20.43
"		133",대전,2021-09-21,4.2,34.4,10.16
"		133",대전,2021-09-22,9,73.8,17.53
"		133",대전,2021-09-23,10.7,88.4,19.29
"		133",대전,2021-09-24,10,82.6,18.12
"		133",대전,2021-09-25,2,16.7,8.26
"		133",대전,2021-09-26,3.5,29.2,13.57
"		133",대전,2021-09-27,4.3,35.8,13.49
"		133",대전,2021-09-28,0.9,7.6,8.64
"		133",대전,2021-09-29,0,0,2.82
"		133",대전,2021-09-30,9.1,76.5,18.57
"		133",대전,2021-10-01,7.3,61.9,15.82
"		133",대전,2021-10-02,9.6,81.4,16.43
"		133",대전,2021-10-03,10.5,89,17.89
"		133",대전,2021-10-04,4.9,41.9,10.92
"		133",대전,2021-10-05,9.7,82.9,16.95
"		133",대전,2021-10-06,8.4,72.4,15.61
"		133",대전,2021-10-07,2,17.2,5.76
"		133",대전,2021-10-08,0.1,0.9,4.13
"		133",대전,2021-10-09,5.6,48.7,12.58
"		133",대전,2021-10-10,7.2,62.6,14.08
"		133",대전,2021-10-11,0,0,4.55
"		133",대전,2021-10-12,0,0,2.68
"		133",대전,2021-10-13,,0,
"		133",대전,2021-10-14,10.3,91.2,16.2
"		133",대전,2021-10-15,0.2,1.8,6.17
"		133",대전,2021-10-16,0.3,2.7,6.95
"		133",대전,2021-10-17,10.5,93.8,18.18
"		133",대전,2021-10-18,10.5,93.8,16.91
"		133",대전,2021-10-19,6.7,59.8,11.49
"		133",대전,2021-10-20,10.3,92.8,16.49
"		133",대전,2021-10-21,9.5,85.6,13.93
"		133",대전,2021-10-22,10,90.9,15.36
"		133",대전,2021-10-23,10.1,91.8,16.02
"		133",대전,2021-10-24,9.7,88.2,15.67
"		133",대전,2021-10-25,9.8,89.9,15.13
"		133",대전,2021-10-26,9.5,87.2,13.86
"		133",대전,2021-10-27,8.1,74.3,13.22
"		133",대전,2021-10-28,10,92.6,15.57
"		133",대전,2021-10-29,9.9,91.7,13.7
"		133",대전,2021-10-30,1.3,12,7.49
"		133",대전,2021-10-31,9,84.1,13.33
"		133",대전,2021-11-01,7,65.4,10.54
"		133",대전,2021-11-02,6.9,64.5,10.93
"		133",대전,2021-11-03,8.9,84,13.26
"		133",대전,2021-11-04,8.6,81.1,12.53
"		133",대전,2021-11-05,6.5,61.3,10.57
"		133",대전,2021-11-06,9.2,87.6,12.92
"		133",대전,2021-11-07,8.6,81.9,13.03
"		133",대전,2021-11-08,1.2,11.4,3.1
"		133",대전,2021-11-09,1.7,16.3,5.09
"		133",대전,2021-11-10,0.5,4.8,3.17
"		133",대전,2021-11-11,4.6,44.2,6.92
"		133",대전,2021-11-12,6,58.3,7.79
"		133",대전,2021-11-13,,0,
"		133",대전,2021-11-14,8.6,83.5,10.43
"		133",대전,2021-11-15,8.2,79.6,10.84
"		133",대전,2021-11-16,8.8,86.3,11.61
"		133",대전,2021-11-17,9.1,89.2,12.47
"		133",대전,2021-11-18,6.3,61.8,8.57
"		133",대전,2021-11-19,6.8,67.3,8.68
"		133",대전,2021-11-20,5,49.5,8.3
"		133",대전,2021-11-21,0.3,3,4.34
"		133",대전,2021-11-22,4.7,46.5,7.37
"		133",대전,2021-11-23,3.7,37,5.68
"		133",대전,2021-11-24,8.6,86,10.72
"		133",대전,2021-11-25,8.3,83,10.66
"		133",대전,2021-11-26,8.7,87,11.44
"		133",대전,2021-11-27,9,90,11.72
"		133",대전,2021-11-28,7.4,74.7,10.49
"		133",대전,2021-11-29,6.6,66.7,9.07
"		133",대전,2021-11-30,0.2,2,1.49
"		133",대전,2021-12-01,7.1,71.7,8.13
"		133",대전,2021-12-02,7.3,73.7,10.66
"		133",대전,2021-12-03,8.2,83.7,10.52
"		",,,,,
"	",,,,,
