,평균기온(℃),최고기온(℃),최저기온(℃),일교차,강수량(mm),평균풍속(m/s),최대풍속(m/s),최대순간풍속(m/s),평균습도(%rh),최저습도(%rh),일조합,일조율,일사합,예보
0,22.9,28.4,18.5,9.9,0.0,2.0,5.3,9.1,59.1,40.0,12.1,83.4,30.03,구름많음
1,22.5,29.3,15.1,14.2,0.0,1.5,3.1,6.4,51.1,24.0,10.7,73.8,28.52,구름조금
2,22.7,29.0,17.1,11.9,0.0,1.6,3.1,5.7,60.1,29.0,10.0,69.0,27.49,구름많음
4,22.9,30.3,14.6,15.7,0.0,2.4,5.6,10.4,59.3,33.0,12.5,86.2,30.93,구름많음
7,22.4,27.1,19.1,8.0,0.0,0.8,2.3,4.7,72.1,52.0,5.4,37.0,17.7,흐리고 비
8,24.0,30.2,17.5,12.7,0.0,1.0,2.8,5.2,65.8,41.0,11.6,79.5,28.49,구름많음
9,25.3,31.2,19.6,11.6,0.0,1.5,3.3,6.1,67.8,45.0,8.7,59.6,24.71,구름많음
10,25.6,29.8,20.9,8.9,0.0,1.5,4.7,7.1,71.5,57.0,8.5,58.2,22.68,구름많음
11,24.9,27.4,23.1,4.3,0.2,1.4,3.5,5.9,81.1,68.0,0.5,3.4,12.03,흐리고 비
12,24.6,29.6,20.8,8.8,0.0,1.4,3.3,5.7,72.8,45.0,8.7,59.6,24.26,흐림
13,24.2,30.3,19.4,10.9,0.0,1.7,3.9,6.9,73.9,50.0,8.8,60.3,26.42,구름많음
14,22.3,26.1,20.3,5.8,7.8,1.9,5.1,8.9,81.9,48.0,0.3,2.1,8.72,구름많고 비
15,21.7,25.8,19.1,6.7,0.1,1.9,4.4,8.1,79.6,56.0,5.4,37.0,16.56,흐리고 비
16,23.3,29.3,16.4,12.9,0.0,1.7,4.9,8.7,67.3,42.0,11.8,80.3,28.6,구름많음
17,25.1,31.0,18.5,12.5,0.0,1.3,4.1,7.0,66.6,44.0,11.6,79.5,29.06,구름많음
18,25.7,30.1,21.7,8.4,0.0,1.7,4.6,9.2,63.8,40.0,12.0,82.2,28.9,구름많음
20,26.1,32.0,19.7,12.3,0.0,1.2,3.0,6.1,72.3,43.0,9.2,62.6,22.89,흐리고 비
21,25.4,31.1,23.2,7.9,0.0,1.9,4.6,7.5,79.5,56.0,4.3,29.3,15.23,흐리고 비
22,26.2,31.7,20.9,10.8,0.0,1.6,3.9,7.3,72.8,47.0,10.0,68.5,26.41,흐리고 비
23,22.2,24.8,19.4,5.4,43.3,1.7,3.9,7.0,90.6,76.0,1.1,7.5,8.24,흐리고 비
24,22.9,27.7,18.8,8.9,0.0,2.3,5.7,8.9,69.4,45.0,12.9,88.4,28.59,흐리고 비
25,23.9,30.0,18.7,11.3,0.0,2.0,3.9,7.5,71.0,43.0,13.3,91.1,28.93,구름많음
27,24.0,30.1,18.0,12.1,0.0,1.5,4.5,7.5,74.3,50.0,8.5,58.2,22.65,구름많음
28,24.8,28.2,21.2,7.0,0.0,1.6,3.8,5.7,74.0,61.0,4.5,30.8,17.27,구름많음
31,24.5,28.0,22.2,5.8,11.3,1.8,4.1,8.0,86.8,68.0,3.6,24.7,16.12,흐리고 비
32,22.7,24.4,20.4,4.0,13.7,1.1,2.9,4.8,91.0,82.0,0.0,0.0,6.18,흐리고 비
34,25.8,30.4,22.1,8.3,14.5,2.4,6.5,12.3,90.0,66.0,2.2,15.1,13.38,흐리고 비
35,24.3,27.1,22.8,4.3,38.8,1.3,3.6,6.1,94.5,81.0,0.6,4.1,7.66,흐리고 비
36,25.7,30.3,22.6,7.7,3.0,1.5,5.4,8.3,87.0,67.0,7.3,50.3,22.69,흐리고 비
38,27.5,33.1,22.7,10.4,0.0,0.9,2.4,4.7,75.8,46.0,10.2,70.3,28.52,구름많음
39,27.2,32.0,22.2,9.8,0.0,0.7,2.1,3.5,75.5,54.0,8.5,58.6,22.85,구름많음
41,25.7,28.4,23.2,5.2,2.2,0.9,2.7,4.3,86.9,73.0,1.7,11.7,12.11,흐리고 비
42,26.3,30.4,23.1,7.3,0.0,1.2,3.4,6.2,79.3,61.0,7.6,52.8,21.09,흐리고 비
43,26.1,31.0,22.1,8.9,0.0,1.3,3.0,6.0,77.0,56.0,7.8,54.2,22.16,구름많음
44,25.9,30.0,22.7,7.3,1.3,2.3,6.6,10.8,71.6,55.0,4.2,29.2,19.03,흐리고 비
47,24.3,28.9,20.9,8.0,0.0,1.0,2.1,3.9,78.9,59.0,8.3,57.6,20.07,구름많음
48,26.7,32.4,20.3,12.1,0.0,1.1,3.3,5.1,76.8,55.0,10.0,69.9,23.95,구름많음
50,27.0,31.6,22.2,9.4,0.0,3.0,4.4,8.0,74.6,61.0,11.6,81.1,27.1,흐리고 비
51,28.4,33.2,23.6,9.6,0.0,2.8,4.2,6.9,71.8,58.0,10.4,72.7,25.54,흐리고 비
52,29.5,33.6,24.8,8.8,0.0,1.6,3.2,5.6,73.5,58.0,11.1,78.2,22.89,흐리고 비
53,29.6,32.9,26.4,6.5,0.0,1.5,4.4,7.3,76.8,61.0,8.1,57.0,21.88,흐리고 비
54,29.2,32.5,26.9,5.6,0.0,1.4,3.1,5.5,75.0,60.0,6.7,47.2,15.99,구름많음
55,29.0,33.3,24.2,9.1,0.0,1.4,3.5,7.6,73.5,54.0,11.0,77.5,24.52,구름많음
56,28.7,31.8,25.9,5.9,0.1,1.8,4.7,9.6,77.9,64.0,5.1,36.2,15.47,흐리고 비
57,28.9,32.3,25.1,7.2,0.0,2.2,4.4,8.5,70.5,53.0,11.4,80.9,25.33,구름많고 비
58,28.2,32.5,24.1,8.4,0.0,1.1,3.7,7.2,80.5,66.0,7.5,53.2,17.61,구름많고 비
59,29.1,34.0,26.3,7.7,0.0,1.2,3.4,6.6,81.5,59.0,6.9,48.9,17.79,구름많음
60,29.9,34.7,26.2,8.5,0.0,1.2,3.4,6.2,77.3,54.0,11.0,78.6,24.85,구름많음
61,28.7,32.9,25.3,7.6,0.0,1.0,3.7,5.9,78.6,60.0,4.9,35.0,19.06,구름많음
63,28.3,34.0,23.2,10.8,0.0,0.9,2.4,4.2,75.5,51.0,10.3,74.1,23.56,구름많음
64,29.9,35.5,24.5,11.0,0.0,1.3,3.3,5.2,70.8,48.0,11.6,83.5,24.22,구름많음
65,30.7,35.8,25.5,10.3,0.0,1.1,2.9,5.8,69.0,44.0,11.8,84.9,28.0,구름많음
68,29.7,34.8,24.5,10.3,0.0,1.0,2.5,4.7,72.8,52.0,11.9,86.2,24.82,구름많음
70,29.3,34.6,25.2,9.4,0.0,1.0,2.7,5.4,76.4,53.0,11.5,83.9,24.91,구름많음
71,29.9,35.6,24.4,11.2,0.0,1.1,2.7,5.5,70.1,51.0,12.8,93.4,27.8,구름많음
72,30.3,36.5,24.9,11.6,0.0,1.1,2.6,5.2,67.5,39.0,12.6,92.0,27.91,구름많음
73,30.2,36.0,25.2,10.8,0.0,1.2,3.1,6.3,70.6,44.0,12.0,88.2,27.69,구름많음
74,29.9,35.0,26.1,8.9,0.0,1.3,3.0,5.9,75.1,53.0,9.5,69.9,23.16,구름많음
75,30.0,35.5,26.5,9.0,0.0,1.2,3.3,6.1,70.6,40.0,8.9,65.4,22.99,구름많음
76,29.9,35.5,26.1,9.4,0.0,1.3,3.1,6.5,64.1,37.0,9.0,66.7,23.67,구름많음
77,29.8,35.1,24.7,10.4,0.0,1.2,2.5,6.1,66.4,45.0,11.1,82.2,23.53,구름많음
78,29.7,34.8,25.3,9.5,0.0,1.4,6.4,10.3,70.6,50.0,5.8,43.3,18.03,구름많음
79,30.3,37.3,25.0,12.3,0.0,1.2,3.2,5.7,66.5,29.0,9.0,67.2,23.54,구름많음
80,31.2,37.6,26.2,11.4,0.0,2.2,4.7,8.2,56.4,29.0,10.4,77.6,25.26,구름많음
81,29.7,34.9,25.2,9.7,0.0,2.1,3.9,6.2,56.6,39.0,9.6,71.6,21.44,흐림
82,30.3,36.7,24.0,12.7,0.0,1.1,2.8,5.3,61.5,38.0,11.4,85.7,23.9,구름많음
84,28.9,34.5,23.7,10.8,0.0,1.3,3.0,5.0,66.8,38.0,11.5,87.1,25.78,구름많음
85,28.5,33.9,23.8,10.1,0.0,1.2,4.2,7.1,65.9,50.0,8.0,60.6,18.45,구름많음
87,22.6,27.9,18.0,9.9,0.0,2.3,5.5,9.5,63.9,45.0,4.8,36.6,16.7,구름많음
93,22.7,24.9,21.2,3.7,1.5,2.9,5.6,9.5,81.0,69.0,2.4,18.6,9.84,흐리고 비
94,25.0,30.3,20.8,9.5,0.0,1.6,4.7,8.2,76.0,55.0,8.3,64.3,19.6,흐림
95,26.2,30.4,22.3,8.1,0.0,1.0,2.5,5.2,80.3,60.0,2.0,15.6,13.24,구름많음
96,26.2,30.5,24.0,6.5,0.0,0.8,3.5,6.3,82.4,61.0,5.0,39.1,13.15,구름많음
97,24.4,28.1,21.5,6.6,0.0,0.9,2.2,3.6,79.0,58.0,2.1,16.4,10.63,구름많음
98,23.7,27.8,19.8,8.0,0.0,0.9,2.9,4.9,76.8,57.0,2.3,18.1,13.48,구름많음
102,23.9,28.5,19.6,8.9,0.0,1.0,2.7,4.7,77.5,49.0,5.8,46.0,15.74,구름조금
104,24.1,29.5,18.7,10.8,0.0,1.0,2.6,4.3,73.9,52.0,10.6,84.8,21.82,구름많음
105,24.2,29.1,20.5,8.6,0.0,1.0,2.8,6.2,73.5,51.0,5.8,46.4,16.18,구름많음
106,23.5,28.7,18.4,10.3,0.0,0.8,1.9,3.3,73.0,42.0,7.5,60.5,18.16,구름많음
109,19.1,20.7,18.1,2.6,12.5,2.1,4.6,9.9,91.6,80.0,0.0,0.0,6.13,흐리고 비
110,20.0,23.6,17.4,6.2,0.0,2.3,6.1,11.1,75.6,62.0,0.4,3.3,10.3,구름많음
111,19.2,24.7,13.7,11.0,0.0,1.4,3.3,6.5,64.6,42.0,11.4,93.4,23.09,구름많음
112,19.1,23.6,12.8,10.8,0.0,1.5,4.0,7.2,68.4,49.0,7.5,61.5,16.87,구름많음
113,20.6,25.9,17.1,8.8,0.0,1.0,2.7,5.0,71.3,48.0,7.4,60.7,17.9,구름많음
114,20.8,27.0,15.4,11.6,0.0,0.8,2.0,3.8,75.0,45.0,9.2,76.0,19.64,구름많음
115,21.7,28.1,16.4,11.7,0.0,0.8,2.0,3.8,74.3,41.0,10.4,86.0,20.84,구름많음
116,20.8,24.7,17.2,7.5,0.0,0.6,1.8,3.7,85.3,68.0,2.5,20.8,8.38,구름많음
117,22.1,26.8,18.3,8.5,0.0,1.0,2.8,4.7,83.3,64.0,2.5,20.8,9.8,구름많음
118,22.4,25.8,20.3,5.5,39.7,1.0,3.2,6.7,92.0,81.0,2.0,16.7,8.26,흐리고 비
119,21.8,26.0,18.1,7.9,0.0,0.9,2.4,4.6,85.0,66.0,4.7,39.5,13.86,흐리고 비
122,18.6,21.7,15.7,6.0,0.6,0.8,2.2,3.9,91.6,78.0,0.2,1.7,7.15,흐리고 비
123,20.7,23.4,17.6,5.8,0.5,0.8,2.6,4.4,88.9,75.0,0.9,7.6,7.33,흐리고 비
124,23.4,26.8,19.6,7.2,6.1,1.6,4.4,6.8,91.3,75.0,4.7,40.2,9.68,흐리고 비
127,18.2,23.9,14.4,9.5,0.0,1.1,2.4,4.5,73.9,40.0,10.5,90.5,20.16,구름조금
129,17.2,21.8,14.2,7.6,32.3,1.6,4.2,8.5,80.4,47.0,5.2,44.8,11.83,흐리고 비
130,11.8,16.7,7.6,9.1,0.0,1.8,5.0,9.1,62.6,39.0,10.7,93.0,20.4,구름많음
131,12.7,18.5,8.4,10.1,0.0,0.9,2.1,3.7,73.9,47.0,6.3,54.8,13.15,구름많음
132,14.3,20.5,10.3,10.2,0.0,0.7,2.1,4.9,78.4,41.0,7.2,63.2,13.2,구름많음
133,14.9,21.0,11.0,10.0,0.0,1.0,2.5,5.1,66.9,32.0,9.1,79.8,17.6,구름많음
134,14.1,20.1,10.4,9.7,0.0,0.6,1.6,3.0,69.1,33.0,3.7,32.5,12.12,구름많음
135,15.2,22.9,8.6,14.3,0.0,0.8,2.2,4.0,76.0,43.0,9.5,84.1,16.27,구름조금
136,17.3,25.2,10.7,14.5,0.0,0.9,2.7,4.5,74.4,44.0,6.8,60.2,14.84,구름많음
137,16.9,20.3,15.2,5.1,6.8,0.9,3.0,5.3,86.5,66.0,0.0,0.0,5.21,흐리고 비
140,17.2,23.6,12.8,10.8,0.0,0.8,1.9,3.5,83.5,57.0,9.0,81.1,14.94,구름조금
141,16.7,22.7,11.2,11.5,0.0,1.5,5.7,10.7,82.0,58.0,4.5,40.5,11.49,구름조금
143,17.5,22.1,14.3,7.8,0.0,1.5,4.0,6.5,73.9,55.0,5.7,51.8,11.57,구름많음
145,15.5,20.4,9.8,10.6,0.0,2.0,4.5,7.3,67.5,51.0,8.9,80.9,15.78,구름조금
146,14.7,20.0,12.3,7.7,21.4,1.6,4.4,9.0,89.1,69.0,4.4,40.4,6.86,흐리고 비
147,13.4,16.8,10.8,6.0,0.0,0.9,1.9,4.5,87.9,71.0,1.9,17.4,7.63,흐리고 비
148,14.2,18.0,10.2,7.8,0.0,2.1,6.4,10.5,82.3,68.0,0.4,3.7,6.85,구름많음
149,13.5,15.7,11.1,4.6,8.9,1.2,4.6,7.6,91.4,70.0,0.0,0.0,2.97,흐리고 비
150,9.2,13.5,6.1,7.4,0.0,1.0,3.0,5.6,68.4,51.0,2.0,18.5,9.72,구름많음
151,7.1,14.5,1.2,13.3,0.0,1.0,2.5,5.3,54.8,19.0,10.0,93.5,17.23,구름조금
152,7.8,10.4,4.9,5.5,0.0,1.1,4.5,9.2,70.0,61.0,0.0,0.0,2.68,구름많음
153,3.4,9.4,-0.7,10.1,0.0,1.6,4.8,8.7,57.3,30.0,9.9,92.5,16.56,구름많음
154,5.1,11.7,-2.4,14.1,0.0,1.2,3.4,7.0,64.1,32.0,9.8,92.5,15.5,구름많음
155,8.1,14.8,3.7,11.1,0.0,0.9,3.5,7.7,76.3,51.0,5.9,55.7,9.3,구름많음
156,9.9,17.4,2.7,14.7,0.0,1.2,3.9,7.0,77.5,52.0,8.3,78.3,12.16,구름많음
157,13.3,19.2,8.7,10.5,0.0,1.1,2.7,7.1,81.3,60.0,5.2,49.5,8.25,구름많음
159,14.3,18.8,10.8,8.0,2.7,1.9,4.3,7.6,72.5,51.0,5.2,49.5,10.18,흐리고 비
161,3.1,9.8,-3.1,12.9,0.0,1.1,3.6,6.9,54.0,28.0,9.5,91.3,14.87,구름조금
164,9.7,18.6,2.7,15.9,0.0,1.1,3.4,5.7,76.9,32.0,7.1,68.9,11.72,구름많음
165,12.1,18.1,6.6,11.5,0.0,0.9,3.1,4.5,79.4,56.0,2.2,21.4,7.82,구름많음
167,8.3,14.6,2.7,11.9,0.0,1.5,3.7,7.4,52.6,24.0,9.1,89.2,14.19,구름많음
168,5.7,12.9,-0.5,13.4,0.0,0.9,2.1,3.7,63.4,23.0,8.6,84.3,11.37,구름많음
169,8.1,15.4,3.3,12.1,0.0,0.8,1.8,3.8,65.9,42.0,7.5,73.5,10.67,구름많음
171,12.6,14.3,10.4,3.9,0.7,0.5,1.6,2.4,96.3,94.0,0.0,0.0,2.35,흐리고 비
172,11.5,16.4,6.7,9.7,0.0,1.1,2.3,5.1,76.0,44.0,8.6,85.1,12.29,구름많음
174,4.9,9.5,0.7,8.8,0.0,1.9,4.8,11.0,63.0,37.0,3.8,37.6,5.9,구름많음
176,-0.2,5.2,-4.9,10.1,0.0,1.6,4.0,7.5,54.8,34.0,9.1,91.0,13.18,구름많음
177,1.4,7.8,-3.2,11.0,0.0,0.9,2.4,4.8,64.0,38.0,7.3,73.0,9.85,구름조금
180,2.8,8.4,-0.4,8.8,0.0,1.2,3.2,6.3,72.0,39.0,8.0,80.8,11.58,구름조금
181,1.9,8.8,-3.4,12.2,0.0,0.9,2.9,4.9,61.8,29.0,9.0,90.9,12.84,구름조금
183,5.6,10.1,0.1,10.0,0.0,2.0,5.4,11.6,65.3,25.0,5.9,59.6,7.91,구름많음
184,1.8,8.5,-4.1,12.6,0.0,1.1,2.8,5.6,62.1,35.0,9.0,90.9,12.31,구름많음
185,3.2,10.8,-2.8,13.6,0.0,0.7,1.6,3.6,71.3,45.0,7.9,80.6,11.16,구름조금
188,1.2,6.6,-2.6,9.2,0.0,1.6,4.2,9.3,48.4,26.0,8.8,89.8,12.27,구름조금
191,4.1,7.9,-1.0,8.9,0.3,2.0,4.3,8.6,67.4,43.0,6.4,65.3,7.8,흐리고 비/눈
192,-0.1,6.4,-4.4,10.8,0.0,1.1,3.2,6.0,56.0,26.0,8.8,90.7,11.96,구름조금
193,-0.6,6.9,-6.2,13.1,0.0,0.7,2.9,4.6,57.1,29.0,8.8,90.7,12.06,구름조금
195,4.5,9.6,1.0,8.6,0.0,1.1,2.9,6.0,74.9,52.0,3.9,40.2,7.2,구름많음
197,-1.4,3.0,-5.9,8.9,0.0,2.1,5.5,9.7,55.6,30.0,7.7,79.4,11.26,구름많음
198,-2.4,2.8,-8.3,11.1,0.0,1.4,4.1,7.7,52.4,31.0,8.8,90.7,11.96,구름많음
199,4.0,10.5,-0.3,10.8,0.0,1.3,4.0,7.3,67.9,51.0,7.1,73.2,10.02,구름많음
200,3.8,9.5,-1.8,11.3,0.0,0.6,1.9,3.1,78.5,58.0,1.3,13.4,5.49,구름많음
202,8.2,13.3,4.3,9.0,0.0,0.8,2.5,5.2,82.9,58.0,7.0,72.2,9.18,구름많음
207,1.3,7.3,-4.5,11.8,0.0,0.7,1.5,3.3,79.1,58.0,5.8,59.8,9.7,구름많음
209,0.3,4.0,-5.1,9.1,0.0,2.3,5.5,10.7,64.6,31.0,7.6,78.4,10.67,흐리고 비/눈
210,-2.5,4.1,-7.5,11.6,0.0,0.9,2.1,3.6,58.5,35.0,8.8,90.7,11.76,구름조금
212,-1.8,4.8,-8.1,12.9,0.0,0.9,2.5,5.3,67.6,44.0,8.6,88.7,11.5,구름조금
213,1.4,5.2,-1.3,6.5,0.0,0.8,2.3,4.4,79.9,71.0,1.0,10.3,4.53,구름많음
214,22.0,26.9,17.0,9.9,0.0,1.8,6.1,11.8,71.1,53.0,8.7,60.0,23.22,구름많음
220,17.9,19.7,16.0,3.7,4.5,1.7,4.3,8.6,93.1,82.0,0.0,0.0,4.33,흐리고 비
221,20.1,26.4,15.6,10.8,0.0,1.7,3.6,6.2,72.9,48.0,9.0,61.6,25.02,구름많음
223,22.6,26.6,19.9,6.7,0.0,2.1,4.7,7.9,67.0,43.0,6.5,44.5,19.68,흐리고 비
226,21.7,27.6,17.3,10.3,0.0,2.0,3.7,7.0,57.6,36.0,10.4,71.2,26.97,구름많음
227,22.0,28.4,15.1,13.3,0.0,1.6,4.3,8.1,61.3,34.0,13.0,89.0,29.81,구름많음
228,23.1,29.6,16.8,12.8,0.0,2.3,5.0,8.4,64.9,33.0,12.8,87.7,29.55,구름조금
229,25.3,32.8,18.1,14.7,0.0,1.7,4.3,7.0,53.8,30.0,12.4,84.9,28.91,구름조금
230,24.7,32.3,16.8,15.5,0.0,1.2,3.0,5.9,47.6,28.0,13.0,88.4,28.93,구름조금
231,25.3,33.8,17.1,16.7,0.0,1.5,3.7,6.5,50.3,25.0,13.4,91.2,31.39,구름많음
232,26.1,33.4,18.3,15.1,0.0,1.3,3.0,5.5,54.4,30.0,12.4,84.9,28.64,구름많음
233,25.4,31.3,19.6,11.7,0.0,1.3,3.7,6.1,53.8,31.0,4.3,29.5,17.95,구름조금
234,24.8,30.4,20.2,10.2,0.0,1.7,4.1,8.2,61.0,44.0,9.6,65.3,23.94,구름많음
235,25.3,32.9,18.6,14.3,0.0,1.4,3.5,5.7,61.5,30.0,11.9,81.0,28.33,구름조금
236,27.4,34.8,20.1,14.7,0.0,1.3,3.4,6.1,52.4,27.0,10.4,70.7,27.05,구름많음
237,24.5,33.5,20.4,13.1,2.8,1.2,4.1,7.1,70.5,35.0,3.8,26.0,15.69,구름많고 비
238,25.0,29.9,20.0,9.9,0.0,1.2,3.2,6.4,73.3,51.0,8.6,58.9,21.46,흐리고 비
243,26.9,32.2,22.8,9.4,0.0,1.2,2.9,6.4,71.8,50.0,7.6,52.1,24.23,구름많음
245,25.7,27.6,24.2,3.4,39.5,1.7,4.6,7.6,94.5,88.0,0.2,1.4,7.47,흐리고 비
247,25.9,28.4,24.1,4.3,34.0,1.5,3.3,8.0,91.8,82.0,4.7,32.2,14.01,흐리고 비
248,27.8,32.6,23.7,8.9,0.0,1.0,2.3,4.2,77.8,53.0,10.4,71.2,24.69,흐리고 비
250,26.7,29.5,23.5,6.0,1.7,1.5,4.5,7.0,86.9,74.0,0.0,0.0,10.84,흐리고 비
253,25.8,28.7,23.3,5.4,35.0,1.7,6.2,11.8,96.4,84.0,0.6,4.1,7.68,흐리고 비
254,26.5,31.0,23.2,7.8,0.8,2.0,4.9,10.0,87.8,69.0,6.0,41.4,21.43,흐리고 비
255,27.9,32.4,24.2,8.2,0.0,1.2,2.5,4.7,81.9,59.0,8.2,56.6,21.27,흐리고 비
256,27.9,32.9,22.8,10.1,0.0,1.1,2.4,5.8,78.1,57.0,10.8,75.0,24.6,구름많음
257,27.6,34.0,24.4,9.6,1.9,1.6,4.7,9.0,82.0,59.0,7.3,50.7,22.65,구름많고 비
259,27.4,29.8,25.3,4.5,0.1,1.9,5.1,10.8,85.0,73.0,0.3,2.1,10.6,구름많고 비
262,28.0,32.8,24.5,8.3,0.0,1.0,2.3,4.1,83.1,62.0,7.2,50.3,20.91,구름많고 비
263,29.5,33.9,25.3,8.6,0.0,1.4,3.0,6.2,80.9,63.0,10.7,74.8,23.89,구름많고 비
264,30.1,33.7,26.8,6.9,0.0,1.8,3.7,6.2,79.6,59.0,7.3,51.0,20.32,구름많고 비
265,29.7,32.8,27.6,5.2,0.0,1.9,3.9,6.4,83.5,63.0,4.0,28.0,16.95,구름많음
266,27.9,29.7,26.4,3.3,1.2,2.0,3.8,6.1,91.3,86.0,0.0,0.0,4.96,흐리고 비
267,28.8,30.7,27.5,3.2,0.7,1.7,3.8,6.2,92.4,81.0,0.0,0.0,8.75,흐리고 비
270,28.0,33.1,22.3,10.8,0.0,1.6,4.4,7.9,68.1,54.0,10.3,73.0,26.38,구름많음
271,28.5,31.9,25.7,6.2,10.7,1.6,3.4,7.0,80.8,69.0,3.2,22.7,16.52,구름많고 비
273,27.9,31.8,24.0,7.8,0.0,1.9,4.8,8.2,82.4,67.0,7.3,51.8,19.91,흐리고 비
274,25.1,27.3,23.5,3.8,29.2,0.9,3.0,6.1,97.8,92.0,0.0,0.0,3.86,흐리고 비
275,26.7,31.9,22.3,9.6,9.2,0.9,5.8,9.6,87.5,65.0,8.1,57.9,20.67,구름많고 비
276,29.4,34.1,25.1,9.0,0.0,1.6,3.6,5.8,82.8,60.0,10.1,72.1,24.94,구름많음
278,29.9,34.4,24.5,9.9,0.0,1.8,4.4,7.1,76.5,60.0,12.7,91.4,25.54,구름많음
279,31.8,35.9,27.1,8.8,0.0,1.6,5.8,6.3,73.8,53.0,12.9,92.8,26.56,구름많음
280,31.1,35.6,27.8,7.8,0.0,1.6,3.5,5.8,75.3,56.0,7.4,53.6,21.62,구름많고 비
281,29.4,34.2,25.6,8.6,0.0,1.3,3.3,5.8,76.8,54.0,11.2,81.2,24.26,흐리고 비
282,28.1,31.9,25.0,6.9,0.0,0.9,3.0,4.8,78.8,54.0,1.5,10.9,15.83,구름많음
285,27.1,32.5,24.1,8.4,0.0,0.8,4.7,9.3,83.4,57.0,7.1,51.8,22.31,구름많음
286,27.2,31.5,23.1,8.4,0.0,1.5,3.3,6.4,76.3,58.0,8.3,60.6,21.7,구름많음
289,22.9,24.0,21.3,2.7,34.4,1.8,4.4,8.3,98.0,95.0,0.0,0.0,3.68,흐리고 비
291,25.7,30.1,22.9,7.2,1.2,1.2,3.2,5.3,87.0,67.0,5.2,38.5,17.79,흐리고 비
292,26.1,30.4,23.0,7.4,0.0,1.1,2.5,4.7,83.8,64.0,7.5,55.6,19.45,흐리고 비
293,25.1,30.4,23.0,7.4,10.2,1.4,6.4,11.4,92.4,66.0,3.6,26.9,13.96,구름많고 비
295,24.7,27.5,23.1,4.4,36.1,1.2,4.6,8.0,97.1,87.0,0.1,0.7,6.86,흐리고 비
296,27.4,31.1,24.0,7.1,0.7,1.4,4.7,7.3,88.4,69.0,8.4,63.2,19.4,구름많고 비
297,28.9,32.2,25.7,6.5,2.1,1.7,5.5,8.9,85.0,71.0,7.1,53.4,18.7,구름많고 비
298,27.5,29.8,25.1,4.7,49.8,2.3,4.7,11.0,91.0,81.0,3.0,22.6,9.99,흐리고 비
299,26.1,31.3,21.8,9.5,0.0,1.2,3.1,5.8,74.4,46.0,10.1,76.5,25.87,구름많고 비
300,23.3,29.4,18.8,10.6,0.0,1.0,2.9,6.1,65.9,33.0,11.7,88.6,27.04,구름많음
301,24.0,30.4,18.0,12.4,0.0,0.9,2.6,5.0,68.4,40.0,9.6,73.3,24.29,구름많음
303,21.0,26.3,18.0,8.3,0.0,1.6,3.3,6.6,69.1,38.0,10.8,82.4,25.66,구름많고 비
305,21.5,27.3,16.0,11.3,0.0,1.1,3.3,7.0,75.5,49.0,11.1,85.4,24.57,구름많음
306,22.1,28.0,16.6,11.4,0.0,1.3,4.1,7.0,71.1,41.0,12.3,94.6,26.86,구름조금
307,21.4,26.2,16.7,9.5,0.0,1.4,4.6,7.4,70.0,47.0,10.4,80.6,21.93,구름조금
308,22.2,28.6,16.0,12.6,0.0,1.5,3.3,6.1,67.8,38.0,11.0,85.3,26.01,구름조금
309,22.4,28.0,17.3,10.7,0.0,1.7,4.4,7.7,70.0,39.0,8.5,65.9,21.18,구름조금
310,21.2,23.3,19.2,4.1,0.8,1.0,3.4,5.7,86.8,76.0,0.0,0.0,6.63,흐리고 비
311,20.9,23.1,18.4,4.7,1.4,0.7,1.9,3.9,92.5,82.0,0.0,0.0,5.53,흐리고 비
312,21.9,27.1,18.3,8.8,0.0,0.7,2.1,4.4,85.4,60.0,5.2,40.9,15.98,구름많음
313,22.7,28.3,18.5,9.8,0.0,0.9,2.4,4.2,82.5,56.0,6.1,48.0,18.51,구름조금
314,22.4,27.8,17.7,10.1,0.0,0.8,2.0,3.7,84.0,58.0,4.8,37.8,16.41,구름많음
315,22.7,26.5,18.5,8.0,0.0,0.8,3.7,5.7,85.6,65.0,1.1,8.7,11.23,흐림
317,21.9,28.2,17.6,10.6,0.0,1.3,5.2,6.7,79.0,52.0,10.6,84.1,22.27,구름많음
318,20.1,27.4,14.3,13.1,0.0,1.1,2.9,5.6,67.6,37.0,11.6,92.8,24.62,구름조금
319,20.9,27.5,13.9,13.6,0.0,1.4,3.7,6.5,71.5,47.0,11.7,93.6,24.55,구름조금
322,21.5,27.7,16.7,11.0,0.0,1.5,3.6,6.4,75.1,58.0,6.9,55.6,18.04,구름많음
323,21.3,26.7,16.3,10.4,0.0,1.5,4.5,7.9,78.1,52.0,10.8,87.8,21.21,구름많음
324,22.8,27.2,17.9,9.3,0.5,2.0,4.7,10.0,82.3,66.0,6.4,52.0,15.42,구름많고 비
326,18.7,25.9,12.1,13.8,0.0,1.0,2.6,5.5,73.8,41.0,11.5,94.3,23.37,구름많음
327,20.2,26.6,14.4,12.2,0.0,1.0,2.5,4.4,74.4,42.0,11.0,90.2,21.05,구름많음
329,22.4,27.2,18.7,8.5,0.0,1.1,3.2,5.5,85.0,63.0,6.3,52.1,15.08,구름많음
330,23.1,28.8,19.0,9.8,0.0,1.0,3.5,6.2,80.5,50.0,8.3,69.2,18.79,구름많음
331,23.5,29.2,17.3,11.9,0.0,1.5,4.6,7.0,73.5,47.0,8.2,68.3,19.28,흐리고 비
333,20.1,24.8,15.8,9.0,0.0,1.7,3.9,8.0,67.5,33.0,10.2,85.7,21.2,구름조금
334,15.8,21.6,10.5,11.1,0.0,1.1,2.9,5.6,62.0,24.0,10.5,88.2,19.62,구름많음
335,17.5,25.9,9.8,16.1,0.0,1.1,2.8,4.7,74.0,43.0,10.6,89.1,20.16,구름많음
337,19.1,23.4,15.9,7.5,3.0,0.7,1.8,4.0,93.6,79.0,1.3,11.0,8.12,흐리고 비
338,18.0,22.9,14.6,8.3,0.0,0.8,2.4,4.9,78.5,57.0,7.1,60.2,17.28,구름많고 비
341,16.9,18.6,15.0,3.6,1.5,0.8,2.7,5.2,88.1,70.0,0.1,0.9,5.26,구름많고 비
342,19.9,24.8,16.9,7.9,0.0,0.7,3.0,6.2,86.4,65.0,5.0,43.1,14.22,구름많음
343,20.8,27.0,16.5,10.5,0.0,0.8,2.5,5.2,83.5,55.0,8.9,76.7,17.12,구름많음
344,21.6,26.1,17.6,8.5,0.0,0.7,1.8,3.7,83.4,62.0,6.2,53.9,12.87,구름많음
345,22.3,26.1,17.9,8.2,0.0,1.0,2.7,4.7,84.3,66.0,5.0,43.5,12.58,구름많고 비
346,17.5,22.1,13.4,8.7,6.0,1.4,4.2,7.9,92.3,85.0,0.1,0.9,3.77,구름많고 비
348,11.6,18.2,5.8,12.4,0.0,1.1,3.1,6.0,76.6,36.0,8.9,78.1,18.62,구름많음
349,13.5,18.9,8.4,10.5,0.0,1.2,3.5,8.6,66.5,31.0,7.7,68.1,17.06,구름조금
350,15.0,19.9,9.7,10.2,0.0,1.9,4.7,8.2,70.4,54.0,5.0,44.2,11.99,구름많음
351,16.0,21.0,12.6,8.4,0.0,1.3,3.8,6.4,71.1,52.0,4.4,38.9,11.15,구름많음
352,15.7,22.6,9.2,13.4,0.0,1.1,3.2,5.8,74.8,43.0,10.1,90.2,17.54,구름조금
354,16.1,21.4,11.4,10.0,0.0,1.4,3.5,5.8,72.6,50.0,8.0,71.4,14.45,구름많음
355,16.1,22.8,11.1,11.7,0.0,1.0,2.3,4.6,73.8,45.0,10.1,91.0,17.18,구름많음
356,15.7,22.6,9.8,12.8,0.0,1.1,3.0,5.3,76.1,43.0,10.0,90.1,17.16,구름조금
357,15.7,22.5,10.0,12.5,0.0,2.1,4.7,10.4,65.4,43.0,7.9,71.8,15.34,구름많음
358,13.0,18.7,9.1,9.6,0.0,1.5,3.5,7.6,63.8,39.0,9.8,89.1,16.83,구름많음
359,12.4,19.3,6.9,12.4,0.0,1.0,2.7,5.8,74.5,43.0,9.1,82.7,15.44,구름많음
360,12.4,19.7,6.6,13.1,0.0,0.9,2.5,5.1,74.8,47.0,9.4,86.2,16.06,구름조금
361,12.8,18.7,7.8,10.9,0.0,0.7,2.0,4.2,76.1,45.0,4.2,38.5,11.59,구름조금
362,14.3,19.5,11.2,8.3,0.0,0.8,1.7,3.5,74.5,49.0,2.6,23.9,8.97,구름많음
363,15.5,23.1,9.2,13.9,0.0,1.3,3.8,6.4,78.3,45.0,9.0,83.3,15.27,구름많음
364,11.6,18.2,5.6,12.6,0.0,1.8,5.6,10.4,71.9,36.0,8.3,76.9,12.81,구름조금
365,7.0,13.8,1.4,12.4,0.0,1.3,3.6,7.1,52.9,25.0,9.9,91.7,16.92,구름많음
366,8.8,17.2,0.4,16.8,0.0,1.0,3.0,5.1,66.6,38.0,9.8,91.6,16.44,구름조금
367,13.1,19.0,7.3,11.7,0.0,1.3,4.3,7.7,74.8,53.0,6.9,64.5,14.03,구름많음
368,13.9,19.1,10.9,8.2,0.0,0.7,1.7,3.9,83.6,59.0,3.5,32.7,8.85,구름많고 비
369,11.3,17.6,7.6,10.0,0.3,1.6,4.3,9.0,78.0,42.0,4.3,40.6,7.01,구름많고 비
370,7.7,13.9,3.2,10.7,0.0,1.1,2.8,7.3,65.3,44.0,9.2,86.8,14.62,구름조금
371,7.3,14.7,0.9,13.8,0.0,1.0,2.9,5.7,75.3,47.0,9.4,88.7,15.06,구름조금
372,9.2,17.1,1.7,15.4,0.0,1.0,2.4,4.0,75.0,46.0,9.2,87.6,14.46,구름많음
374,13.8,18.9,7.0,11.9,0.7,1.6,4.1,8.2,70.1,34.0,8.1,77.1,12.72,구름많고 비
375,8.7,16.8,2.4,14.4,0.0,0.9,2.0,3.2,60.5,29.0,9.4,90.4,14.23,구름많음
377,6.0,12.1,2.0,10.1,0.0,1.5,3.9,7.7,61.4,36.0,9.2,88.5,14.37,구름조금
378,5.4,13.4,-0.9,14.3,0.0,1.0,2.2,4.4,68.8,34.0,9.2,88.5,13.87,구름조금
379,7.3,12.2,0.7,11.5,0.0,1.1,3.1,5.7,69.6,43.0,1.5,14.6,6.49,구름많고 비
380,8.8,13.9,4.3,9.6,0.0,2.0,4.6,9.0,59.0,26.0,8.8,85.4,12.24,구름많고 비
382,2.6,8.9,-2.3,11.2,0.0,1.2,2.4,5.1,54.4,26.0,9.3,91.2,13.65,구름많음
385,-0.4,3.7,-5.8,9.5,0.0,1.1,3.0,6.5,54.3,30.0,7.2,71.3,10.51,구름많음
386,3.7,9.1,-2.0,11.1,0.0,1.4,3.2,6.6,62.0,34.0,7.7,76.2,11.92,구름많음
387,2.5,9.9,-2.8,12.7,0.0,1.0,2.7,4.6,65.5,32.0,9.0,89.1,13.8,구름조금
388,4.7,10.1,-0.7,10.8,0.1,1.7,5.0,8.5,70.5,46.0,2.3,22.8,3.98,구름많고 비
389,1.1,6.0,-2.4,8.4,2.1,1.6,4.8,9.4,72.3,53.0,4.5,45.0,8.07,구름많고 눈/비
391,6.1,11.2,-1.6,12.8,0.0,2.0,4.9,10.1,71.4,54.0,5.7,57.0,8.58,구름많고 비
393,3.1,10.4,-2.4,12.8,0.0,0.9,1.9,3.3,79.4,50.0,8.3,83.0,11.09,구름많음
394,5.8,12.8,0.2,12.6,0.0,1.0,2.7,5.5,84.1,61.0,2.7,27.3,6.66,구름많음
395,6.4,10.7,1.7,9.0,0.0,1.6,4.7,8.6,53.1,15.0,6.4,64.6,9.87,구름많음
398,2.0,7.6,-2.5,10.1,0.0,0.8,1.9,3.4,56.1,37.0,6.8,68.7,9.1,구름많음
399,5.6,12.8,-1.1,13.9,0.0,0.9,2.6,6.0,75.0,55.0,4.2,42.9,7.96,구름많고 비
401,-3.2,1.8,-7.6,9.4,0.0,1.3,3.3,6.5,51.6,29.0,8.8,89.8,12.09,구름많고 눈
404,-1.7,2.6,-4.1,6.7,0.0,1.8,4.4,8.6,55.3,36.0,8.6,87.8,11.36,구름많고 눈/비
405,1.2,4.8,-1.6,6.4,0.0,0.9,2.2,3.9,73.5,54.0,1.9,19.4,6.31,구름많고 눈/비
406,3.1,8.1,-1.0,9.1,3.0,1.7,5.5,11.0,83.6,62.0,2.3,23.7,4.91,구름많고 눈/비
407,-4.2,0.0,-8.2,8.2,0.6,2.1,5.4,10.3,70.5,56.0,2.4,24.7,6.19,구름많고 눈
409,-5.9,0.5,-9.9,10.4,0.0,1.4,3.7,8.2,55.3,17.0,8.8,90.7,12.15,구름많음
410,-4.9,0.8,-11.0,11.8,0.0,0.8,1.7,3.1,60.0,34.0,5.7,58.8,9.12,구름많음
411,-1.3,3.6,-8.1,11.7,0.0,1.0,3.0,4.9,50.5,21.0,5.7,58.8,8.75,구름많고 눈
412,-2.1,2.1,-5.7,7.8,0.0,2.1,4.3,8.5,53.6,25.0,6.9,71.1,9.76,구름많고 눈
413,-5.1,0.4,-9.4,9.8,0.0,1.1,2.7,6.4,57.0,36.0,8.6,88.7,11.58,구름많음
417,-0.6,4.5,-3.9,8.4,0.0,0.9,3.2,5.9,77.3,38.0,8.1,83.5,7.42,구름많고 눈
418,1.9,9.1,-3.9,13.0,0.0,0.9,4.0,6.5,74.8,54.0,5.3,54.6,5.05,구름많음
419,3.9,11.5,-1.1,12.6,0.0,0.7,3.3,5.8,81.3,52.0,5.7,58.8,4.39,구름많고 눈/비
421,-0.2,3.2,-2.8,6.0,0.0,2.3,4.2,8.5,56.0,31.0,8.6,88.7,7.64,구름많음
424,-1.6,3.0,-6.9,9.9,0.0,0.8,2.5,4.9,57.9,43.0,4.2,43.3,4.04,구름많음
425,2.9,6.2,-0.5,6.7,0.0,0.8,2.1,3.7,78.9,68.0,0.0,0.0,1.47,구름많음
426,3.5,7.6,0.1,7.5,0.9,0.9,2.4,4.0,80.8,60.0,2.7,27.8,2.84,흐리고 비/눈
427,1.3,5.6,-2.2,7.8,0.5,1.9,4.8,9.4,65.8,30.0,8.1,83.5,6.48,구름많고 눈
428,23.4,31.1,15.9,15.2,0.0,1.2,3.4,7.5,58.4,25.0,13.5,93.1,31.31,구름조금
429,23.4,31.5,15.8,15.7,0.0,1.3,3.2,6.6,50.1,21.0,13.0,89.7,31.34,구름많음
431,23.5,29.3,18.1,11.2,0.0,1.5,4.0,7.5,56.6,35.0,7.8,53.8,24.41,구름조금
433,24.6,30.7,18.7,12.0,0.0,1.1,2.8,5.9,67.8,42.0,11.2,76.7,29.55,구름많음
434,24.6,30.6,20.5,10.1,0.0,1.0,2.5,4.8,71.0,44.0,8.3,56.8,25.12,구름많음
435,22.5,27.7,19.5,8.2,0.0,1.3,3.0,6.1,74.1,50.0,7.0,47.9,22.59,구름많음
438,20.4,23.7,18.1,5.6,0.0,2.4,5.2,9.3,71.4,59.0,1.1,7.5,13.74,구름많음
440,22.8,28.7,16.5,12.2,0.0,1.8,5.2,8.5,69.9,46.0,7.1,48.6,22.09,구름조금
444,23.5,29.9,17.4,12.5,0.0,1.2,3.4,5.6,68.3,42.0,6.4,43.8,21.09,구름많음
445,25.7,32.2,20.3,11.9,0.0,1.1,2.5,5.5,64.1,38.0,10.3,70.1,26.28,구름조금
447,23.4,29.3,18.6,10.7,0.0,1.3,3.0,5.6,74.9,43.0,9.4,64.4,23.79,구름조금
448,23.7,30.1,18.9,11.2,0.0,1.5,4.0,7.7,59.4,27.0,10.5,71.4,28.73,구름조금
449,25.0,32.3,17.2,15.1,0.0,1.2,2.4,5.3,53.3,25.0,9.1,61.9,26.71,구름많음
450,24.5,30.4,20.1,10.3,0.0,1.8,5.0,8.2,57.4,34.0,8.7,59.2,24.97,구름많음
451,26.2,33.8,19.4,14.4,0.0,1.5,3.4,6.6,64.4,34.0,11.6,79.5,29.14,구름많음
452,26.6,32.9,19.3,13.6,0.0,1.1,3.2,5.6,55.8,35.0,5.8,39.7,19.9,구름많음
453,24.0,26.9,21.3,5.6,30.3,1.8,5.1,10.4,87.6,55.0,0.0,0.0,2.61,흐리고 비
454,25.4,29.9,22.9,7.0,50.4,2.2,4.2,9.6,84.0,62.0,8.3,56.8,25.92,흐리고 비
457,24.9,28.6,22.5,6.1,22.4,1.4,5.2,10.4,87.5,68.0,0.9,6.2,9.43,흐리고 비
459,22.8,24.4,21.0,3.4,43.9,1.0,3.6,6.3,97.6,92.0,0.2,1.4,5.7,흐리고 비
460,25.5,28.6,22.4,6.2,0.0,2.0,5.6,8.9,84.9,72.0,3.8,26.0,16.04,흐리고 비
461,26.6,30.6,23.4,7.2,0.0,1.6,4.2,8.1,82.0,69.0,8.1,55.5,21.51,흐리고 비
462,25.5,30.7,23.2,7.5,19.4,1.2,3.1,5.9,88.0,64.0,3.7,25.3,15.04,흐리고 비
466,20.5,21.8,19.3,2.5,35.5,2.7,4.7,8.0,92.1,80.0,0.0,0.0,3.94,흐리고 비
467,26.2,31.6,20.5,11.1,0.0,1.7,3.5,5.8,80.0,65.0,5.9,40.7,20.5,구름많음
469,29.0,32.9,25.8,7.1,0.0,1.4,3.6,5.8,77.3,62.0,10.2,70.3,24.32,구름많음
470,28.8,32.5,26.1,6.4,0.0,1.1,2.6,5.8,76.3,54.0,7.5,52.1,19.03,구름많음
471,28.7,32.9,25.4,7.5,0.0,1.2,2.8,5.5,74.6,58.0,10.0,69.4,24.65,구름많음
472,29.4,34.4,24.7,9.7,0.0,1.0,2.5,4.8,73.3,52.0,13.4,93.1,29.86,구름많음
473,29.7,34.3,25.7,8.6,0.0,1.1,3.2,6.5,71.0,49.0,11.5,79.9,26.1,구름많음
474,29.0,33.5,25.4,8.1,0.0,1.5,3.9,6.5,70.1,52.0,11.2,77.8,25.84,구름많음
475,29.0,33.0,24.8,8.2,0.0,0.9,2.2,4.6,75.1,57.0,9.1,63.2,22.79,구름많음
476,29.2,34.7,24.8,9.9,0.0,1.0,2.4,4.9,70.6,53.0,11.1,77.6,27.28,구름많음
477,29.9,35.3,23.7,11.6,0.0,0.8,2.1,4.7,71.9,54.0,11.6,81.1,25.01,구름많음
478,30.8,36.3,25.6,10.7,0.0,0.9,2.4,5.9,68.3,47.0,11.4,79.7,27.66,구름조금
479,30.9,36.5,25.6,10.9,0.0,0.9,2.8,6.4,68.5,51.0,8.5,59.4,19.56,구름조금
480,30.8,35.3,26.5,8.8,0.0,1.0,2.2,5.0,68.9,50.0,10.3,72.5,24.03,구름조금
481,31.3,36.3,26.2,10.1,0.0,1.1,2.9,5.6,70.8,52.0,10.6,74.6,22.72,구름조금
482,30.6,34.4,27.5,6.9,0.0,1.8,3.9,7.0,73.0,56.0,9.9,69.7,21.9,구름조금
483,30.7,35.5,26.2,9.3,0.0,1.1,2.5,6.0,72.4,52.0,9.3,65.5,23.9,구름많음
484,31.2,37.3,26.2,11.1,0.0,1.1,2.6,4.9,71.4,47.0,11.1,78.7,28.15,구름조금
486,30.1,35.4,25.5,9.9,0.0,1.7,4.1,8.2,69.5,43.0,11.5,81.6,24.27,구름조금
487,30.5,35.8,26.0,9.8,0.0,2.4,5.3,8.8,66.5,48.0,10.2,72.3,23.95,구름조금
488,31.4,37.2,25.4,11.8,0.0,2.1,4.5,8.0,62.5,42.0,13.4,95.7,29.89,구름조금
489,32.9,38.9,26.3,12.6,0.0,1.6,4.5,8.7,58.3,34.0,13.3,95.0,29.75,구름조금
490,33.4,38.6,27.6,11.0,0.0,1.9,3.7,6.9,56.3,40.0,13.0,92.9,29.5,구름조금
491,32.8,37.8,27.5,10.3,0.0,1.4,2.8,5.3,61.5,45.0,8.5,60.7,22.12,구름조금
492,31.3,35.7,28.0,7.7,0.0,1.4,3.9,7.1,69.0,50.0,7.8,56.1,20.93,구름조금
493,30.6,35.0,26.8,8.2,0.0,1.6,3.7,7.2,73.3,55.0,8.6,61.9,22.71,구름조금
494,30.8,35.7,27.0,8.7,0.0,1.2,3.5,5.9,74.5,52.0,7.1,51.1,20.51,구름많음
495,31.5,36.7,27.6,9.1,0.0,1.8,3.9,6.5,72.0,50.0,8.0,58.0,21.92,구름많음
496,31.2,36.4,27.9,8.5,0.0,1.3,3.0,6.0,67.1,43.0,9.7,70.3,23.62,구름조금
497,30.4,35.7,26.6,9.1,0.0,0.9,2.8,6.0,74.4,51.0,7.4,53.6,19.77,구름많음
498,30.9,36.3,27.5,8.8,0.0,1.7,5.0,8.6,72.6,51.0,7.3,53.3,21.19,구름많음
501,31.2,38.0,26.2,11.8,0.0,1.2,5.9,9.5,73.3,48.0,9.1,66.9,21.87,구름많음
502,32.3,38.1,27.4,10.7,0.0,1.1,2.7,5.3,65.1,42.0,11.3,83.1,24.43,구름많음
503,32.9,39.4,26.8,12.6,0.0,2.0,5.9,9.7,57.6,30.0,12.4,91.2,27.69,구름많음
506,26.7,32.5,20.4,12.1,0.0,2.1,4.8,8.7,54.6,36.0,12.0,88.9,27.7,구름조금
507,28.2,34.7,21.4,13.3,0.0,1.2,2.5,4.7,58.6,33.0,11.4,85.1,26.44,구름조금
508,29.4,35.3,24.2,11.1,0.0,2.0,5.2,8.3,61.1,42.0,7.7,57.5,20.17,구름조금
509,27.7,30.7,25.8,4.9,0.0,1.9,4.2,10.3,70.1,50.0,1.9,14.2,11.67,구름많음
512,25.2,26.7,23.7,3.0,20.3,2.0,4.1,10.9,90.1,80.0,0.3,2.3,6.25,흐리고 비
513,25.1,27.8,23.4,4.4,0.0,1.7,3.4,6.6,78.1,59.0,1.0,7.6,11.46,구름많음
515,23.6,25.6,20.4,5.2,53.0,1.2,4.4,7.7,97.9,95.0,0.0,0.0,4.0,흐리고 비
517,27.7,32.2,23.9,8.3,0.0,1.6,4.3,7.9,80.8,53.0,7.5,57.3,23.05,구름많고 비
520,24.4,29.5,20.6,8.9,0.0,2.4,6.2,10.6,77.9,54.0,10.7,82.3,22.97,구름많음
524,23.9,28.6,19.2,9.4,0.0,1.8,4.0,8.1,68.9,42.0,11.8,92.2,24.19,구름많음
526,22.0,25.7,18.9,6.8,0.9,1.8,4.0,7.4,76.5,47.0,4.6,35.9,14.62,흐리고 비
527,20.8,26.7,14.6,12.1,0.0,1.2,3.0,5.8,68.9,41.0,11.1,87.4,25.04,구름많음
528,21.9,28.2,15.8,12.4,0.0,0.9,3.0,5.6,68.8,30.0,11.9,93.7,23.25,구름조금
529,22.1,27.5,17.6,9.9,0.0,2.4,5.2,9.8,64.0,44.0,11.2,88.9,21.6,구름조금
531,22.3,28.0,15.5,12.5,0.0,1.7,4.0,8.1,71.9,53.0,10.1,80.2,22.46,구름많음
533,21.9,23.1,20.1,3.0,6.4,1.2,3.2,6.6,90.5,86.0,0.0,0.0,5.41,흐리고 비
534,22.6,24.2,21.1,3.1,0.2,1.3,3.3,5.5,90.3,83.0,0.0,0.0,6.03,흐리고 비
535,22.6,25.5,20.8,4.7,0.0,0.5,1.9,4.2,88.4,77.0,0.3,2.4,7.48,구름많음
536,22.7,27.7,19.3,8.4,0.0,0.8,3.0,5.2,76.9,47.0,9.6,77.4,21.01,구름조금
537,21.8,28.1,16.5,11.6,0.0,1.0,3.3,6.1,66.6,39.0,10.8,87.8,22.75,구름조금
538,21.4,25.3,17.1,8.2,0.0,0.6,1.7,3.0,74.0,53.0,0.3,2.4,10.24,구름많음
539,21.0,22.0,19.1,2.9,0.2,1.8,4.7,8.1,85.4,80.0,0.0,0.0,4.0,흐리고 비
540,19.7,20.8,18.9,1.9,32.9,1.1,4.2,7.2,95.6,80.0,0.0,0.0,4.81,흐리고 비
541,20.9,26.1,16.3,9.8,0.0,1.3,3.2,6.8,78.1,40.0,9.9,81.1,20.65,구름조금
542,18.9,25.3,14.9,10.4,0.0,1.2,4.0,8.9,73.5,47.0,7.8,64.5,16.29,구름많음
543,16.9,22.7,13.0,9.7,0.0,1.1,3.8,6.8,70.8,34.0,8.6,71.1,18.86,구름많음
544,17.4,24.1,9.9,14.2,0.0,1.6,4.3,7.2,69.0,39.0,11.4,94.2,23.3,구름조금
545,18.7,23.5,15.4,8.1,0.0,2.1,5.0,8.3,67.9,53.0,5.7,47.5,15.25,구름조금
546,18.6,24.7,12.6,12.1,0.0,1.7,3.9,7.7,65.8,40.0,11.4,95.0,22.29,구름조금
547,17.6,21.0,13.0,8.0,0.0,1.5,3.5,6.1,75.8,62.0,2.1,17.6,8.93,구름많음
548,20.0,25.8,13.7,12.1,0.0,1.7,4.3,7.5,72.5,45.0,10.6,89.1,22.11,구름조금
549,18.6,24.8,14.6,10.2,0.0,1.9,5.9,11.4,64.6,33.0,10.6,89.1,19.74,구름많음
551,15.8,22.1,10.6,11.5,0.0,1.0,2.4,5.5,73.8,43.0,10.0,84.7,17.78,구름많음
552,16.0,22.9,10.1,12.8,0.0,0.9,2.2,4.5,75.4,40.0,11.0,93.2,21.58,구름많음
556,17.2,23.2,12.3,10.9,0.0,1.0,3.5,6.0,77.1,50.0,10.2,87.9,18.18,구름많음
557,13.8,20.4,9.0,11.4,0.0,0.9,2.7,5.6,72.4,42.0,8.1,69.8,17.41,구름조금
559,13.9,17.6,8.4,9.2,0.0,2.3,5.4,9.3,64.8,43.0,7.6,66.1,16.24,구름많음
560,10.7,15.9,5.8,10.1,0.0,1.4,4.3,8.9,66.6,38.0,8.1,70.4,15.65,구름조금
561,10.8,17.5,5.2,12.3,0.0,0.7,3.6,6.8,69.6,40.0,10.7,93.9,19.87,구름조금
562,11.7,19.6,4.9,14.7,0.0,0.9,1.9,3.9,74.8,37.0,10.5,92.1,19.2,구름조금
563,13.2,19.7,6.9,12.8,0.0,0.8,2.3,4.5,73.0,46.0,9.8,86.7,17.7,구름조금
564,14.2,20.7,8.1,12.6,0.0,0.7,2.1,4.7,80.4,55.0,9.0,79.6,15.17,구름조금
566,12.5,19.6,7.7,11.9,0.0,1.0,3.2,6.3,70.5,32.0,10.1,90.2,17.76,구름조금
568,12.2,18.6,7.5,11.1,0.0,0.9,2.4,5.3,74.3,43.0,10.3,92.0,18.59,구름조금
569,12.1,20.7,5.6,15.1,0.0,0.8,2.1,3.8,72.1,30.0,10.3,92.8,18.01,구름조금
570,12.1,21.0,5.4,15.6,0.0,0.9,2.0,4.0,69.1,31.0,10.1,91.0,17.68,구름조금
571,13.4,21.0,8.1,12.9,0.0,0.8,1.6,3.5,72.8,41.0,5.8,52.7,13.11,구름조금
572,12.7,19.6,8.4,11.2,0.4,1.1,3.9,6.3,85.3,62.0,5.1,46.4,10.39,구름많고 비
573,12.6,19.3,7.6,11.7,0.0,0.8,2.2,4.8,76.5,46.0,9.9,90.0,17.37,구름조금
574,12.8,21.5,6.7,14.8,0.0,0.8,2.8,5.2,74.5,33.0,7.7,70.6,15.56,구름조금
578,9.1,14.0,6.3,7.7,0.2,1.2,4.1,8.5,82.4,54.0,3.2,29.6,7.29,구름많고 비
579,6.8,12.8,1.5,11.3,0.0,1.2,3.5,7.3,69.5,45.0,10.0,92.6,16.86,구름많음
580,8.1,14.5,3.8,10.7,0.0,1.2,3.3,6.3,71.1,40.0,8.6,80.4,15.93,구름많음
581,7.7,15.9,1.4,14.5,0.0,1.0,2.5,4.9,71.0,34.0,9.9,92.5,15.88,구름조금
582,9.2,18.5,1.8,16.7,0.0,0.9,2.0,3.4,69.8,33.0,9.9,92.5,15.94,구름조금
583,10.0,19.1,3.0,16.1,0.0,0.8,2.1,3.9,68.6,31.0,9.7,91.5,15.1,구름조금
584,10.2,18.8,3.7,15.1,0.0,0.9,2.5,5.0,70.6,36.0,9.6,90.6,14.99,구름조금
585,10.5,17.8,4.0,13.8,0.0,0.8,2.0,4.2,72.5,40.0,9.3,87.7,13.12,구름조금
586,11.5,19.4,5.2,14.2,0.0,0.7,1.8,2.9,74.6,42.0,6.3,60.0,11.49,구름많음
590,11.1,17.4,6.3,11.1,0.0,1.0,3.4,6.2,84.8,63.0,6.3,60.6,9.82,구름조금
591,9.5,11.6,6.7,4.9,0.0,0.6,2.0,4.8,91.3,81.0,0.0,0.0,3.38,구름많음
592,8.8,14.7,4.6,10.1,0.0,1.0,2.7,5.1,66.5,39.0,9.3,89.4,13.92,구름조금
593,8.3,15.5,3.0,12.5,0.0,0.9,2.0,4.0,74.8,50.0,6.3,61.2,11.77,구름조금
594,9.0,16.8,3.3,13.5,0.0,0.8,2.0,3.6,74.8,42.0,9.3,90.3,13.69,구름많음
595,9.1,16.6,3.3,13.3,0.0,0.7,2.3,3.8,76.6,45.0,9.0,87.4,11.45,구름조금
596,9.7,14.2,6.2,8.0,0.0,0.8,3.0,5.5,76.3,49.0,1.1,10.8,6.39,구름많음
597,6.8,13.0,2.2,10.8,0.0,1.2,2.4,5.1,59.9,27.0,9.1,89.2,13.4,구름많음
598,5.5,11.3,0.8,10.5,0.0,0.7,1.7,3.2,66.5,44.0,3.2,31.4,6.9,구름많음
599,8.6,14.7,2.8,11.9,0.0,1.0,3.1,6.2,64.1,35.0,8.4,82.4,12.78,구름조금
600,6.2,14.0,0.5,13.5,0.0,0.9,2.0,3.6,50.1,19.0,9.0,89.1,12.88,구름조금
601,4.6,11.1,1.8,9.3,0.4,1.2,5.0,9.7,74.3,44.0,0.9,8.9,4.65,구름많고 비
602,3.8,9.3,-0.9,10.2,0.0,1.5,4.5,8.9,59.8,27.0,9.0,89.1,13.43,구름많음
603,2.4,8.2,-2.3,10.5,0.0,1.1,2.9,4.9,52.6,20.0,8.2,81.2,12.28,구름조금
604,3.9,6.7,0.0,6.7,10.1,0.8,2.7,5.1,85.4,60.0,0.2,2.0,3.11,구름많고 비
605,6.9,11.4,3.7,7.7,0.0,0.6,2.1,3.9,83.5,59.0,3.1,31.0,7.9,구름많음
606,6.1,14.4,1.2,13.2,0.0,0.7,1.8,3.2,82.5,41.0,5.7,57.0,10.48,구름조금
607,7.7,14.2,0.4,13.8,0.0,0.9,3.9,6.9,82.6,60.0,6.1,61.0,8.62,구름많음
609,4.7,9.4,-0.7,10.1,0.0,0.8,2.1,3.2,55.5,32.0,3.6,36.4,5.95,구름많음
610,5.7,11.6,1.4,10.2,0.0,0.8,1.9,3.9,59.4,38.0,8.7,87.9,11.48,구름많음
611,5.2,12.1,1.0,11.1,0.0,0.8,1.8,3.7,69.3,47.0,4.9,49.5,8.55,구름조금
612,8.0,15.0,0.6,14.4,0.0,0.8,2.6,4.6,73.6,52.0,6.0,60.6,8.59,구름많음
615,1.5,5.3,-2.7,8.0,0.0,1.2,2.5,5.2,59.5,43.0,5.6,57.1,9.22,구름조금
617,-3.7,2.4,-7.1,9.5,0.0,2.9,5.3,11.3,56.9,38.0,7.9,80.6,10.44,구름많고 눈
622,-1.2,4.0,-4.5,8.5,0.0,1.2,2.6,5.4,63.1,33.0,8.6,88.7,9.68,구름많음
624,-2.7,2.6,-6.5,9.1,0.0,1.2,3.1,6.0,59.9,34.0,8.8,90.7,11.63,구름조금
625,-2.5,4.3,-8.2,12.5,0.0,0.8,1.9,3.2,60.6,32.0,7.5,77.3,11.38,구름많음
626,0.7,6.3,-3.6,9.9,0.0,0.8,2.3,4.7,70.5,55.0,3.0,30.9,6.84,구름많고 눈/비
628,2.9,8.9,-2.3,11.2,0.0,1.0,3.7,5.8,70.1,49.0,7.0,72.2,9.52,구름많음
630,4.2,10.0,0.0,10.0,0.0,0.6,1.6,3.1,67.3,28.0,3.6,37.1,6.8,구름많고 비
631,4.6,10.0,-2.6,12.6,0.0,0.7,2.5,5.4,70.0,51.0,4.2,43.3,6.34,구름많음
632,6.6,13.8,0.8,13.0,0.0,0.8,2.0,3.4,67.4,43.0,8.0,82.5,9.99,구름많음
633,5.4,10.6,-0.7,11.3,0.0,2.0,5.0,10.1,51.1,22.0,8.3,85.6,11.08,구름많음
634,-0.9,4.2,-4.9,9.1,0.0,1.0,2.3,4.6,54.6,31.0,8.6,88.7,11.51,구름많음
635,-0.3,4.7,-5.7,10.4,0.0,0.7,2.2,3.1,66.9,48.0,1.8,18.6,5.68,구름많음
636,1.7,5.9,-1.5,7.4,0.0,1.8,4.4,8.2,51.3,25.0,7.4,76.3,10.06,구름많음
639,-6.1,-0.7,-10.7,10.0,0.0,1.7,4.8,8.8,54.6,32.0,8.7,89.7,11.7,구름조금
640,-5.4,0.2,-10.4,10.6,0.0,0.9,2.4,6.2,51.6,29.0,8.7,89.7,12.15,구름조금
641,-4.7,2.5,-10.7,13.2,0.0,0.9,3.0,5.5,56.4,25.0,8.8,90.7,11.98,구름조금
642,19.1,24.5,12.9,11.6,0.0,1.1,2.5,4.5,69.5,48.0,10.1,69.7,22.5,구름많음
643,21.5,28.6,14.6,14.0,0.0,1.0,3.0,5.6,57.9,26.0,13.1,90.3,29.54,맑음
644,23.4,30.9,14.6,16.3,0.0,1.2,4.2,6.6,50.5,30.0,12.5,86.2,29.65,맑음
645,24.3,31.7,17.5,14.2,0.0,1.3,3.4,5.9,55.0,29.0,12.4,85.5,29.62,맑음
646,24.3,30.9,18.1,12.8,0.0,1.5,4.2,6.3,65.0,46.0,11.4,78.6,28.92,구름많음
648,18.8,20.5,16.6,3.9,25.6,1.6,5.5,11.9,94.9,90.0,0.0,0.0,6.3,흐리고 비
651,18.9,23.9,15.1,8.8,11.1,1.7,4.0,6.5,77.4,50.0,2.2,15.1,18.56,흐리고 비
652,21.1,26.2,16.1,10.1,0.0,1.4,3.3,6.2,64.3,43.0,12.2,83.6,28.74,구름많음
653,21.4,27.9,15.7,12.2,0.0,1.1,2.7,4.9,68.9,41.0,12.1,82.9,29.04,맑음
654,23.4,30.1,16.5,13.6,0.0,0.8,2.5,4.5,64.5,33.0,11.6,79.5,29.92,구름많음
655,21.9,25.1,19.3,5.8,0.0,0.9,3.2,6.2,73.0,55.0,1.0,6.8,13.07,구름많음
656,21.9,27.4,16.7,10.7,0.0,1.9,5.6,10.3,68.8,47.0,12.3,84.2,27.69,구름많음
657,21.9,28.2,15.9,12.3,0.0,1.4,2.7,5.4,69.4,40.0,11.4,78.1,29.45,맑음
658,22.2,27.6,17.9,9.7,0.0,2.1,5.1,7.9,66.3,46.0,11.6,79.5,30.07,구름많음
659,21.7,25.8,17.5,8.3,0.1,1.2,4.0,7.6,75.3,59.0,2.3,15.6,14.28,흐리고 비
660,22.7,27.0,19.9,7.1,0.0,0.9,2.3,4.6,77.3,56.0,4.4,30.1,16.68,흐리고 비
662,23.8,29.0,19.8,9.2,0.0,1.3,3.0,6.0,69.9,47.0,10.2,69.4,27.88,구름많음
663,23.9,29.7,19.2,10.5,0.0,1.2,3.5,5.9,72.1,46.0,8.0,54.4,22.16,구름많고 비
664,24.2,29.6,18.5,11.1,0.0,1.2,3.0,5.7,61.1,36.0,13.5,91.8,30.33,구름많고 비
665,24.9,30.6,19.1,11.5,0.0,1.3,2.7,5.3,63.9,44.0,11.9,81.5,27.58,구름많음
666,26.4,33.2,19.0,14.2,0.0,1.2,2.8,5.6,59.1,34.0,12.0,82.2,30.59,맑음
669,25.4,29.9,22.1,7.8,0.0,1.5,4.9,8.1,76.3,58.0,5.0,34.2,20.19,구름많음
670,22.2,24.0,21.4,2.6,12.7,1.2,4.0,6.0,94.6,81.0,0.0,0.0,6.52,흐리고 비
671,24.0,28.1,21.1,7.0,0.0,1.2,3.8,7.2,86.0,65.0,3.5,24.0,16.95,구름많음
672,23.7,27.3,20.7,6.6,0.0,1.5,3.9,6.6,77.4,62.0,3.6,24.7,15.0,구름많음
673,23.8,29.9,17.2,12.7,0.0,1.2,4.2,6.6,72.3,44.0,11.2,76.7,28.0,구름많음
674,24.4,28.8,20.2,8.6,0.0,1.0,2.0,4.1,75.1,58.0,8.1,55.5,21.11,구름많음
675,25.6,32.0,19.2,12.8,0.0,1.0,3.1,5.9,66.8,38.0,12.2,83.6,29.41,구름많음
676,27.7,35.1,20.0,15.1,0.0,1.6,5.0,9.9,56.4,27.0,12.3,84.2,30.71,구름많음
682,21.3,23.2,19.5,3.7,3.7,0.4,1.9,4.0,95.4,89.0,0.0,0.0,6.37,흐리고 비
683,23.5,28.1,19.9,8.2,0.0,1.0,3.1,7.4,79.1,56.0,6.5,44.8,20.61,구름많음
684,24.4,28.8,21.4,7.4,0.0,0.5,3.3,5.5,80.1,58.0,4.1,28.3,18.67,구름많고 비
685,25.9,31.0,21.4,9.6,0.0,0.9,2.9,5.5,76.8,53.0,8.7,60.4,23.49,구름많음
688,26.0,30.0,22.2,7.8,0.0,1.1,3.1,5.4,81.5,62.0,4.9,34.0,19.27,구름많음
689,25.6,28.7,22.8,5.9,4.1,1.4,2.6,4.4,84.0,69.0,1.7,11.8,14.57,흐리고 비
690,26.6,30.0,23.5,6.5,0.0,2.1,6.7,8.5,82.8,71.0,3.7,25.9,15.16,흐리고 비
692,24.8,27.3,22.3,5.0,26.8,1.8,3.6,7.8,93.3,82.0,0.6,4.2,7.37,흐리고 비
693,27.9,32.0,25.4,6.6,0.0,1.7,3.8,6.1,80.6,64.0,8.2,57.3,21.55,흐리고 비
694,29.0,33.1,26.2,6.9,0.0,1.2,3.2,5.9,78.3,58.0,7.6,53.5,22.13,구름많음
695,27.7,29.7,25.5,4.2,0.0,1.3,3.4,5.9,82.6,73.0,0.0,0.0,7.98,흐리고 비
696,26.4,27.8,25.6,2.2,46.5,0.7,2.0,5.9,96.8,86.0,0.0,0.0,2.62,흐리고 비
697,27.0,29.8,25.7,4.1,15.4,1.2,2.8,5.0,93.8,79.0,0.2,1.4,7.73,흐리고 비
698,27.9,31.4,25.1,6.3,9.2,1.1,3.8,6.4,89.4,71.0,5.5,39.0,18.2,흐리고 비
699,26.7,28.8,25.5,3.3,19.6,1.4,4.9,9.3,93.6,82.0,0.7,5.0,8.93,흐리고 비
700,28.5,32.8,24.5,8.3,0.0,1.6,4.4,8.2,77.8,61.0,12.6,89.4,26.98,구름많음
701,29.4,33.3,26.4,6.9,0.0,2.3,5.2,10.6,77.3,63.0,8.0,56.7,22.21,구름많음
702,29.6,33.0,27.4,5.6,0.0,2.1,4.8,9.7,76.1,65.0,11.3,80.7,25.05,구름많음
703,29.5,33.9,26.2,7.7,0.0,1.5,3.2,5.8,76.9,54.0,10.1,72.1,23.7,구름많음
704,30.0,34.2,25.9,8.3,0.0,0.8,2.0,3.8,75.3,53.0,11.4,81.4,27.04,구름많음
705,29.9,35.6,26.0,9.6,0.0,0.9,3.8,7.6,78.4,57.0,8.8,62.9,20.51,구름많음
706,29.8,35.6,25.7,9.9,0.0,0.5,3.9,7.1,79.6,51.0,10.4,74.8,23.73,구름많음
707,30.7,36.0,25.7,10.3,0.0,1.0,3.3,6.3,74.3,49.0,10.3,74.1,24.33,맑음
708,29.7,32.7,26.7,6.0,0.0,1.9,4.5,8.3,67.0,53.0,6.5,46.8,18.73,구름많음
709,28.6,33.3,24.3,9.0,12.4,0.9,3.1,8.5,81.3,63.0,9.9,71.7,25.48,흐리고 비
710,28.5,33.8,26.0,7.8,1.1,0.6,7.2,13.0,82.9,58.0,5.1,37.0,17.58,흐리고 비
714,29.0,32.5,26.2,6.3,1.3,1.6,5.5,8.9,82.5,67.0,1.7,12.4,11.4,흐리고 비
715,29.8,34.3,25.7,8.6,0.0,0.9,3.0,5.0,78.1,59.0,7.2,52.9,16.7,구름많고 비
716,30.1,34.0,26.5,7.5,0.0,2.4,5.2,8.8,70.6,58.0,8.2,60.3,18.7,구름많음
718,26.9,30.7,24.8,5.9,0.6,1.5,4.2,7.8,83.8,64.0,7.4,54.8,18.34,구름많고 비
719,26.3,29.8,23.5,6.3,2.1,2.2,4.9,9.6,81.6,63.0,8.2,60.7,18.4,구름많고 비
720,25.6,30.9,20.5,10.4,0.0,0.7,2.7,5.3,72.5,44.0,11.4,84.4,27.75,구름많음
721,26.5,31.9,21.0,10.9,0.0,0.9,2.2,4.8,73.0,48.0,9.9,73.9,24.06,맑음
722,27.8,32.2,23.5,8.7,0.0,2.1,5.2,9.9,70.0,54.0,10.5,78.4,23.73,맑음
723,27.3,32.0,23.4,8.6,3.7,1.3,5.2,7.9,75.6,58.0,4.8,35.8,16.36,흐리고 비
725,25.2,29.9,22.1,7.8,0.0,1.1,2.6,6.6,75.3,51.0,6.6,49.6,17.76,구름많음
726,23.6,27.1,20.6,6.5,0.0,0.7,2.5,5.7,78.4,61.0,1.6,12.0,12.09,구름많음
727,24.6,29.9,20.1,9.8,0.0,0.3,1.7,4.9,73.9,46.0,10.1,76.5,22.82,구름많음
728,25.9,31.5,19.3,12.2,0.0,0.5,2.9,6.2,72.1,49.0,10.2,77.3,22.82,구름많음
729,22.4,26.1,20.1,6.0,34.6,0.7,3.7,6.9,92.6,75.0,0.0,0.0,6.42,흐리고 비
730,24.2,28.4,21.6,6.8,1.0,0.7,3.1,6.1,86.8,67.0,3.1,23.7,14.12,흐리고 비
733,23.3,28.3,18.3,10.0,0.0,0.8,2.9,5.5,75.4,52.0,10.6,81.5,21.36,구름많음
734,23.5,28.3,18.9,9.4,0.0,0.7,2.5,4.6,79.0,55.0,5.1,39.2,16.64,구름많음
735,22.6,26.7,20.5,6.2,10.2,1.1,3.5,6.0,86.0,64.0,0.2,1.6,10.34,흐리고 비
736,22.3,23.9,20.3,3.6,2.0,0.9,3.6,6.1,95.1,91.0,0.0,0.0,6.82,흐리고 비
737,24.5,28.2,22.2,6.0,2.9,1.3,3.9,6.2,92.0,77.0,1.0,7.8,10.75,흐리고 비
738,24.4,28.2,22.8,5.4,24.0,0.6,4.2,9.6,94.3,80.0,1.3,10.2,8.47,흐리고 비
739,25.6,27.6,22.6,5.0,0.1,1.4,4.2,8.1,89.3,81.0,1.2,9.4,9.57,흐리고 비
741,25.3,29.1,23.3,5.8,0.7,0.7,2.8,4.5,87.5,65.0,0.6,4.7,10.97,흐리고 비
742,24.0,25.3,22.3,3.0,12.1,0.5,2.7,4.4,96.4,93.0,0.0,0.0,6.83,흐리고 비
743,27.2,31.5,23.4,8.1,0.0,1.3,4.2,7.5,78.6,56.0,8.7,68.5,19.56,흐리고 비
746,22.9,28.2,17.2,11.0,0.0,1.7,4.8,8.2,73.9,48.0,11.9,95.2,24.46,맑음
747,23.4,28.2,19.2,9.0,0.0,0.3,3.1,5.3,82.3,64.0,3.7,29.6,14.06,구름많음
748,25.3,30.5,21.4,9.1,0.0,0.6,2.2,4.6,79.0,54.0,8.4,67.2,21.03,구름많음
749,24.5,29.1,21.0,8.1,0.0,0.8,2.5,5.3,70.8,52.0,9.6,77.4,20.63,구름많음
750,23.0,28.5,17.2,11.3,0.0,1.4,3.8,6.5,65.4,37.0,11.7,94.4,24.35,구름많음
751,21.9,28.7,15.6,13.1,0.0,1.5,3.9,7.6,60.1,28.0,11.5,93.5,24.01,구름많음
752,20.2,26.9,13.2,13.7,0.0,1.1,3.3,6.3,66.1,42.0,10.2,82.9,22.88,구름많음
756,17.8,21.7,14.6,7.1,0.1,1.0,2.7,6.6,81.9,60.0,4.2,34.7,14.12,흐리고 비
757,18.3,25.2,12.3,12.9,0.0,0.6,2.8,5.6,78.8,49.0,11.3,93.4,22.65,구름많음
758,18.8,24.0,13.0,11.0,0.0,0.8,2.1,3.4,81.4,57.0,7.0,57.9,15.08,구름많음
759,20.9,25.3,17.5,7.8,0.0,1.5,4.0,7.5,80.9,64.0,4.0,33.3,13.21,구름많음
760,22.7,28.5,17.1,11.4,0.0,0.9,2.8,4.5,78.4,55.0,9.4,78.3,19.11,흐리고 비
761,24.2,29.2,20.3,8.9,0.0,0.8,2.2,4.4,79.0,56.0,7.8,65.0,17.24,흐리고 비
762,22.7,28.5,18.7,9.8,0.0,0.8,2.3,4.5,72.3,47.0,11.0,92.4,20.76,구름많음
763,22.1,29.1,15.9,13.2,0.0,0.9,2.2,4.5,76.6,51.0,10.1,84.9,19.86,맑음
764,22.1,25.8,18.6,7.2,0.0,0.8,2.2,4.4,86.4,76.0,0.0,0.0,7.03,구름많음
766,22.2,26.9,19.5,7.4,11.0,1.9,4.5,9.2,87.0,65.0,5.7,48.3,13.32,흐리고 비
767,22.5,27.5,19.7,7.8,0.0,1.1,4.2,7.5,84.1,58.0,6.2,53.0,15.62,구름많음
768,19.2,21.1,16.5,4.6,0.0,1.5,3.2,5.5,83.8,76.0,0.8,6.8,5.15,구름많음
771,15.6,21.8,9.9,11.9,0.0,1.3,4.8,9.8,75.5,32.0,8.6,74.1,16.41,구름많음
772,13.2,20.2,6.5,13.7,0.0,0.6,1.7,4.6,71.1,38.0,10.6,92.2,19.58,맑음
774,17.4,24.6,11.8,12.8,0.0,0.7,2.2,4.8,74.1,43.0,7.6,66.1,16.66,맑음
775,18.3,24.2,14.0,10.2,0.0,1.5,3.6,6.9,63.5,43.0,10.3,90.4,18.33,구름많음
776,16.7,22.9,10.6,12.3,0.0,1.2,3.8,7.0,68.8,44.0,10.5,92.1,18.9,구름많음
777,14.6,21.1,9.8,11.3,0.0,1.1,3.7,6.8,75.5,53.0,7.9,69.3,13.38,구름많음
778,14.2,20.3,8.2,12.1,0.0,1.4,4.9,9.0,73.1,53.0,8.5,75.2,15.99,구름많음
779,14.5,20.9,9.0,11.9,0.0,0.2,2.0,3.8,75.1,46.0,10.1,89.4,17.25,맑음
780,15.0,20.5,11.3,9.2,0.0,0.9,3.7,6.9,77.6,54.0,4.5,40.2,12.28,구름많음
781,15.8,20.8,11.0,9.8,0.0,1.7,4.9,9.3,81.3,63.0,1.6,14.3,9.06,구름많음
782,16.7,22.9,13.0,9.9,0.0,0.4,2.2,4.8,76.9,45.0,9.2,82.1,16.49,구름많음
783,15.4,22.4,10.8,11.6,0.0,0.2,1.6,3.6,76.1,44.0,9.9,89.2,17.42,맑음
784,15.5,23.3,9.5,13.8,0.0,0.4,3.0,6.3,77.8,43.0,7.7,69.4,16.28,구름많음
785,16.9,23.5,11.0,12.5,0.0,1.1,3.6,6.2,75.1,47.0,10.0,90.1,17.29,구름많음
786,16.5,18.6,12.9,5.7,0.0,1.5,4.1,7.4,74.1,62.0,0.2,1.8,5.52,구름많음
787,18.9,23.6,15.4,8.2,0.0,1.6,4.6,8.5,60.1,47.0,7.7,70.0,14.58,구름많음
788,17.3,23.0,12.0,11.0,0.0,0.9,3.2,6.1,68.8,42.0,6.3,57.3,13.76,구름많음
789,12.7,17.4,8.3,9.1,0.0,1.7,3.4,6.3,66.3,44.0,9.0,82.6,16.24,구름많음
790,10.8,17.4,5.4,12.0,0.0,0.7,2.8,6.3,68.4,35.0,10.0,91.7,17.0,맑음
791,11.9,18.5,4.6,13.9,0.0,1.1,3.2,7.3,69.4,36.0,8.8,81.5,15.67,구름많음
792,14.1,18.4,9.9,8.5,0.8,1.6,3.7,6.6,71.0,40.0,6.1,56.5,11.8,구름많고 비
793,11.6,18.3,5.8,12.5,0.0,0.6,2.2,5.0,73.6,44.0,9.9,91.7,16.35,맑음
794,13.3,20.2,6.0,14.2,0.0,0.9,2.9,6.6,79.6,52.0,9.2,86.0,14.24,구름많음
795,14.6,22.0,10.1,11.9,0.0,0.7,2.3,4.6,73.9,38.0,8.4,78.5,14.21,맑음
796,13.2,19.2,7.1,12.1,0.0,0.5,1.6,2.2,79.1,55.0,4.6,43.0,9.2,구름많음
797,14.4,20.2,10.2,10.0,0.0,0.5,2.2,4.4,76.4,45.0,7.7,72.6,13.25,구름많음
798,13.6,20.8,9.1,11.7,0.0,0.5,1.7,3.3,74.0,44.0,9.2,86.8,13.59,구름많음
799,12.1,19.6,6.4,13.2,0.0,1.2,2.9,5.4,77.1,48.0,9.2,86.8,13.9,맑음
800,11.8,18.5,5.9,12.6,0.0,1.0,2.5,4.1,75.9,43.0,8.7,82.9,13.73,맑음
801,10.8,17.8,5.3,12.5,0.0,1.4,3.7,7.5,66.4,37.0,7.7,73.3,13.03,구름많음
802,6.8,14.6,1.2,13.4,0.0,0.7,2.3,5.2,61.0,25.0,9.6,91.4,15.07,구름많음
803,8.1,17.2,0.6,16.6,0.0,0.7,2.1,4.4,62.5,26.0,9.5,91.3,14.5,맑음
806,9.6,16.1,5.0,11.1,0.0,0.7,2.3,4.3,78.9,42.0,8.0,76.9,11.52,맑음
810,13.0,18.9,8.3,10.6,0.4,0.7,4.3,7.5,81.3,55.0,4.7,46.1,9.51,구름많고 비
813,2.6,5.8,-0.2,6.0,0.0,1.2,3.9,8.7,73.5,49.0,5.1,50.0,8.76,구름많고 눈/비
814,2.0,8.4,-2.4,10.8,0.0,0.4,2.6,4.8,60.9,23.0,9.1,90.1,14.42,맑음
815,4.3,11.0,-2.6,13.6,0.0,0.2,1.4,3.0,62.9,35.0,7.2,71.3,10.29,맑음
816,11.4,18.8,4.7,14.1,0.0,1.0,3.8,6.5,76.3,48.0,8.6,85.1,11.14,구름많음
818,3.6,9.4,1.7,7.7,0.0,1.6,4.0,7.4,70.8,61.0,0.0,0.0,5.64,구름많음
819,7.7,15.8,0.3,15.5,0.0,0.8,2.3,4.8,74.5,43.0,7.0,70.0,11.63,구름많음
820,5.8,8.8,1.6,7.2,0.0,1.3,3.0,5.2,56.8,33.0,4.3,43.0,8.05,구름많음
821,4.6,12.7,-1.0,13.7,0.0,0.7,2.3,4.5,68.6,47.0,8.1,81.8,11.94,구름많음
822,2.9,9.7,-1.6,11.3,0.0,0.8,2.4,5.6,60.6,19.0,8.9,89.9,13.17,구름많음
823,4.9,13.0,-2.5,15.5,0.0,0.5,2.4,5.6,60.3,34.0,7.0,70.7,10.03,구름많음
825,2.7,7.1,-1.4,8.5,0.0,1.8,4.8,8.5,69.6,36.0,7.3,73.7,11.01,구름많음
826,2.3,6.5,-2.5,9.0,0.1,1.1,4.5,8.3,76.3,46.0,3.9,39.8,7.2,구름많고 눈/비
828,-0.6,4.0,-5.5,9.5,0.0,2.2,4.7,9.6,51.4,25.0,8.5,86.7,11.76,맑음
829,-4.4,1.9,-9.6,11.5,0.0,0.9,2.9,5.5,50.0,23.0,8.8,89.8,12.54,맑음
831,1.2,7.7,-2.7,10.4,0.0,0.4,1.8,3.6,74.0,40.0,8.2,83.7,11.9,맑음
832,3.3,11.2,-3.8,15.0,0.0,0.7,2.2,5.0,72.3,48.0,7.4,75.5,9.6,구름많음
833,7.8,13.9,3.0,10.9,0.0,0.7,3.3,7.1,78.3,60.0,3.6,37.1,6.8,구름많고 비
835,1.0,6.5,-2.8,9.3,0.0,1.1,2.9,5.8,56.8,32.0,8.8,90.7,11.78,구름많음
836,0.9,7.4,-4.8,12.2,0.0,0.6,1.9,2.7,58.5,25.0,8.5,87.6,9.63,구름많음
837,4.4,8.9,1.5,7.4,0.6,1.3,3.0,6.5,63.8,33.0,8.2,84.5,10.78,구름많고 눈/비
838,5.4,13.5,-2.2,15.7,0.0,0.9,3.3,5.1,67.1,42.0,8.3,85.6,10.56,구름많음
841,2.7,6.3,0.1,6.2,0.0,1.1,2.5,4.6,75.0,56.0,3.1,32.0,6.45,구름많음
842,0.8,6.1,-2.7,8.8,0.0,1.2,4.0,6.8,56.6,27.0,8.4,86.6,11.32,맑음
844,0.3,6.5,-4.5,11.0,0.0,0.9,2.8,4.7,73.3,48.0,4.6,47.4,7.92,구름많음
845,3.2,10.0,-1.1,11.1,0.0,0.8,2.0,3.8,74.6,50.0,4.7,48.5,7.95,구름많음
846,3.8,8.7,0.0,8.7,0.1,1.4,4.1,7.3,75.8,56.0,2.9,29.9,6.74,구름많고 비
847,1.2,7.8,-2.4,10.2,0.0,0.8,2.1,3.6,76.1,30.0,6.1,62.9,10.3,구름많음
850,0.1,5.2,-3.1,8.3,0.0,1.3,3.5,6.7,62.8,38.0,8.6,88.7,11.23,맑음
851,0.6,8.2,-5.0,13.2,0.0,0.8,1.9,3.6,64.3,37.0,8.6,88.7,11.06,맑음
854,-4.7,-0.4,-7.5,7.1,0.0,2.5,4.9,11.9,55.0,34.0,8.8,90.7,12.35,구름많음
856,20.1,23.2,15.0,8.2,0.0,1.2,6.7,11.0,60.4,34.0,1.8,12.4,13.39,구름많고 비
857,25.3,30.9,21.9,9.0,0.0,2.2,5.1,8.7,72.1,36.0,12.1,83.4,29.64,구름많고 비
858,25.4,30.8,22.0,8.8,0.0,1.8,3.7,6.4,73.0,47.0,9.0,62.1,24.66,구름많음
860,24.0,30.1,20.3,9.8,0.0,1.2,3.3,6.2,72.8,48.0,9.0,61.6,25.57,구름많음
861,26.2,32.7,19.4,13.3,0.0,1.1,3.0,5.5,62.4,41.0,12.8,87.7,29.28,구름많음
862,27.3,34.3,20.3,14.0,0.0,1.2,2.8,6.1,59.3,37.0,12.2,83.6,29.24,구름많음
864,25.4,30.8,20.9,9.9,27.7,0.9,2.1,4.1,80.8,57.0,7.9,54.1,22.05,흐리고 비
865,24.4,26.6,22.0,4.6,3.6,0.8,3.5,6.4,88.4,74.0,1.1,7.5,8.08,흐리고 비
866,24.4,29.9,21.1,8.8,19.6,1.1,5.4,8.7,90.0,64.0,4.8,32.9,17.54,흐리고 비
867,24.4,28.3,21.3,7.0,0.8,1.5,3.6,6.7,82.1,50.0,5.7,39.0,17.54,흐리고 비
868,23.3,29.0,18.7,10.3,0.0,1.8,3.5,6.8,71.3,42.0,12.4,84.9,28.35,흐림
869,24.2,29.5,18.7,10.8,0.0,1.4,3.6,6.0,70.1,43.0,9.5,65.1,27.74,구름많음
870,23.5,27.8,20.5,7.3,0.0,1.3,3.2,6.1,72.0,49.0,6.1,41.5,20.4,흐림
872,24.0,29.2,18.8,10.4,0.0,1.1,2.5,6.3,70.8,45.0,11.1,76.0,27.91,구름많음
874,26.2,32.2,20.4,11.8,0.0,1.1,3.3,5.6,72.1,43.0,12.4,84.4,29.56,맑음
875,27.2,33.8,20.7,13.1,0.0,1.4,3.6,6.3,66.1,33.0,13.4,91.2,30.93,구름많음
876,27.0,31.6,21.8,9.8,0.0,1.2,2.7,5.7,71.4,51.0,6.4,43.8,21.97,구름많음
877,23.0,26.2,21.3,4.9,7.3,2.1,4.7,7.7,84.0,59.0,0.0,0.0,5.68,흐리고 비
878,21.8,22.8,20.2,2.6,3.9,1.8,4.0,8.0,91.8,86.0,0.0,0.0,6.68,흐리고 비
879,23.2,27.6,19.7,7.9,0.1,1.6,4.2,6.8,81.5,62.0,6.1,41.8,19.91,흐리고 비
880,24.6,30.3,20.0,10.3,0.0,0.7,2.1,3.9,79.3,52.0,6.9,47.3,22.1,흐림
881,24.8,30.0,19.7,10.3,0.0,1.0,2.5,5.6,75.0,51.0,8.5,58.2,23.1,흐리고 비
882,22.4,27.6,20.3,7.3,41.5,2.4,5.5,10.0,89.9,70.0,0.4,2.7,10.18,흐리고 비
883,20.3,21.5,18.3,3.2,24.5,1.6,4.7,9.0,96.9,95.0,0.0,0.0,5.13,흐리고 비
884,20.9,24.3,17.3,7.0,0.2,1.1,3.2,7.3,84.1,70.0,2.3,15.8,12.69,흐리고 비
885,23.5,28.8,17.7,11.1,0.0,1.1,3.5,5.7,76.8,55.0,7.5,51.4,23.46,흐림
886,22.0,24.6,19.1,5.5,1.0,1.9,4.9,9.1,80.9,62.0,0.0,0.0,9.31,흐리고 비
887,21.7,26.6,18.8,7.8,0.0,1.4,3.4,5.6,82.8,57.0,2.8,19.2,17.09,흐리고 비
888,23.5,27.0,20.2,6.8,0.0,0.5,1.9,3.4,81.1,60.0,4.0,27.4,17.37,흐리고 비
889,24.3,29.5,19.9,9.6,0.2,1.1,3.6,7.0,84.8,59.0,5.0,34.2,19.73,흐리고 비
890,24.7,28.7,22.5,6.2,0.2,1.1,3.2,5.0,83.1,66.0,3.8,26.2,14.64,흐리고 비
891,25.2,30.2,20.2,10.0,0.0,0.8,2.4,5.8,79.9,56.0,8.1,55.9,24.22,흐리고 비
892,26.6,31.6,21.3,10.3,0.0,2.1,4.8,7.8,76.1,55.0,10.0,69.0,26.7,흐리고 비
893,25.4,29.2,22.1,7.1,9.5,1.9,6.6,11.6,85.5,67.0,4.8,33.1,18.04,흐리고 비
894,26.2,29.4,23.5,5.9,0.0,1.1,2.0,5.0,78.3,61.0,4.3,29.7,19.14,흐리고 비
897,19.9,21.6,18.9,2.7,6.1,1.4,4.7,7.4,94.8,84.0,0.0,0.0,8.89,흐리고 비
898,21.1,25.1,19.0,6.1,9.3,0.6,1.8,3.1,92.6,74.0,1.4,9.7,11.67,흐리고 비
899,23.2,28.2,19.2,9.0,0.0,0.6,1.9,4.5,84.4,60.0,6.9,47.9,20.78,흐리고 비
900,25.0,30.9,19.9,11.0,0.0,0.8,2.1,5.2,81.1,55.0,9.9,68.8,25.94,흐림
901,25.0,29.1,21.8,7.3,0.0,1.7,4.1,7.1,75.1,51.0,6.1,42.4,20.07,흐리고 비
902,25.6,29.9,21.0,8.9,7.2,2.6,4.5,7.4,85.0,71.0,2.1,14.7,14.26,흐리고 비
903,24.5,29.3,22.5,6.8,20.2,2.1,6.3,10.2,92.9,72.0,0.2,1.4,4.44,흐리고 비
904,25.9,30.0,22.0,8.0,0.0,0.6,2.0,3.7,79.3,56.0,10.3,72.0,25.87,흐리고 비
905,23.5,25.2,21.8,3.4,25.1,0.9,2.9,5.0,94.9,85.0,0.0,0.0,6.15,흐리고 비
906,21.7,22.9,20.8,2.1,52.8,2.3,6.7,12.6,97.0,96.0,0.0,0.0,3.15,흐리고 비
907,21.6,24.2,20.1,4.1,13.5,1.6,4.3,9.9,96.3,91.0,0.4,2.8,9.0,흐리고 비
908,22.7,25.3,20.9,4.4,2.6,0.8,2.2,4.6,94.9,83.0,0.5,3.5,9.85,흐리고 비
909,24.0,27.4,22.0,5.4,0.4,0.6,2.3,4.1,93.5,73.0,1.6,11.3,11.65,흐리고 비
910,24.4,27.2,22.3,4.9,2.6,1.1,2.8,4.6,90.3,76.0,0.3,2.1,11.05,흐리고 비
911,24.0,26.9,21.7,5.2,6.6,1.0,2.5,4.8,95.9,84.0,0.0,0.0,9.09,흐리고 비
914,25.9,30.0,23.7,6.3,16.5,0.7,3.2,5.9,93.5,75.0,3.2,22.9,14.25,흐리고 비
915,25.8,30.4,23.7,6.7,17.5,1.2,4.7,9.9,92.0,71.0,3.5,25.0,13.07,흐리고 비
916,27.7,30.6,23.8,6.8,5.4,2.3,4.7,8.8,86.0,72.0,3.8,27.1,15.44,흐리고 비
919,26.4,29.8,25.0,4.8,24.4,1.1,2.9,5.6,95.5,77.0,2.9,20.9,9.77,흐리고 비
920,25.5,27.1,23.4,3.7,24.0,2.6,5.5,11.1,95.6,88.0,0.1,0.7,4.1,흐리고 비
921,23.5,24.2,23.0,1.2,34.9,0.7,1.9,4.2,96.9,94.0,0.0,0.0,3.25,흐리고 비
922,23.8,25.0,22.8,2.2,42.9,0.8,2.7,4.5,97.0,97.0,0.0,0.0,2.63,흐리고 비
923,26.2,30.1,23.8,6.3,32.1,1.5,3.1,7.5,91.5,74.0,1.3,9.4,9.47,흐리고 비
924,26.2,29.7,24.5,5.2,17.5,1.2,4.2,7.4,95.5,83.0,2.0,14.6,9.21,흐리고 비
927,28.7,32.2,25.4,6.8,0.0,1.4,4.4,7.8,86.1,72.0,7.1,52.2,17.57,흐림
928,28.5,31.2,25.7,5.5,0.6,1.8,4.0,8.4,86.9,77.0,7.5,55.1,16.61,흐리고 비
929,29.2,32.6,26.3,6.3,0.0,1.9,4.3,9.3,81.4,67.0,11.2,82.4,24.47,흐리고 비
930,28.7,33.3,24.9,8.4,0.0,1.9,3.7,7.5,79.4,60.0,10.3,76.3,24.21,흐림
931,28.6,33.6,25.0,8.6,0.0,0.7,2.1,3.8,82.6,57.0,8.5,63.0,20.75,흐림
932,29.1,33.6,25.4,8.2,0.0,0.9,2.0,4.9,80.1,58.0,11.3,84.3,26.25,흐림
933,28.9,34.2,25.3,8.9,0.0,1.0,2.8,5.6,80.4,56.0,10.7,79.9,25.83,구름많음
934,29.1,34.6,24.8,9.8,0.0,0.8,2.1,4.7,76.5,46.0,11.0,82.1,26.42,구름많음
935,29.0,33.7,25.1,8.6,0.0,0.6,1.5,3.4,79.8,57.0,8.4,62.7,20.53,구름많음
936,25.8,31.1,23.7,7.4,11.8,1.6,4.1,7.3,91.5,68.0,1.9,14.3,10.54,구름많고 비
937,27.1,32.1,23.1,9.0,0.0,0.7,2.9,4.5,80.6,54.0,9.3,69.9,23.15,흐림
938,28.5,33.2,23.1,10.1,0.0,1.0,3.4,6.3,79.4,57.0,11.5,87.1,24.02,흐림
939,29.9,35.4,24.8,10.6,0.0,1.4,4.0,7.2,75.8,47.0,10.9,82.6,24.09,흐림
942,29.3,35.0,25.1,9.9,27.4,1.2,7.1,10.3,81.0,54.0,7.0,53.4,20.24,흐리고 비
943,27.2,32.8,25.0,7.8,15.3,1.1,3.8,7.1,90.6,67.0,3.8,29.0,14.11,흐리고 비
944,27.9,31.8,25.6,6.2,8.4,0.8,3.7,5.9,91.6,71.0,4.6,35.4,13.6,흐리고 비
946,26.9,31.4,22.4,9.0,0.0,2.4,4.9,8.7,79.5,62.0,9.3,72.1,21.67,흐림
947,24.6,26.5,22.9,3.6,26.2,1.8,5.0,9.0,96.3,90.0,0.0,0.0,4.98,흐리고 비
949,24.3,28.8,20.6,8.2,0.0,1.6,3.4,6.5,74.0,46.0,10.8,84.4,24.94,흐림
950,22.2,25.3,20.3,5.0,0.0,0.9,3.2,5.5,83.1,64.0,0.4,3.1,7.67,흐림
951,21.1,25.2,17.9,7.3,22.8,1.5,3.5,7.4,90.0,74.0,0.9,7.0,7.73,흐리고 비
953,24.3,28.2,21.9,6.3,0.2,2.0,3.5,8.1,78.5,55.0,11.0,86.6,23.34,흐리고 비
954,22.2,26.5,18.7,7.8,9.9,1.5,4.3,8.1,85.1,62.0,7.1,55.9,18.06,흐리고 비
955,23.2,28.2,20.0,8.2,0.0,0.9,2.6,5.1,81.9,50.0,6.6,52.4,15.15,흐리고 비
958,21.6,27.1,18.3,8.8,0.0,0.8,2.2,4.5,81.8,51.0,10.1,80.8,24.2,구름많음
959,21.9,27.5,16.8,10.7,0.0,1.0,2.7,5.4,80.0,53.0,10.8,86.4,21.57,구름많음
960,23.4,29.4,18.5,10.9,0.1,1.0,2.9,5.4,79.4,52.0,8.4,67.7,21.04,흐림
961,21.6,23.7,20.0,3.7,4.8,0.7,3.3,4.8,94.3,82.0,0.0,0.0,6.14,흐리고 비
962,21.7,23.8,19.9,3.9,0.0,0.9,2.3,4.5,90.8,79.0,0.0,0.0,6.82,흐리고 비
963,21.2,25.2,18.0,7.2,0.0,1.5,2.9,6.3,73.0,38.0,8.9,72.4,17.68,흐림
965,18.9,25.6,14.2,11.4,0.0,1.2,4.0,7.7,72.3,38.0,11.4,93.4,21.96,구름많음
966,18.0,24.4,12.3,12.1,0.0,1.0,3.4,5.9,72.3,37.0,11.4,93.4,19.87,구름많음
967,19.1,24.5,14.9,9.6,0.0,2.1,4.9,9.6,70.8,51.0,7.9,64.8,19.69,구름많음
969,20.8,26.4,15.7,10.7,0.0,2.1,6.1,9.7,70.3,52.0,9.5,78.5,19.87,흐림
970,20.0,25.9,14.8,11.1,0.0,1.2,3.6,6.1,72.4,58.0,6.6,55.0,16.43,구름많음
971,19.4,25.5,15.0,10.5,0.0,1.2,3.1,5.6,69.1,49.0,7.9,65.8,19.91,구름많음
972,19.8,26.6,14.3,12.3,0.0,1.1,3.0,7.2,74.3,47.0,10.7,89.2,21.47,맑음
973,18.9,25.8,13.4,12.4,0.0,1.1,3.1,5.3,72.3,42.0,11.3,95.0,20.77,구름많음
974,18.5,24.6,12.7,11.9,0.0,0.9,2.5,6.3,75.0,38.0,7.9,66.4,16.98,구름많음
975,19.5,26.4,14.0,12.4,0.0,0.8,1.8,3.6,78.6,45.0,9.3,78.2,18.04,구름많음
976,20.4,25.5,15.7,9.8,0.0,1.3,4.3,7.3,76.3,55.0,9.7,82.2,17.64,구름많음
977,21.0,25.4,17.0,8.4,0.0,1.3,4.6,8.6,72.6,43.0,8.6,72.9,16.23,흐림
978,20.0,23.6,17.5,6.1,2.1,0.8,2.2,3.6,89.5,72.0,0.9,7.7,8.64,흐리고 비
980,13.6,20.3,7.6,12.7,0.0,1.5,4.5,8.0,64.8,40.0,10.6,90.6,18.54,구름많음
981,16.8,22.9,11.1,11.8,0.0,1.9,4.9,8.0,67.3,33.0,8.3,71.6,16.9,구름많음
984,17.5,23.7,12.0,11.7,0.0,1.4,4.0,6.8,65.6,44.0,9.7,84.3,17.78,구름많음
985,17.3,22.3,12.1,10.2,0.0,1.4,4.1,6.6,73.8,52.0,5.3,46.5,10.63,흐림
986,17.1,23.2,13.5,9.7,0.4,1.2,3.1,6.0,78.8,47.0,5.6,49.1,12.18,흐림
987,12.9,18.2,8.6,9.6,0.0,1.1,2.6,6.0,70.0,33.0,6.6,57.9,11.89,구름많음
988,12.2,19.8,8.0,11.8,0.0,1.0,3.3,6.8,72.5,45.0,3.8,33.6,8.95,구름많음
989,11.4,18.2,5.6,12.6,0.0,1.0,2.3,4.6,57.9,28.0,7.2,63.7,15.39,구름많음
990,11.4,15.9,6.8,9.1,0.0,0.7,1.6,2.4,78.9,58.0,1.0,8.8,6.84,구름많음
991,12.6,19.4,7.9,11.5,0.0,1.0,2.1,4.0,74.0,49.0,8.4,75.0,13.97,구름많음
992,12.2,20.2,5.0,15.2,0.0,1.0,3.3,6.6,72.4,37.0,10.3,92.0,16.62,구름많음
993,13.4,21.6,7.0,14.6,0.0,0.8,2.0,4.5,73.8,39.0,9.7,87.4,15.23,구름많음
994,14.0,22.8,7.3,15.5,0.0,0.9,2.3,4.0,74.4,31.0,9.9,89.2,15.62,구름많음
995,13.2,16.3,9.9,6.4,0.0,0.7,2.0,3.2,83.9,65.0,0.1,0.9,4.62,흐림
996,13.0,19.3,9.0,10.3,0.0,1.3,3.5,7.1,77.1,50.0,4.9,44.5,9.13,구름많음
997,10.2,15.7,6.5,9.2,0.0,1.9,4.0,8.0,59.4,31.0,9.1,82.7,16.07,맑음
998,9.3,15.6,3.9,11.7,0.0,1.8,5.4,9.7,59.1,25.0,10.1,91.8,16.37,맑음
999,11.7,19.5,4.7,14.8,0.0,1.1,3.8,7.2,71.0,43.0,9.4,86.2,14.0,구름많음
1000,11.8,19.8,5.7,14.1,0.0,0.9,2.5,4.5,73.8,41.0,9.6,88.1,13.77,구름많음
1001,13.0,21.4,6.0,15.4,0.0,0.9,2.2,4.3,74.1,36.0,8.9,81.7,13.25,구름많음
1002,13.6,20.7,8.1,12.6,0.0,1.1,3.6,5.9,66.4,33.0,6.2,57.4,11.3,구름많음
1003,10.0,17.4,3.8,13.6,0.0,1.0,2.2,4.2,57.5,22.0,9.5,88.0,12.89,구름많음
1004,10.9,19.9,3.4,16.5,0.0,1.0,2.8,5.2,68.1,34.0,9.8,91.6,14.21,맑음
1005,12.6,20.3,5.7,14.6,0.0,1.0,2.2,4.4,68.0,33.0,8.8,82.2,12.84,구름많음
1006,12.6,13.3,11.9,1.4,3.7,1.2,2.8,5.9,88.9,70.0,0.0,0.0,1.77,흐리고 비
1009,4.9,12.2,-0.6,12.8,0.0,1.3,3.6,7.8,57.1,21.0,9.9,93.4,14.76,구름많음
1012,13.4,20.5,9.3,11.2,0.0,1.3,3.6,7.8,69.4,25.0,8.7,82.9,11.34,구름많고 비
1013,9.6,15.6,4.7,10.9,0.0,2.0,4.8,8.5,53.4,12.0,9.2,87.6,13.86,맑음
1014,7.2,12.5,0.0,12.5,0.0,1.4,3.9,7.6,47.6,21.0,9.2,88.5,13.13,맑음
1015,8.4,14.9,3.0,11.9,0.0,1.4,3.8,8.6,54.9,26.0,9.6,92.3,13.39,맑음
1016,8.7,17.7,1.6,16.1,0.0,0.9,2.1,3.9,59.9,28.0,9.5,91.3,12.96,맑음
1018,10.0,18.0,3.3,14.7,0.0,0.9,3.3,6.2,75.0,51.0,9.0,87.4,10.94,구름많음
1019,11.3,20.1,5.1,15.0,0.0,0.7,2.4,3.8,73.6,34.0,6.7,65.0,11.26,구름많음
1020,11.6,19.8,5.1,14.7,0.0,0.9,3.3,7.1,75.3,42.0,8.7,85.3,11.62,맑음
1021,11.3,18.6,6.0,12.6,0.0,0.7,1.6,3.3,79.5,51.0,6.8,66.7,9.26,구름많음
1023,16.1,22.1,10.8,11.3,28.5,2.5,6.9,10.9,88.0,73.0,0.1,1.0,1.2,흐리고 비
1025,8.3,15.0,0.9,14.1,0.0,2.1,5.7,8.8,69.9,50.0,8.7,86.1,11.91,구름많음
1030,6.9,12.8,2.9,9.9,0.0,1.0,2.3,4.6,66.0,33.0,7.4,74.0,10.1,구름많음
1032,2.0,5.0,-0.4,5.4,0.0,1.0,2.9,5.5,69.5,54.0,1.0,10.1,4.39,구름많음
1033,1.2,7.4,-2.7,10.1,0.0,1.3,3.8,6.1,70.4,44.0,8.9,89.9,11.15,구름많음
1034,1.5,7.4,-3.5,10.9,0.0,1.1,3.1,5.8,54.8,23.0,8.8,88.9,11.15,구름많음
1036,1.5,7.3,-1.5,8.8,0.0,1.5,4.1,7.9,60.0,36.0,7.7,78.6,10.16,구름많음
1037,0.4,6.3,-4.0,10.3,0.0,1.1,2.9,5.3,64.3,39.0,8.7,88.8,10.71,구름많음
1038,1.3,7.5,-2.9,10.4,0.0,0.9,2.7,5.6,78.5,59.0,2.9,29.6,5.77,구름많음
1039,3.3,10.5,-1.7,12.2,0.0,0.8,2.1,3.7,77.9,50.0,7.9,80.6,10.01,구름많음
1041,0.6,6.0,-2.9,8.9,0.0,1.1,2.7,5.2,59.8,43.0,8.6,87.8,10.05,구름많음
1042,1.5,7.8,-5.2,13.0,0.0,1.0,2.6,4.6,58.8,31.0,7.5,76.5,10.0,구름많음
1044,6.8,11.3,3.9,7.4,0.0,0.7,2.4,5.2,71.0,46.0,4.3,44.3,6.9,구름많음
1046,1.1,6.9,-2.6,9.5,1.6,1.7,5.5,11.8,68.6,57.0,0.9,9.3,3.12,흐리고 비/눈
1047,-4.7,-1.4,-7.9,6.5,0.0,2.4,5.5,10.3,53.6,21.0,8.8,90.7,11.16,구름많고 눈
1048,-5.9,-1.0,-10.9,9.9,0.0,1.8,3.7,7.2,49.3,32.0,8.8,90.7,11.02,구름많고 눈
1049,-5.6,0.2,-10.4,10.6,0.0,1.5,4.6,7.7,56.8,34.0,8.8,90.7,10.62,구름많음
1050,-3.7,2.7,-9.1,11.8,0.0,1.0,2.4,4.9,58.9,33.0,7.9,81.4,10.77,구름많음
1054,0.4,5.7,-5.0,10.7,0.0,0.8,1.9,4.0,69.6,50.0,4.2,43.3,7.04,구름많음
1055,1.9,8.4,-2.8,11.2,0.0,0.8,3.1,7.4,75.0,46.0,8.3,85.6,9.31,구름많음
1057,4.4,9.9,0.7,9.2,0.0,2.1,4.7,9.6,61.0,26.0,8.0,82.5,9.34,흐리고 비/눈
1059,1.4,7.3,-4.1,11.4,0.0,0.7,2.2,4.9,75.3,60.0,3.3,34.0,4.77,구름많음
1061,5.4,13.4,-0.2,13.6,0.0,0.8,1.7,3.1,73.4,36.0,7.0,72.2,9.55,구름많음
1063,-7.7,-0.9,-13.2,12.3,0.0,1.0,2.5,5.2,71.1,47.0,7.7,79.4,10.39,흐리고 눈
1064,22.5,28.0,16.3,11.7,0.0,1.4,3.5,5.8,69.5,41.0,10.2,70.3,23.7,구름많음
1065,24.4,30.6,18.0,12.6,0.0,1.0,2.5,4.9,61.5,37.0,1.0,6.9,2.86,흐림
1066,19.2,21.7,17.7,4.0,24.2,0.7,2.2,4.5,91.6,72.0,0.0,0.0,4.03,흐리고 비
1067,18.6,24.4,13.3,11.1,1.2,1.7,4.5,7.8,74.1,40.0,12.3,84.8,28.01,구름많고 비
1068,21.5,26.1,16.1,10.0,0.0,2.3,4.6,10.8,71.5,57.0,11.4,78.6,19.77,맑음
1069,23.4,28.5,18.6,9.9,0.0,1.8,3.7,7.8,67.3,49.0,11.8,80.8,25.86,맑음
1070,23.3,29.5,16.9,12.6,0.0,1.2,3.2,6.0,62.3,30.0,9.9,67.8,21.91,구름많음
1071,24.8,31.2,18.7,12.5,0.0,0.8,2.3,3.9,66.9,39.0,11.0,75.3,24.52,구름많음
1072,26.9,32.9,20.1,12.8,0.0,1.2,3.8,5.7,65.0,37.0,12.5,85.6,26.68,흐림
1074,23.5,28.7,19.9,8.8,12.6,1.6,4.6,7.5,84.1,61.0,7.2,49.3,18.31,흐리고 비
1075,25.3,30.7,19.7,11.0,0.0,0.9,2.2,4.3,78.3,55.0,8.6,58.9,24.39,흐리고 비
1076,25.2,31.0,21.9,9.1,0.0,1.2,2.1,4.4,80.6,50.0,7.3,50.0,21.25,흐림
1077,24.9,30.5,20.9,9.6,0.0,1.3,3.5,6.4,83.3,58.0,4.5,30.8,17.98,흐림
1080,22.1,25.4,19.6,5.8,0.1,1.7,3.4,5.6,80.0,66.0,0.8,5.4,9.84,흐리고 비
1081,21.2,23.5,19.7,3.8,1.4,1.2,3.0,5.7,92.6,82.0,0.1,0.7,7.1,흐리고 비
1082,23.5,29.1,18.2,10.9,0.0,1.2,2.9,6.0,72.8,43.0,11.7,80.1,27.18,구름많음
1083,24.4,31.0,17.5,13.5,0.0,1.7,5.5,9.2,67.6,27.0,12.5,85.6,27.44,구름많음
1084,24.8,30.7,19.5,11.2,0.0,1.5,4.2,8.3,63.8,34.0,12.5,85.0,26.49,구름많음
1085,23.6,28.6,18.5,10.1,0.0,1.1,3.7,6.6,67.4,42.0,5.4,36.7,17.35,구름많고 비
1086,20.9,25.1,19.2,5.9,6.7,1.7,3.7,7.2,91.3,70.0,2.6,17.7,8.04,구름많고 비
1087,23.2,27.8,18.6,9.2,0.0,1.1,2.3,4.2,79.4,56.0,6.5,44.5,19.43,구름많고 비
1088,24.4,30.5,18.7,11.8,5.2,1.1,3.2,5.7,77.3,50.0,10.7,73.3,25.74,흐리고 비
1089,22.6,26.5,20.2,6.3,22.0,0.8,2.1,4.8,88.5,64.0,5.9,40.4,15.41,흐리고 비
1090,25.0,30.3,19.5,10.8,0.5,1.3,3.1,5.3,76.0,50.0,8.4,57.5,22.5,흐림
1091,25.6,30.2,21.7,8.5,0.0,1.9,3.7,6.2,72.9,54.0,7.8,53.4,21.43,구름많고 비
1094,26.7,32.0,21.3,10.7,0.0,1.1,3.2,5.2,77.9,50.0,12.2,83.6,24.69,흐림
1095,27.0,31.5,23.0,8.5,0.0,2.1,4.2,7.6,63.8,49.0,8.8,60.3,23.36,흐림
1096,22.7,24.4,21.5,2.9,13.7,2.5,5.0,9.5,94.9,90.0,1.5,10.3,10.78,흐리고 비
1097,22.5,25.4,20.6,4.8,5.6,1.1,3.4,5.4,90.8,78.0,0.0,0.0,9.83,흐리고 비
1098,23.6,26.2,21.3,4.9,15.6,0.8,3.2,5.8,95.1,86.0,0.0,0.0,8.22,흐리고 비
1099,26.0,28.5,23.5,5.0,2.5,1.1,2.6,4.3,94.5,84.0,0.3,2.1,9.16,흐리고 비
1100,26.4,30.7,22.7,8.0,38.6,1.2,3.2,6.0,84.8,66.0,8.6,59.3,21.2,흐리고 비
1101,26.2,30.4,23.1,7.3,4.2,1.1,2.9,5.8,83.0,65.0,7.5,51.7,18.65,흐리고 비
1103,27.2,31.1,23.4,7.7,0.2,1.4,3.7,6.0,86.1,68.0,5.5,37.9,17.45,흐리고 비
1104,28.7,33.3,24.4,8.9,0.0,0.9,2.3,3.6,84.0,63.0,6.1,42.1,19.5,흐리고 비
1105,29.8,34.2,25.4,8.8,0.0,1.3,3.3,5.6,77.0,57.0,9.5,66.0,21.72,흐림
1106,29.5,33.2,25.1,8.1,0.0,1.2,4.3,7.7,77.9,61.0,8.5,59.0,20.88,흐림
1107,29.3,35.3,25.4,9.9,0.0,1.2,3.7,6.4,76.8,48.0,8.8,61.1,21.46,흐리고 비
1109,27.1,32.1,23.1,9.0,0.0,2.2,5.0,8.4,81.1,58.0,10.1,70.1,21.64,구름많고 비
1110,27.3,32.5,23.6,8.9,16.5,1.5,6.2,11.5,79.1,54.0,10.0,69.4,21.52,흐리고 비
1111,26.7,32.0,23.4,8.6,0.0,0.8,2.6,4.8,86.9,56.0,2.0,14.0,15.35,흐리고 비
1112,27.6,31.2,24.5,6.7,0.0,0.9,2.6,4.6,87.5,71.0,1.0,7.0,12.95,흐림
1113,29.5,34.4,23.7,10.7,0.0,1.9,4.5,7.2,70.0,48.0,12.9,90.2,27.21,흐림
1114,29.2,33.7,24.0,9.7,0.0,2.5,5.8,10.2,70.1,52.0,12.7,88.8,27.42,흐림
1115,29.7,34.9,24.6,10.3,0.0,1.8,4.8,8.4,70.6,47.0,11.5,81.0,27.1,구름많음
1116,30.2,34.7,26.3,8.4,0.0,1.9,4.2,7.3,69.9,51.0,12.1,85.2,24.24,구름많음
1118,29.9,34.7,25.1,9.6,0.0,2.4,4.3,8.0,66.3,47.0,13.3,93.7,25.86,구름많음
1119,30.6,36.1,26.2,9.9,0.0,1.3,3.0,5.2,65.9,42.0,10.1,71.6,25.25,구름많음
1120,30.2,35.6,26.0,9.6,0.0,1.3,3.0,5.3,73.4,49.0,9.4,66.7,20.61,흐림
1121,30.8,36.1,26.5,9.6,0.0,1.3,3.1,6.3,68.1,40.0,11.3,80.1,22.56,흐림
1122,30.2,35.7,26.4,9.3,1.4,1.1,2.5,5.7,74.3,48.0,9.7,69.3,23.27,구름많고 비
1123,27.3,32.2,24.9,7.3,19.8,1.0,2.7,5.2,89.0,63.0,3.2,22.9,11.98,흐리고 비
1124,26.0,28.6,24.8,3.8,34.0,0.8,2.8,4.5,95.5,81.0,1.3,9.3,7.89,흐리고 비
1125,28.0,32.2,24.6,7.6,5.1,1.2,3.5,6.4,84.9,60.0,6.1,43.9,16.7,구름많고 비
1126,29.7,34.2,25.1,9.1,0.1,1.1,3.4,6.0,76.9,54.0,12.8,92.1,26.0,구름많고 비
1127,29.8,35.3,25.9,9.4,0.7,1.0,3.2,6.2,76.1,50.0,10.1,72.7,21.3,구름많고 비
1128,27.7,34.5,23.8,10.7,11.1,1.2,7.3,12.3,87.1,59.0,7.4,53.6,18.15,흐리고 비
1129,27.7,33.1,23.0,10.1,0.0,1.0,2.8,5.2,78.4,58.0,9.0,65.2,22.0,흐리고 비
1130,26.6,29.4,24.5,4.9,0.0,1.1,4.5,6.9,85.4,72.0,0.5,3.6,8.63,흐림
1131,28.1,32.9,22.7,10.2,0.0,1.2,3.4,6.0,70.9,52.0,12.1,87.7,23.87,구름많고 비
1132,27.3,32.9,23.9,9.0,7.8,1.8,4.1,7.0,78.0,53.0,8.4,61.3,19.73,흐리고 비
1133,27.6,32.3,23.7,8.6,0.0,1.1,3.0,5.6,76.5,55.0,6.7,48.9,18.66,흐림
1134,26.7,30.3,23.5,6.8,0.0,1.3,2.8,5.1,80.0,60.0,3.0,22.1,13.25,흐림
1135,25.7,29.5,23.4,6.1,0.3,1.5,4.1,7.6,78.4,56.0,4.4,32.4,12.62,흐리고 비
1136,26.7,31.7,22.5,9.2,0.0,2.3,5.4,9.5,73.9,49.0,11.3,83.1,22.47,흐림
1138,25.5,29.8,22.2,7.6,0.1,1.5,3.1,5.8,72.3,60.0,7.4,54.8,18.23,흐림
1139,24.7,30.1,21.6,8.5,1.1,2.0,5.9,10.0,77.6,55.0,4.9,36.3,14.61,구름많고 비
1141,26.0,31.3,20.5,10.8,0.0,1.6,3.8,6.1,75.3,51.0,8.8,65.7,18.45,흐리고 비
1142,24.5,26.6,22.3,4.3,44.9,2.4,4.4,7.7,90.8,74.0,0.8,6.0,4.62,흐리고 비
1143,25.5,29.3,22.5,6.8,0.7,1.2,3.2,5.5,84.9,62.0,4.9,36.8,15.09,흐리고 비
1145,24.3,27.7,21.5,6.2,25.2,1.6,4.9,9.7,94.5,85.0,0.8,6.0,5.19,흐리고 비
1146,23.7,25.0,22.5,2.5,22.7,0.7,2.4,5.0,97.0,96.0,0.1,0.8,3.23,흐리고 비
1147,25.7,29.3,22.3,7.0,0.0,1.3,3.2,6.1,86.4,69.0,4.3,32.6,14.61,흐리고 비
1148,21.8,25.0,20.5,4.5,16.6,1.0,3.9,6.1,96.9,91.0,0.0,0.0,0.0,흐리고 비
1149,22.8,26.3,19.4,6.9,0.0,0.6,1.6,3.3,90.0,71.0,3.1,23.7,13.15,흐리고 비
1150,22.4,26.7,19.4,7.3,28.3,0.9,1.9,4.8,92.5,73.0,2.7,20.6,10.94,흐리고 비
1151,22.9,25.3,20.3,5.0,0.1,0.5,1.5,2.3,93.8,82.0,0.3,2.3,6.76,흐리고 비
1152,23.4,27.4,21.8,5.6,2.4,0.9,3.0,5.1,90.9,66.0,1.6,12.3,11.12,흐리고 비
1153,23.1,25.1,21.2,3.9,52.4,1.6,4.7,7.2,97.0,97.0,0.1,0.8,4.15,흐리고 비
1154,22.7,25.2,20.5,4.7,0.0,2.4,4.7,7.7,85.5,73.0,3.1,24.0,11.53,흐리고 비
1155,23.7,28.1,19.9,8.2,0.0,2.3,4.2,7.3,75.1,60.0,10.2,79.1,19.45,흐림
1156,23.2,28.5,18.1,10.4,0.0,1.5,3.8,6.5,75.4,52.0,9.6,74.4,19.84,흐림
1157,21.7,24.8,18.4,6.4,0.3,1.4,4.2,7.3,85.4,67.0,0.7,5.5,8.46,흐림
1159,21.0,24.1,18.7,5.4,6.7,1.9,4.9,9.3,96.5,93.0,0.2,1.6,3.51,흐리고 비
1160,22.2,27.0,19.4,7.6,0.1,1.1,3.4,5.3,87.4,63.0,4.4,34.6,13.2,흐리고 비
1161,22.4,28.2,17.5,10.7,0.0,0.7,2.0,3.1,85.0,56.0,6.2,48.8,16.1,구름많음
1162,23.6,28.3,20.2,8.1,0.0,1.0,3.4,5.9,86.8,64.0,5.8,46.0,14.83,흐림
1163,24.1,29.4,20.0,9.4,0.0,0.8,2.1,4.1,85.3,58.0,7.9,62.7,16.67,구름많음
1167,22.8,27.0,17.1,9.9,0.0,2.4,6.1,9.7,73.0,58.0,8.8,71.0,16.95,흐리고 비
1168,20.7,22.9,18.7,4.2,5.0,1.9,4.9,8.4,89.4,77.0,0.7,5.6,8.04,흐리고 비
1169,22.4,28.5,17.0,11.5,0.0,1.3,4.2,7.0,78.9,51.0,10.4,84.6,20.89,흐림
1170,22.9,28.2,18.0,10.2,0.0,1.3,4.2,6.8,75.5,40.0,11.5,93.5,20.29,흐림
1172,22.6,26.2,20.6,5.6,34.3,2.0,3.9,7.4,88.3,72.0,4.2,34.4,10.16,흐리고 비
1173,22.5,27.8,18.1,9.7,10.2,1.8,4.2,11.2,78.4,48.0,9.0,73.8,17.53,구름많고 비
1174,21.1,26.8,16.8,10.0,0.0,1.4,3.9,7.6,74.6,44.0,10.7,88.4,19.29,구름많음
1175,21.3,27.1,15.2,11.9,0.0,1.7,4.7,8.7,75.0,50.0,10.0,82.6,18.12,구름많음
1176,21.0,24.2,18.2,6.0,0.0,1.6,4.9,8.6,81.1,69.0,2.0,16.7,8.26,구름많음
1177,21.3,25.9,17.1,8.8,0.0,1.6,3.8,7.0,76.0,56.0,3.5,29.2,13.57,흐림
1178,22.2,27.2,18.8,8.4,0.2,2.2,4.5,7.4,71.9,56.0,4.3,35.8,13.49,흐림
1179,22.0,25.8,19.8,6.0,0.7,1.6,3.4,6.2,82.9,61.0,0.9,7.6,8.64,흐리고 비
1180,21.5,23.7,19.5,4.2,19.1,1.0,2.7,4.6,97.0,95.0,0.0,0.0,2.82,흐리고 비
1181,21.9,27.6,18.3,9.3,0.0,1.0,2.3,5.8,83.6,53.0,9.1,76.5,18.57,흐리고 비
1182,21.6,28.4,16.6,11.8,0.0,1.0,3.0,6.8,81.5,52.0,7.3,61.9,15.82,흐림
1184,22.6,31.2,16.4,14.8,0.0,1.1,3.5,6.2,72.9,30.0,10.5,89.0,17.89,구름많음
1185,22.9,29.0,16.8,12.2,0.0,1.1,4.1,8.0,81.0,59.0,4.9,41.9,10.92,구름많음
1186,23.4,29.5,19.3,10.2,0.0,1.1,3.4,6.6,80.9,50.0,9.7,82.9,16.95,흐림
1187,22.6,28.2,18.5,9.7,0.0,1.9,4.8,7.8,81.0,54.0,8.4,72.4,15.61,흐리고 비
1190,23.2,28.3,19.9,8.4,0.0,1.1,3.2,5.6,85.9,62.0,5.6,48.7,12.58,흐림
1191,22.9,29.2,16.9,12.3,5.1,1.4,3.7,7.2,83.4,57.0,7.2,62.6,14.08,구름많고 비
1192,15.4,17.5,12.6,4.9,13.5,1.0,3.7,7.1,92.8,78.0,0.0,0.0,4.55,흐리고 비
1193,16.2,17.0,15.9,1.1,0.5,1.6,3.9,7.2,90.1,82.0,0.0,0.0,2.68,흐리고 비
1194,19.9,26.4,15.3,11.1,0.0,1.1,2.6,5.1,79.0,50.0,10.3,91.2,16.2,구름많음
1195,18.6,21.7,16.8,4.9,9.7,0.7,1.6,3.3,91.8,66.0,0.2,1.8,6.17,흐리고 비
1197,6.0,12.9,0.4,12.5,0.0,1.5,3.4,6.5,55.0,25.0,10.5,93.8,18.18,맑음
1198,9.6,17.7,1.3,16.4,0.0,0.9,1.9,4.3,70.0,40.0,10.5,93.8,16.91,구름많음
1201,9.5,16.6,4.1,12.5,0.0,1.0,2.2,4.8,79.1,42.0,9.5,85.6,13.93,구름많음
1202,10.0,17.3,3.8,13.5,0.0,1.2,3.7,7.0,73.8,38.0,10.0,90.9,15.36,구름많음
1203,11.1,20.0,4.0,16.0,0.0,0.8,1.9,3.7,72.5,29.0,10.1,91.8,16.02,구름많음
1204,11.3,19.2,5.0,14.2,0.0,0.8,1.8,4.3,75.1,38.0,9.7,88.2,15.67,구름많음
1205,10.8,18.4,5.4,13.0,0.0,0.9,2.7,6.8,77.0,37.0,9.8,89.9,15.13,구름많음
1206,11.8,19.1,4.9,14.2,0.0,0.8,1.9,4.0,79.4,46.0,9.5,87.2,13.86,구름많음
1207,12.9,20.5,8.2,12.3,0.0,1.1,3.0,5.9,71.9,33.0,8.1,74.3,13.22,흐림
1208,11.4,20.1,4.6,15.5,0.0,1.0,2.6,5.1,69.6,30.0,10.0,92.6,15.57,맑음
1209,13.4,21.0,7.5,13.5,0.0,1.7,4.7,8.4,69.5,37.0,9.9,91.7,13.7,구름많음
1210,12.4,18.0,8.7,9.3,0.0,0.7,2.0,2.5,81.0,55.0,1.3,12.0,7.49,구름많음
1211,13.3,21.2,6.7,14.5,0.0,0.8,1.8,3.7,81.3,50.0,9.0,84.1,13.33,구름많음
1212,13.4,19.7,9.7,10.0,0.0,1.1,3.0,6.3,79.0,52.0,7.0,65.4,10.54,구름많음
1213,12.3,17.6,8.4,9.2,0.0,0.9,2.2,4.8,75.4,47.0,6.9,64.5,10.93,구름많음
1214,11.2,18.7,5.3,13.4,0.0,0.9,2.2,4.5,79.0,43.0,8.9,84.0,13.26,구름많음
1215,13.7,20.4,8.3,12.1,0.5,0.8,2.1,3.9,79.3,46.0,8.6,81.1,12.53,흐림
1216,13.0,20.4,7.5,12.9,0.0,1.2,3.9,7.1,77.6,39.0,6.5,61.3,10.57,구름많음
1217,13.9,21.8,7.8,14.0,0.0,1.3,4.4,7.6,72.3,37.0,9.2,87.6,12.92,흐림
1224,10.2,17.6,3.9,13.7,0.0,1.0,3.4,7.0,75.3,36.0,8.6,83.5,10.43,구름많음
1225,10.1,16.8,4.7,12.1,0.0,0.7,2.3,3.6,80.3,50.0,8.2,79.6,10.84,구름많음
1226,8.7,16.4,3.9,12.5,0.0,0.9,2.6,5.2,68.1,27.0,8.8,86.3,11.61,구름많음
1227,8.3,15.6,1.5,14.1,0.0,0.9,1.9,3.9,67.4,35.0,9.1,89.2,12.47,구름많음
1228,10.3,16.5,3.6,12.9,0.0,1.2,3.3,6.0,82.0,64.0,6.3,61.8,8.57,구름많음
1229,12.0,18.3,7.0,11.3,0.0,1.1,3.3,6.0,86.9,61.0,6.8,67.3,8.68,구름많음
1230,11.8,17.3,8.2,9.1,0.0,0.7,2.1,3.5,83.1,55.0,5.0,49.5,8.3,구름많음
1232,5.3,12.6,1.8,10.8,3.6,2.5,6.2,12.0,78.8,50.0,4.7,46.5,7.37,흐리고 비/눈
1234,6.1,12.4,-0.1,12.5,0.0,1.6,4.6,7.4,66.0,39.0,8.6,86.0,10.72,흐리고 눈
1235,8.7,15.8,3.9,11.9,0.0,1.6,4.7,9.0,66.5,34.0,8.3,83.0,10.66,구름많고 비
1236,5.4,11.7,-0.3,12.0,0.0,1.1,2.8,5.9,62.5,31.0,8.7,87.0,11.44,구름많음
